Ride_ID,Platform,Category,Date,Start_Time,End_Time,Duration_Min,Origin_PostCode,Dest_PostCode,Distance_Km,Client_Fare_EUR,Driver_Earnings_EUR,Duration_Calculated,Duration_Diff
R013,Uber,Uber X,2026-03-04,19:29:00,19:54:00,24.99999999999991,2785-115,2675-663,24.44,14.69,9.66,25.0,8.881784197001252e-14
R003,Bolt,Economy,2026-03-04,20:08:00,20:23:00,14.999999999999947,2675-472,1600-196,10.2,5.9,4.42,15.0,5.3290705182007514e-14
R009,Uber,Uber X,2026-03-04,16:49:00,17:12:00,23.000000000000078,2635-304,2610-244,14.49,9.93,6.87,23.0,7.815970093361102e-14
R005,Uber,Uber X,2026-03-04,14:06:00,14:30:00,23.999999999999915,2690-182,1250-096,16.6,10.96,7.99,24.0,8.526512829121202e-14
R002,Bolt,Economy,2026-03-04,19:11:00,19:36:00,25.00000000000007,1500-663,2785-816,17.2,11.66,8.92,25.0,7.105427357601002e-14
R010,Uber,Uber X Priority,2026-03-04,17:26:00,17:39:00,12.999999999999954,2720-145,2790-226,8.07,5.97,4.21,13.0,4.618527782440651e-14
R006,Uber,Uber X,2026-03-04,14:36:00,14:50:00,14.00000000000011,1070-100,1300-294,7.16,5.94,3.86,14.0,1.1013412404281553e-13
R007,Uber,Uber X,2026-03-04,14:58:00,15:11:00,12.999999999999954,1300-291,1600-159,8.61,7.69,5.08,13.0,4.618527782440651e-14
R012,Uber,Uber X,2026-03-04,18:44:00,18:57:00,12.999999999999954,2760-127,1500-288,10.56,8.96,6.53,13.0,4.618527782440651e-14
R008,Uber,Uber X,2026-03-04,16:02:00,16:27:00,24.99999999999991,1600-776,2635-535,19.36,16.54,13.22,25.0,8.881784197001252e-14
R004,Bolt,Economy,2026-03-04,20:51:00,21:05:00,13.99999999999995,1700-008,1150-200,5.6,7.18,5.38,14.0,4.973799150320701e-14
R001,Bolt,Bolt,2026-03-04,18:33:00,18:39:00,5.999999999999819,2790-022,2790-379,2.2,6.12,4.59,6.0,1.8118839761882555e-13
R011,Uber,Uber X Priority,2026-03-04,18:12:00,18:16:00,3.999999999999986,2790-114,2790-196,2.11,6.98,4.54,4.0,1.4210854715202004e-14
R029,Uber,Uber X,2026-03-05,21:18:00,21:33:00,14.999999999999947,1200-479,1700-087,9.27,5.96,4.36,15.0,5.3290705182007514e-14
R018,Bolt,Economy,2026-03-05,17:36:00,17:55:00,18.999999999999932,2620-529,1495-061,16.3,10.36,7.77,19.0,6.750155989720952e-14
R017,Bolt,Economy,2026-03-05,16:31:00,17:11:00,40.000000000000014,1300-474,2620-535,18.1,10.07,9.44,40.0,1.4210854715202004e-14
R026,Uber,Uber X,2026-03-05,14:17:00,14:36:00,18.999999999999932,2685-246,1000-042,8.58,6.96,4.76,19.0,6.750155989720952e-14
R024,Bolt,Economy,2026-03-05,20:51:00,21:05:00,13.99999999999995,1400-033,1200-109,6.5,4.5,4.13,14.0,4.973799150320701e-14
R028,Uber,Uber X Priority,2026-03-05,20:10:00,20:31:00,20.999999999999925,1600-548,1300-107,9.93,8.99,6.9,21.0,7.460698725481052e-14
R025,Bolt,Economy,2026-03-05,21:44:00,21:54:00,9.999999999999964,1700-096,1800-081,3.9,3.63,3.02,10.0,3.552713678800501e-14
R023,Bolt,Economy,2026-03-05,19:18:00,19:36:00,18.000000000000096,1500-179,1350-025,7.7,7.3,6.02,18.0,9.592326932761353e-14
R015,Bolt,Economy,2026-03-05,15:07:00,15:33:00,26.000000000000068,1100-240,1700-008,7.7,7.66,6.31,26.0,6.750155989720952e-14
R016,Bolt,Bolt,2026-03-05,15:41:00,16:14:00,33.00000000000004,1700-008,1200-482,10.9,10.9,8.98,33.0,4.263256414560601e-14
R021,Bolt,Economy,2026-03-05,18:46:00,19:02:00,16.000000000000103,1495-113,1500-231,8.7,7.9,7.41,16.0,1.0302869668521453e-13
R027,Uber,Uber X,2026-03-05,19:40:00,20:03:00,22.99999999999992,1070-11,1600-404,5.96,6.96,5.93,23.0,8.171241461241152e-14
R019,Bolt,Economy,2026-03-05,18:09:00,18:26:00,17.0000000000001,1400-127,1300-070,5.2,6.45,5.38,17.0,9.947598300641403e-14
R014,Bolt,Bolt,2026-03-05,14:46:00,14:58:00,11.999999999999957,1000-245,1250-068,2.3,4.18,3.13,12.0,4.263256414560601e-14
R020,Bolt,Economy,2026-03-05,18:30:00,18:38:00,7.999999999999972,1400-423,1400-256,3.3,6.2,4.65,8.0,2.842170943040401e-14
R022,Bolt,Economy,2026-03-05,19:07:00,19:14:00,6.999999999999975,1500-392,1500-353,1.3,3.77,4.04,7.0,2.4868995751603507e-14
R038,Bolt,Economy,2026-03-06,16:44:00,17:14:00,29.999999999999893,2744-017,1750-065,22.7,10.3,9.76,30.0,1.0658141036401503e-13
R031,Uber,Uber X,2026-03-06,15:16:00,15:34:00,17.999999999999936,1400-038,1500-313,11.92,7.94,5.16,18.0,6.394884621840902e-14
R046,Bolt,Economy,2026-03-06,22:04:00,22:19:00,15.000000000000107,1990-083,2615-043,17.1,8.55,8.02,15.0,1.0658141036401503e-13
R037,Bolt,Economy,2026-03-06,16:15:00,16:39:00,23.999999999999915,2790-218,2785-171,11.8,7.3,6.18,24.0,8.526512829121202e-14
R042,Bolt,Economy,2026-03-06,19:15:00,19:45:00,29.999999999999893,2735-472,1070-051,17.5,9.94,9.31,30.0,1.0658141036401503e-13
R033,Uber,Uber X,2026-03-06,20:08:00,20:34:00,25.999999999999908,1300-510,1885-010,14.98,10.96,8.11,26.0,9.237055564881302e-14
R043,Bolt,Economy,2026-03-06,20:45:00,21:05:00,19.99999999999993,1990-307,1070-234,11.6,6.74,6.95,20.0,7.105427357601002e-14
R036,Bolt,Economy,2026-03-06,15:43:00,15:54:00,10.999999999999961,1500-392,2790-045,6.2,5.07,3.8,11.0,3.907985046680551e-14
R041,Bolt,Economy,2026-03-06,18:45:00,19:07:00,22.00000000000008,2795-102,2635-353,16.2,10.81,10.22,22.0,8.171241461241152e-14
R040,Bolt,Economy,2026-03-06,18:17:00,18:40:00,22.99999999999992,1200-869,2795-208,10.3,6.6,7.07,23.0,8.171241461241152e-14
R034,Bolt,Economy,2026-03-06,13:25:00,13:39:00,13.99999999999995,2615-037,2625-082,6.2,5.12,4.27,14.0,4.973799150320701e-14
R035,Bolt,Economy,2026-03-06,14:56:00,15:18:00,22.00000000000008,1100-148,1400-034,7.3,6.9,5.17,22.0,8.171241461241152e-14
R044,Bolt,Economy,2026-03-06,21:07:00,21:17:00,10.000000000000124,1070-066,1700-008,6.7,6.8,5.1,10.0,1.2434497875801753e-13
R030,Uber,Share,2026-03-06,13:38:00,14:31:00,53.00000000000013,2625-005,1100-316,18.92,17.35,15.08,53.0,1.2789769243681803e-13
R032,Uber,Uber X Priority,2026-03-06,19:46:00,19:59:00,13.000000000000114,1050-020,1300-319,7.53,9.97,6.48,13.0,1.1368683772161603e-13
R045,Bolt,Bolt,2026-03-06,21:18:00,21:32:00,13.99999999999995,1700-008,1150-195,5.4,5.71,4.75,14.0,4.973799150320701e-14
R039,Bolt,Bolt,2026-03-06,17:49:00,18:13:00,23.999999999999915,1600-237,1200-786,9.5,11.18,8.38,24.0,8.526512829121202e-14
R051,Bolt,Economy,2026-03-07,14:50:00,15:22:00,32.00000000000004,1750-433,2770-136,22.1,12.28,9.31,32.0,4.263256414560601e-14
R052,Bolt,Economy,2026-03-07,15:23:00,15:50:00,27.000000000000064,2770-103,1600-404,18.8,9.39,8.6,27.0,6.394884621840902e-14
R064,Uber ,Uber X,2026-03-07,18:59:00,19:33:00,33.99999999999988,1600-820,1000-117,23.6,16.95,11.2,34.0,1.2079226507921703e-13
R063,Uber ,Uber X,2026-03-07,18:19:00,18:36:00,17.0000000000001,1750-410,2790-017,14.26,9.93,6.8,17.0,9.947598300641403e-14
R060,Uber,Uber X,2026-03-07,16:29:00,16:48:00,19.000000000000092,1600-806,1400-434,14.46,10.94,7.11,19.0,9.237055564881302e-14
R059,Bolt,Bolt,2026-03-07,22:46:00,23:10:00,24.000000000000075,1990-233,2625-683,21.1,9.9,10.6,24.0,7.460698725481052e-14
R056,Bolt,Economy,2026-03-07,20:15:00,20:32:00,17.0000000000001,1300-368,1750-218,12.2,6.9,6.33,17.0,9.947598300641403e-14
R048,Bolt,Bolt,2026-03-07,13:31:00,13:44:00,12.999999999999954,2695-599,1600-428,10.6,7.5,5.62,13.0,4.618527782440651e-14
R047,Bolt,Bolt,2026-03-07,13:06:00,13:18:00,12.000000000000117,2615-157,2690-158,9.6,5.92,5.55,12.0,1.1723955140041653e-13
R054,Bolt,Economy,2026-03-07,18:46:00,18:59:00,13.000000000000114,2790-135,1600-145,9.6,7.71,5.78,13.0,1.1368683772161603e-13
R058,Bolt,Economy,2026-03-07,22:11:00,22:21:00,9.999999999999964,1700-048,1800-142,6.0,5.03,3.77,10.0,3.552713678800501e-14
R062,Uber,Uber X,2026-03-07,17:41:00,18:00:00,18.999999999999932,1400-203,1750-010,11.45,8.96,7.22,19.0,6.750155989720952e-14
R050,Bolt,Economy,2026-03-07,14:22:00,14:40:00,17.999999999999936,1170-299,1600-622,8.2,7.48,5.61,18.0,6.394884621840902e-14
R065,Uber,Uber X Priority,2026-03-07,20:37:00,21:00:00,22.99999999999992,1750-209,1200-761,12.39,12.98,8.52,23.0,8.171241461241152e-14
R055,Bolt,Economy,2026-03-07,19:49:00,20:14:00,25.00000000000007,1150-023,1300-361,8.8,6.52,6.11,25.0,7.105427357601002e-14
R049,Bolt,Economy,2026-03-07,13:46:00,14:13:00,26.999999999999904,1750-002,1100-471,7.9,6.3,5.91,27.0,9.592326932761353e-14
R061,Uber,Uber X Priority,2026-03-07,16:54:00,17:09:00,14.999999999999947,1400-038,1200-211,6.42,7.97,5.18,15.0,5.3290705182007514e-14
R053,Bolt,Economy,2026-03-07,17:20:00,17:38:00,17.999999999999936,1200-479,1300-012,5.6,5.9,4.87,18.0,6.394884621840902e-14
R057,Bolt,Bolt,2026-03-07,21:30:00,21:45:00,14.999999999999947,1249-082,1000-009,5.7,4.9,5.06,15.0,5.3290705182007514e-14
R067,Bolt,Economy,2026-03-08,14:12:00,14:26:00,13.99999999999995,2695-687,1500-392,14.2,7.84,5.88,14.0,4.973799150320701e-14
R073,Bolt,Economy,2026-03-08,15:46:00,16:00:00,13.99999999999995,2720-468,1300-005,9.2,3.9,4.18,14.0,4.973799150320701e-14
R068,Bolt,Economy,2026-03-08,14:33:00,14:45:00,11.999999999999957,1500-392,1495-084,9.4,5.9,4.42,12.0,4.263256414560601e-14
R070,Bolt,Economy,2026-03-08,14:58:00,15:08:00,9.999999999999964,2795-102,2790-045,6.8,3.9,3.25,10.0,3.552713678800501e-14
R086,Uber,Uber X Priority,2026-03-08,19:41:00,20:18:00,37.00000000000003,2694-026,1449-003,25.57,15.91,12.36,37.0,2.842170943040401e-14
R066,Bolt,Economy,2026-03-08,13:57:00,14:10:00,13.000000000000114,2625-435,2695-689,8.1,5.3,3.97,13.0,1.1368683772161603e-13
R083,Bolt,Economy,2026-03-08,21:10:00,21:32:00,21.999999999999922,1600-404,2625-690,22.5,14.67,12.1,22.0,7.815970093361102e-14
R082,Bolt,Economy,2026-03-08,20:34:00,20:50:00,15.999999999999943,1400-001,1500-476,9.6,5.14,5.3,16.0,5.684341886080802e-14
R078,Bolt,Economy,2026-03-08,17:31:00,17:49:00,18.000000000000096,1050-195,1495-240,11.6,8.9,6.67,18.0,9.592326932761353e-14
R076,Bolt,Economy,2026-03-08,16:46:00,17:08:00,22.00000000000008,1400-105,1700-178,12.1,11.3,8.47,22.0,8.171241461241152e-14
R081,Bolt,Economy,2026-03-08,18:55:00,19:10:00,14.999999999999947,1849-033,2690-390,10.2,7.65,7.17,15.0,5.3290705182007514e-14
R084,Uber,Uber X,2026-03-08,15:13:00,15:20:00,7.000000000000135,2610-102,1495-020,4.57,3.93,3.31,7.0,1.3500311979441904e-13
R085,Uber,Uber X Priority,2026-03-08,17:48:00,18:04:00,15.999999999999943,1495-098,1200-834,7.97,6.98,5.85,16.0,5.684341886080802e-14
R079,Bolt,Economy,2026-03-08,18:14:00,18:33:00,18.999999999999932,1250-100,1500-039,10.5,10.9,8.17,19.0,6.750155989720952e-14
R080,Bolt,Economy,2026-03-08,18:35:00,18:52:00,17.0000000000001,1500-392,1990-291,6.19,6.19,5.8,17.0,9.947598300641403e-14
R072,bolt,Economy,2026-03-08,15:31:00,15:41:00,9.999999999999964,1400-157,2720-062,6.1,7.9,7.4,10.0,3.552713678800501e-14
R074,Bolt,Economy,2026-03-08,16:05:00,16:13:00,7.999999999999972,1300-344,1300-416,3.0,5.39,4.04,8.0,2.842170943040401e-14
R077,Bolt,Economy,2026-03-08,17:13:00,17:20:00,7.000000000000135,1700-141,1050-190,2.8,5.0,4.13,7.0,1.3500311979441904e-13
R069,Bolt,Economy,2026-03-08,14:48:00,14:55:00,6.999999999999975,1495-034,1495-724,1.9,4.0,3.0,7.0,2.4868995751603507e-14
R071,Bolt,Economy,2026-03-08,15:08:00,15:14:00,5.999999999999979,2790-143,2610-110,1.7,3.85,2.89,6.0,2.1316282072803006e-14
R087,Uber,Uber X Priority,2026-03-08,20:53:00,20:59:00,5.999999999999979,1500-423,1700-046,2.61,8.97,6.84,6.0,2.1316282072803006e-14
R075,Bolt,Economy,2026-03-08,16:36:00,16:40:00,3.999999999999986,1300-338,1300-085,0.8,7.32,5.49,4.0,1.4210854715202004e-14
R088,Uber,Uber X,2026-03-09,14:34:00,14:56:00,22.00000000000008,1800-399,1495-130,22.17,9.95,6.47,22.0,8.171241461241152e-14
R103,Bolt,Economy,2026-03-09,20:36:00,21:02:00,26.000000000000068,1495-682,1700-305,18.4,10.21,7.66,26.0,6.750155989720952e-14
R102,Bolt,Economy,2026-03-09,20:14:00,20:33:00,19.000000000000092,1750-137,2795-235,15.0,6.9,6.47,19.0,9.237055564881302e-14
R096,Bolt,Economy,2026-03-09,13:41:00,14:11:00,30.000000000000053,2615-276,1170-289,22.6,11.9,9.91,30.0,5.3290705182007514e-14
R089,Uber,Uber X,2026-03-09,15:28:00,15:38:00,9.999999999999964,2675-220,1500-431,7.27,4.95,3.22,10.0,3.552713678800501e-14
R098,Bolt,Economy,2026-03-09,15:06:00,15:23:00,16.99999999999994,1495-159,2675-382,14.5,8.57,6.43,17.0,6.039613253960852e-14
R095,Uber,Uber X,2026-03-09,21:37:00,21:45:00,7.999999999999972,1800-399,2695-699,6.87,4.93,3.53,8.0,2.842170943040401e-14
R090,Uber,Uber X,2026-03-09,16:57:00,17:18:00,21.000000000000085,1495-133,1600-404,13.12,10.23,7.26,21.0,8.526512829121202e-14
R093,Uber,Uber X,2026-03-09,19:01:00,19:21:00,20.00000000000009,1495-037,1675-275,12.97,8.96,7.18,20.0,8.881784197001252e-14
R099,Bolt,Economy,2026-03-09,15:55:00,16:12:00,16.99999999999994,1600-165,1990-094,8.2,6.33,4.75,17.0,6.039613253960852e-14
R100,Bolt,Economy,2026-03-09,16:14:00,16:37:00,22.99999999999992,1990-094,1070-146,10.2,9.43,7.07,23.0,8.171241461241152e-14
R091,Uber,Uber X,2026-03-09,17:33:00,18:10:00,37.00000000000003,1700-090,2730-205,16.07,14.94,11.51,37.0,2.842170943040401e-14
R097,Bolt,Economy,2026-03-09,14:19:00,14:37:00,18.000000000000096,1150-011,1800-142,7.5,6.9,5.69,18.0,9.592326932761353e-14
R094,Uber,Uber X,2026-03-09,19:30:00,19:40:00,10.000000000000124,2650-505,2675-301,5.63,5.99,4.48,10.0,1.2434497875801753e-13
R101,Bolt,Economy,2026-03-09,16:39:00,16:52:00,13.000000000000114,1070-165,2790-044,6.7,7.22,5.54,13.0,1.1368683772161603e-13
R092,Uber,Uber X,2026-03-09,18:17:00,18:28:00,10.999999999999801,2790-372,1495-028,6.27,5.36,5.21,11.0,1.9895196601282805e-13
R114,Uber,Uber X,2026-03-11,13:40:00,14:04:00,24.000000000000075,2615-080,1900-221,23.07,12.96,8.97,24.0,7.460698725481052e-14
R113,Bolt,Economy,2026-03-11,21:26:00,21:45:00,18.999999999999932,1800-399,2625-088,13.1,7.9,5.92,19.0,6.750155989720952e-14
R105,Bolt,Bolt,2026-03-11,14:45:00,15:07:00,21.999999999999922,2790-143,2775-726,20.5,12.25,9.45,22.0,7.815970093361102e-14
R112,Bolt,Economy,2026-03-11,20:55:00,21:11:00,15.999999999999943,1300-388,1800-210,13.8,9.27,6.95,16.0,5.684341886080802e-14
R115,Uber,Uber X,2026-03-11,15:59:00,16:15:00,16.000000000000103,1000-091,1300-250,8.9,6.99,4.54,16.0,1.0302869668521453e-13
R106,Bolt,Bolt,2026-03-11,15:23:00,15:52:00,29.000000000000057,2775-579,1000-158,21.7,15.3,11.65,29.0,5.684341886080802e-14
R104,Bolt,Bolt,2026-03-11,14:24:00,14:43:00,19.000000000000092,1900-180,2790-045,9.4,5.97,5.59,19.0,9.237055564881302e-14
R110,Bolt,Economy,2026-03-11,19:44:00,20:02:00,17.999999999999936,1600-141,1900-221,9.5,7.3,6.02,18.0,6.394884621840902e-14
R116,Uber,Uber X,2026-03-11,16:19:00,16:31:00,11.999999999999957,1400-203,1500-423,8.92,7.95,5.71,12.0,4.263256414560601e-14
R107,Bolt,Bolt,2026-03-11,16:59:00,17:23:00,23.999999999999915,1700-087,1300-299,7.9,5.9,5.53,24.0,8.526512829121202e-14
R120,Uber,Uber X,2026-03-11,20:17:00,20:37:00,19.99999999999993,1700-008,1300-113,13.23,13.01,9.88,20.0,7.105427357601002e-14
R119,Uber,Uber X Priority,2026-03-11,18:04:00,18:26:00,22.00000000000008,1400-005,1600-501,10.87,12.98,8.89,22.0,8.171241461241152e-14
R108,Bolt,Bolt,2026-03-11,18:57:00,19:11:00,14.00000000000011,1600-654,1500-021,5.0,5.06,4.21,14.0,1.1013412404281553e-13
R111,Bolt,Bolt,2026-03-11,20:08:00,20:15:00,6.999999999999975,1990-225,1800-246,3.8,4.03,3.7,7.0,2.4868995751603507e-14
R109,Bolt,Economy,2026-03-11,19:20:00,19:34:00,14.00000000000011,1500-392,1600-898,4.5,6.19,5.1,14.0,1.1013412404281553e-13
R117,Uber,Uber X,2026-03-11,16:39:00,16:48:00,9.000000000000128,1050-079,1600-060,3.53,4.94,4.05,9.0,1.2789769243681803e-13
R118,Uber,Uber X,2026-03-11,17:48:00,17:54:00,5.999999999999819,1300-598,1400-074,1.55,5.95,3.87,6.0,1.8118839761882555e-13
R121,Uber,Uber X,2026-03-12,13:17:00,13:41:00,23.999999999999915,2615-275,1050-016,23.68,12.93,9.62,24.0,8.526512829121202e-14
R124,Uber,Uber X,2026-03-12,15:01:00,15:14:00,12.999999999999954,1400-038,2700-794,9.96,6.94,4.51,13.0,4.618527782440651e-14
R122,Uber,Uber X,2026-03-12,14:09:00,14:28:00,18.999999999999932,2660-244,1700-115,11.26,6.96,5.11,19.0,6.750155989720952e-14
R127,Uber,Uber X,2026-03-12,21:07:00,21:20:00,12.999999999999954,1500-462,1000-168,8.38,6.97,4.56,13.0,4.618527782440651e-14
R133,Bolt,Bolt,2026-03-12,18:15:00,18:34:00,19.000000000000092,1400-034,1600-026,12.7,6.68,7.15,19.0,9.237055564881302e-14
R123,Uber,Uber X,2026-03-12,14:21:00,14:36:00,14.999999999999947,1600-404,1400-038,12.89,8.95,7.29,15.0,5.3290705182007514e-14
R128,Bolt,Economy,2026-03-12,13:49:00,14:09:00,20.00000000000009,1050-010,2660-266,12.0,9.51,7.13,20.0,8.881784197001252e-14
R129,Bolt,Economy,2026-03-12,16:34:00,16:44:00,10.000000000000124,2720-413,1400-087,5.6,4.62,3.46,10.0,1.2434497875801753e-13
R130,Bolt,Bolt,2026-03-12,17:08:00,17:22:00,13.99999999999995,1400-256,1649-034,10.5,7.2,6.75,14.0,4.973799150320701e-14
R131,Bolt,Economy,2026-03-12,17:27:00,17:40:00,13.000000000000114,1649-034,1500-462,6.3,5.72,4.29,13.0,1.1368683772161603e-13
R134,Bolt,Economy,2026-03-12,18:46:00,19:04:00,17.999999999999936,1600-197,1500-663,7.2,6.73,5.05,18.0,6.394884621840902e-14
R125,Uber,Uber X,2026-03-12,19:40:00,19:52:00,11.999999999999957,1400-204,1070-099,7.31,7.96,5.17,12.0,4.263256414560601e-14
R135,Bolt,Bolt,2026-03-12,19:13:00,19:22:00,9.000000000000128,2610-060,2790-074,4.9,3.73,3.49,9.0,1.2789769243681803e-13
R126,Uber,Uber X,2026-03-12,20:27:00,20:37:00,10.000000000000124,1050-141,1600-154,4.37,3.95,3.16,10.0,1.2434497875801753e-13
R136,Bolt,Economy,2026-03-12,19:26:00,19:35:00,8.999999999999968,2795-053,1300-607,5.4,5.29,3.97,9.0,3.197442310920451e-14
R137,Bolt,Bolt,2026-03-12,20:47:00,20:58:00,10.999999999999801,1600-867,1500-525,4.9,5.3,4.37,11.0,1.9895196601282805e-13
R132,Bolt,Bolt,2026-03-12,17:55:00,18:03:00,7.999999999999972,1500-462,1300-250,4.6,5.27,4.39,8.0,2.842170943040401e-14
R147,Bolt,Bolt,2026-03-13,17:40:00,18:09:00,28.999999999999897,2760-126,1750-065,26.8,11.84,11.54,29.0,1.0302869668521453e-13
R154,Uber,Uber X,2026-03-13,20:40:00,20:59:00,18.999999999999932,1600-207,2775-599,21.52,15.95,9.91,19.0,6.750155989720952e-14
R138,Bolt,Bolt,2026-03-13,13:11:00,13:41:00,29.999999999999893,2625-480,1000-254,23.5,14.65,10.99,30.0,1.0658141036401503e-13
R143,Bolt,Economy,2026-03-13,15:16:00,15:28:00,11.999999999999957,1495-135,2650-246,9.2,5.93,4.45,12.0,4.263256414560601e-14
R148,Bolt,Economy,2026-03-13,19:01:00,19:23:00,22.00000000000008,1750-148,1495-704,14.3,10.78,8.08,22.0,8.171241461241152e-14
R145,Bolt,Economy,2026-03-13,16:50:00,17:04:00,14.00000000000011,2700-324,2790-122,7.3,5.69,4.27,14.0,1.1013412404281553e-13
R141,Bolt,Bolt,2026-03-13,14:17:00,14:37:00,20.00000000000009,1500-111,1250-162,9.9,8.07,6.05,20.0,8.881784197001252e-14
R144,Bolt,Bolt,2026-03-13,16:20:00,16:39:00,19.000000000000092,1500-392,2700-002,8.2,5.69,5.33,19.0,9.237055564881302e-14
R156,Uber,Uber X,2026-03-13,22:04:00,22:17:00,13.000000000000114,1700-031,2685-073,6.66,5.95,4.33,13.0,1.1368683772161603e-13
R149,Bolt,Economy,2026-03-13,19:30:00,19:46:00,15.999999999999943,1495-740,1300-360,6.4,5.66,4.24,16.0,5.684341886080802e-14
R151,Bolt,Economy,2026-03-13,19:59:00,20:18:00,18.999999999999932,1300-315,1150-109,7.2,6.6,4.95,19.0,6.750155989720952e-14
R140,Bolt,Bolt,2026-03-13,14:02:00,14:13:00,10.999999999999961,1300-118,2700-587,6.0,4.47,4.19,11.0,3.907985046680551e-14
R146,Bolt,Bolt,2026-03-13,17:13:00,17:33:00,20.00000000000025,1495-061,2770-126,8.4,6.29,5.89,20.0,2.4868995751603507e-13
R153,Uber,Uber X,2026-03-13,14:49:00,15:03:00,13.99999999999995,1500-540,2790-194,6.6,5.94,4.69,14.0,4.973799150320701e-14
R139,Bolt,Economy,2026-03-13,13:42:00,14:00:00,18.000000000000096,1000-101,1300-053,6.1,6.22,4.66,18.0,9.592326932761353e-14
R152,Bolt,Economy,2026-03-13,20:23:00,20:39:00,15.999999999999943,1150-291,1600-007,3.9,4.55,3.41,16.0,5.684341886080802e-14
R155,Uber,Share,2026-03-13,21:20:00,21:53:00,33.00000000000004,2780-247,1900-271,14.73,19.24,13.3,33.0,4.263256414560601e-14
R150,Bolt,Bolt,2026-03-13,19:53:00,19:58:00,4.999999999999982,1300-663,1400-126,2.9,3.86,4.13,5.0,1.7763568394002505e-14
R142,Bolt,Bolt,2026-03-13,14:38:00,14:49:00,11.00000000000012,1050-121,1070-092,3.0,5.39,4.49,11.0,1.2079226507921703e-13
R170,Bolt,Economy,2026-03-14,20:15:00,20:40:00,25.00000000000007,1300-345,1885-051,20.0,7.88,7.39,25.0,7.105427357601002e-14
R163,Uber,Uber X,2026-03-14,21:11:00,21:26:00,15.000000000000107,1800-237,2625-388,13.76,8.94,5.81,15.0,1.0658141036401503e-13
R164,Bolt,Bolt,2026-03-14,12:48:00,13:14:00,25.999999999999908,2625-081,2675-281,19.4,9.66,9.05,26.0,9.237055564881302e-14
R169,Bolt,Economy,2026-03-14,17:19:00,17:45:00,26.000000000000068,2785-541,1200-831,20.5,12.67,10.58,26.0,6.750155989720952e-14
R168,Bolt,Bolt,2026-03-14,16:44:00,17:07:00,22.99999999999992,1400-422,2775-261,17.9,9.89,9.44,23.0,8.171241461241152e-14
R160,Uber,Uber X,2026-03-14,17:50:00,18:11:00,21.000000000000085,1350-210,1990-204,11.83,9.93,6.96,21.0,8.526512829121202e-14
R165,Bolt,Bolt,2026-03-14,14:39:00,15:02:00,22.99999999999992,1900-010,1300-190,10.5,8.83,7.36,23.0,8.171241461241152e-14
R161,Uber,Uber X,2026-03-14,19:13:00,19:36:00,23.000000000000238,1700-008,1350-270,13.13,14.0,9.62,23.0,2.3803181647963356e-13
R162,Uber,Uber X Priority,2026-03-14,19:49:00,19:59:00,10.000000000000124,1070-111,1300-201,6.27,6.99,4.6,10.0,1.2434497875801753e-13
R157,Uber,Uber X,2026-03-14,14:16:00,14:27:00,10.999999999999961,1600-760,1000-074,5.18,4.96,4.12,11.0,3.907985046680551e-14
R159,Uber,Uber X,2026-03-14,16:17:00,16:27:00,9.999999999999964,1350-349,1400-197,4.82,4.95,3.87,10.0,3.552713678800501e-14
R167,Bolt,Economy,2026-03-14,15:54:00,16:13:00,18.999999999999932,1050-019,1200-678,4.2,5.9,4.42,19.0,6.750155989720952e-14
R158,Uber,Uber X,2026-03-14,15:07:00,15:20:00,13.000000000000114,1300-501,1200-450,3.37,4.93,3.57,13.0,1.1368683772161603e-13
R166,Bolt,Economy,2026-03-14,15:37:00,15:51:00,13.99999999999995,1200-735,1050-019,5.0,7.47,5.6,14.0,4.973799150320701e-14
R177,Bolt,Bolt,2026-03-15,16:10:00,16:32:00,22.00000000000008,1400-206,2700-034,17.4,6.43,6.88,22.0,8.171241461241152e-14
R183,Uber ,Uber X,2026-03-15,15:07:00,15:19:00,11.999999999999957,2675-670,1500-423,11.3,6.95,4.54,12.0,4.263256414560601e-14
R189,Uber,Uber X,2026-03-15,20:25:00,20:51:00,25.999999999999908,2790-065,2615-279,29.96,16.94,12.45,26.0,9.237055564881302e-14
R171,Bolt,Bolt,2026-03-15,13:23:00,13:46:00,23.000000000000078,2615-081,2620-266,22.5,10.63,9.97,23.0,7.815970093361102e-14
R188,Uber ,Uber X,2026-03-15,20:03:00,20:20:00,16.99999999999994,1700-008,2790-065,13.85,8.96,6.31,17.0,6.039613253960852e-14
R185,Uber,Uber X,2026-03-15,18:08:00,18:21:00,13.000000000000114,1500-374,1400-038,9.6,7.96,5.17,13.0,1.1368683772161603e-13
R172,Bolt,Economy,2026-03-15,14:06:00,14:22:00,15.999999999999943,2620-295,1500-650,8.0,5.81,4.36,16.0,5.684341886080802e-14
R175,Bolt,Economy,2026-03-15,15:36:00,15:50:00,13.99999999999995,1600-202,1300-352,7.6,5.87,4.4,14.0,4.973799150320701e-14
R178,Bolt,Economy,2026-03-15,17:13:00,17:24:00,11.00000000000012,2700-111,2610-122,5.2,4.43,3.32,11.0,1.2079226507921703e-13
R181,Bolt,Economy,2026-03-15,18:56:00,19:16:00,19.99999999999993,1300-004,1700-097,11.1,9.56,7.17,20.0,7.105427357601002e-14
R173,Bolt,Bolt,2026-03-15,14:24:00,14:38:00,13.99999999999995,1500-392,1700-008,6.3,5.52,4.14,14.0,4.973799150320701e-14
R182,Bolt,Bolt,2026-03-15,19:50:00,20:02:00,12.000000000000117,1500-259,1700-354,7.6,6.84,5.13,12.0,1.1723955140041653e-13
R187,Uber,Uber X,2026-03-15,19:29:00,19:38:00,8.999999999999968,1700-062,1500-487,5.92,4.95,4.06,9.0,3.197442310920451e-14
R179,Bolt,Bolt,2026-03-15,17:27:00,17:38:00,10.999999999999961,2610-139,1500-098,5.6,4.7,3.91,11.0,3.907985046680551e-14
R186,Uber,Uber X Priority,2026-03-15,18:22:00,18:30:00,7.999999999999972,1400-128,1495-156,6.4,7.05,4.59,8.0,2.842170943040401e-14
R174,Bolt,Bolt,2026-03-15,14:38:00,14:53:00,15.000000000000107,1700-008,2620-188,10.3,10.2,7.65,15.0,1.0658141036401503e-13
R176,Bolt,Economy,2026-03-15,15:51:00,16:07:00,16.000000000000103,1300-501,1400-038,5.2,5.24,3.93,16.0,1.0302869668521453e-13
R180,Bolt,Bolt,2026-03-15,18:45:00,18:56:00,10.999999999999961,1495-234,1300-571,4.8,5.37,4.03,11.0,3.907985046680551e-14
R184,Uber,Uber X,2026-03-15,17:57:00,18:02:00,5.000000000000142,1500-392,1500-501,1.62,4.95,3.38,5.0,1.4210854715202004e-13
R203,Bolt,Economy,2026-03-16,21:17:00,21:43:00,25.999999999999748,1070-295,2625-590,24.4,12.87,9.65,26.0,2.5224267119483557e-13
R195,Uber,Uber X,2026-03-16,20:05:00,20:22:00,17.0000000000001,2785-820,2720-145,17.8,12.16,7.47,17.0,9.947598300641403e-14
R197,Bolt,Economy,2026-03-16,13:26:00,13:46:00,20.00000000000009,2615-272,1700-008,18.7,10.64,7.98,20.0,8.881784197001252e-14
R199,Bolt,Economy,2026-03-16,14:09:00,14:29:00,19.99999999999993,1300-064,1600-428,9.4,6.24,4.68,20.0,7.105427357601002e-14
R198,Bolt,Bolt,2026-03-16,13:46:00,14:04:00,17.999999999999936,1700-008,1300-661,14.6,8.13,8.71,18.0,6.394884621840902e-14
R201,Bolt,Bolt,2026-03-16,16:19:00,16:41:00,21.999999999999922,1400-072,2775-604,12.0,8.04,7.54,22.0,7.815970093361102e-14
R200,Bolt,Economy,2026-03-16,14:47:00,15:05:00,17.999999999999936,1500-392,1050-094,6.7,5.36,4.47,18.0,6.394884621840902e-14
R202,Bolt,Economy,2026-03-16,16:47:00,17:01:00,13.99999999999979,2775-581,2765-281,6.3,5.23,4.31,14.0,2.0961010704922955e-13
R192,Uber,Uber X,2026-03-16,15:57:00,16:08:00,10.999999999999961,1350-352,1400-038,4.94,4.95,3.57,11.0,3.907985046680551e-14
R196,Uber,Uber X,2026-03-16,20:31:00,20:41:00,10.000000000000124,1500-114,1350-074,5.65,4.93,4.23,10.0,1.2434497875801753e-13
R194,Uber,Share,2026-03-16,18:46:00,19:42:00,55.99999999999996,1600-233,2785-746,24.47,21.88,19.85,56.0,4.263256414560601e-14
R190,Uber ,Uber X Priority,2026-03-16,14:28:00,14:34:00,5.999999999999979,1600-686,1500-313,4.16,4.97,3.94,6.0,2.1316282072803006e-14
R191,Uber ,Uber X,2026-03-16,15:34:00,15:53:00,18.999999999999932,1000-092,1200-808,3.94,4.93,3.88,19.0,6.750155989720952e-14
R193,Uber,Share,2026-03-16,17:02:00,18:14:00,72.00000000000006,2765-202,1500-313,16.35,30.98,23.75,72.0,5.684341886080802e-14
R204,Bolt,Economy,2026-03-17,13:56:00,14:14:00,17.999999999999936,2615-171,1700-008,17.4,9.89,7.42,18.0,6.394884621840902e-14
R221,Uber,Uber X,2026-03-17,21:11:00,21:29:00,18.000000000000096,1800-254,2625-102,15.29,8.94,6.98,18.0,9.592326932761353e-14
R207,Bolt,Economy,2026-03-17,15:45:00,16:04:00,18.999999999999932,1349-019,2790-077,8.8,6.2,4.65,19.0,6.750155989720952e-14
R219,Uber,Uber X,2026-03-17,20:12:00,20:27:00,14.999999999999947,2675-454,1500-359,7.67,5.96,4.19,15.0,5.3290705182007514e-14
R220,Uber,Uber X,2026-03-17,20:43:00,21:05:00,22.00000000000008,1500-392,1885-006,13.28,8.93,7.51,22.0,8.171241461241152e-14
R206,Bolt,Economy,2026-03-17,15:04:00,15:24:00,20.00000000000009,1150-300,1349-001,7.6,5.93,4.45,20.0,8.881784197001252e-14
R208,Bolt,Bolt,2026-03-17,16:19:00,16:31:00,11.999999999999957,2610-156,1495-235,8.9,4.44,5.23,12.0,4.263256414560601e-14
R214,Bolt,Economy,2026-03-17,19:52:00,20:10:00,17.999999999999936,1495-061,2675-283,12.8,11.43,8.57,18.0,6.394884621840902e-14
R210,Bolt,Economy,2026-03-17,17:20:00,17:37:00,17.0000000000001,2720-413,2795-198,8.0,8.36,6.27,17.0,9.947598300641403e-14
R211,Bolt,Bolt,2026-03-17,17:39:00,17:52:00,13.000000000000114,2795-155,2760-082,6.7,6.09,6.52,13.0,1.1368683772161603e-13
R205,Bolt,Bolt,2026-03-17,14:22:00,14:49:00,27.000000000000064,1700-008,1150-280,7.8,9.4,7.6,27.0,6.394884621840902e-14
R218,Uber,Uber X,2026-03-17,19:04:00,19:18:00,14.00000000000011,2770-183,1495-719,7.79,7.97,7.73,14.0,1.1013412404281553e-13
R209,Bolt,Bolt,2026-03-17,17:01:00,17:14:00,13.000000000000114,1495-133,2720-413,5.8,8.83,7.36,13.0,1.1368683772161603e-13
R212,Bolt,Bolt,2026-03-17,17:57:00,18:12:00,14.999999999999947,2760-047,2780-006,4.9,9.02,6.76,15.0,5.3290705182007514e-14
R216,Uber ,Uber X Priority,2026-03-17,16:31:00,16:41:00,9.999999999999964,1400-146,2790-101,4.59,7.99,6.35,10.0,3.552713678800501e-14
R213,Bolt,Bolt,2026-03-17,19:33:00,19:44:00,11.00000000000012,1495-765,2790-135,3.7,5.2,5.36,11.0,1.2079226507921703e-13
R217,Uber,Uber X,2026-03-17,18:48:00,18:59:00,11.00000000000012,2780-267,2770-197,5.5,9.95,8.2,11.0,1.2079226507921703e-13
R215,Uber,Uber X,2026-03-17,15:24:00,15:29:00,4.999999999999822,1300-344,1300-167,1.96,4.97,3.67,5.0,1.7763568394002505e-13
R239,Uber,Uber X,2026-03-18,20:56:00,21:11:00,14.999999999999947,2795-047,1600-190,12.4,5.93,4.91,15.0,5.3290705182007514e-14
R231,Uber,Uber X,2026-03-18,13:55:00,14:07:00,12.000000000000117,2675-275,1700-008,11.37,6.95,4.52,12.0,1.1723955140041653e-13
R233,Uber,Uber X,2026-03-18,15:54:00,16:06:00,12.000000000000117,2795-104,2740-081,8.89,5.94,3.66,12.0,1.1723955140041653e-13
R223,Bolt,Economy,2026-03-18,13:39:00,13:55:00,15.999999999999943,2690-342,2675-281,15.8,9.56,7.17,16.0,5.684341886080802e-14
R236,Uber,Uber X,2026-03-18,19:09:00,19:28:00,18.999999999999932,2785-688,1349-017,18.05,11.95,8.52,19.0,6.750155989720952e-14
R222,Bolt,Economy,2026-03-18,13:25:00,13:38:00,12.999999999999954,2615-155,2690-589,9.4,6.16,4.62,13.0,4.618527782440651e-14
R238,Uber ,Uber X,2026-03-18,20:19:00,20:39:00,19.99999999999993,1800-399,2795-164,17.46,11.96,8.77,20.0,7.105427357601002e-14
R232,Uber,Uber X,2026-03-18,14:36:00,14:51:00,15.000000000000107,1700-284,1300-496,10.08,7.94,5.16,15.0,1.0658141036401503e-13
R224,Bolt,Bolt,2026-03-18,15:01:00,15:14:00,12.999999999999954,1300-663,2780-114,13.1,7.38,7.02,13.0,4.618527782440651e-14
R226,Bolt,Bolt,2026-03-18,16:15:00,16:33:00,17.999999999999936,2740-267,1250-212,15.6,8.61,8.95,18.0,6.394884621840902e-14
R225,Bolt,Bolt,2026-03-18,15:17:00,15:34:00,17.0000000000001,2780-373,1495-135,10.9,6.58,6.27,17.0,9.947598300641403e-14
R240,Uber,Uber X Priority,2026-03-18,21:26:00,21:37:00,10.999999999999961,1600-209,1900-233,8.25,5.98,4.79,11.0,3.907985046680551e-14
R234,Uber ,Uber X,2026-03-18,16:56:00,17:12:00,15.999999999999943,1495-129,1600-404,12.26,10.95,7.45,16.0,5.684341886080802e-14
R237,Uber ,Uber X,2026-03-18,19:51:00,20:10:00,18.999999999999932,1300-651,1990-233,11.39,10.94,7.11,19.0,6.750155989720952e-14
R227,Bolt,Bolt,2026-03-18,16:37:00,16:56:00,19.000000000000092,1099-039,1495-038,10.1,8.14,6.78,19.0,9.237055564881302e-14
R229,Bolt,Bolt,2026-03-18,18:44:00,19:06:00,22.00000000000008,2795-126,2775-725,13.3,9.34,8.93,22.0,8.171241461241152e-14
R228,Bolt,Bolt,2026-03-18,17:23:00,17:46:00,22.99999999999992,1600-404,1500-537,7.3,5.08,5.44,23.0,8.171241461241152e-14
R235,Uber,Uber X,2026-03-18,18:24:00,18:35:00,10.999999999999961,2610-017,2795-084,5.65,5.55,5.4,11.0,3.907985046680551e-14
R230,Bolt,Bolt,2026-03-18,19:40:00,19:50:00,9.999999999999805,1300-306,1250-133,4.7,6.87,5.15,10.0,1.9539925233402755e-13
R249,Bolt,Bolt,2026-03-19,15:33:00,15:55:00,21.999999999999922,1750-137,2790-494,17.7,9.5,7.91,22.0,7.815970093361102e-14
R244,Uber,Uber X,2026-03-19,16:19:00,16:41:00,21.999999999999922,1400-038,1050-055,13.89,10.93,7.1,22.0,7.815970093361102e-14
R241,Uber,Uber X,2026-03-19,14:01:00,14:30:00,28.999999999999897,2615-044,2685-093,15.27,10.95,8.07,29.0,1.0302869668521453e-13
R247,Uber,Uber X,2026-03-19,20:24:00,20:35:00,10.999999999999961,1500-374,1800-224,8.21,5.95,5.28,11.0,3.907985046680551e-14
R248,Uber,Uber X Priority,2026-03-19,20:47:00,20:56:00,8.999999999999968,1800-399,2685-338,5.21,4.99,3.93,9.0,3.197442310920451e-14
R246,Uber,Uber X Priority,2026-03-19,20:04:00,20:19:00,14.999999999999947,1300-192,1500-392,8.6,6.99,6.55,15.0,5.3290705182007514e-14
R243,Uber,Uber X,2026-03-19,16:09:00,16:16:00,6.999999999999975,2790-471,1400-038,5.01,4.94,3.83,7.0,2.4868995751603507e-14
R251,Bolt,Bolt,2026-03-19,17:26:00,17:47:00,21.000000000000085,1495-744,1070-034,11.5,10.21,9.57,21.0,8.526512829121202e-14
R250,Bolt,Bolt,2026-03-19,16:55:00,17:17:00,22.00000000000008,1050-196,2795-166,10.9,13.85,10.64,22.0,8.171241461241152e-14
R242,Uber,Uber X Priority,2026-03-19,16:01:00,16:08:00,6.999999999999975,2790-372,2790-126,4.1,5.98,4.23,7.0,2.4868995751603507e-14
R252,Bolt,Economy,2026-03-19,19:22:00,19:47:00,25.00000000000007,1050-161,1400-212,8.9,13.08,10.79,25.0,7.105427357601002e-14
R254,Bolt,Bolt,2026-03-19,21:07:00,21:23:00,15.999999999999943,1700-008,2680-048,7.0,8.0,9.43,16.0,5.684341886080802e-14
R253,Bolt,Bolt,2026-03-19,19:51:00,19:59:00,7.999999999999972,1400-028,1300-236,2.8,5.18,4.86,8.0,2.842170943040401e-14
R245,Uber,Uber X,2026-03-19,17:49:00,17:57:00,7.999999999999972,1600-079,1050-054,1.24,9.94,6.79,8.0,2.842170943040401e-14
R256,Bolt,Economy,2026-03-20,13:47:00,14:15:00,28.00000000000006,2625-045,1900-032,18.7,11.4,8.55,28.0,6.039613253960852e-14
R261,Bolt,Economy,2026-03-20,18:31:00,18:56:00,25.00000000000007,2785-728,1495-024,14.6,10.19,7.64,25.0,7.105427357601002e-14
R270,Uber,Share,2026-03-20,20:52:00,21:13:00,20.999999999999925,2724-510,1800-029,13.66,7.9,7.64,21.0,7.460698725481052e-14
R264,Bolt,Economy,2026-03-20,20:46:00,20:56:00,10.000000000000124,1269-133,2610-087,8.2,6.62,4.96,10.0,1.2434497875801753e-13
R266,Uber,Uber X,2026-03-20,15:14:00,15:39:00,25.00000000000007,1000-158,1400-031,11.37,7.1,6.89,25.0,7.105427357601002e-14
R265,Bolt,Economy,2026-03-20,21:31:00,21:56:00,25.00000000000007,1800-142,2625-026,11.6,9.64,7.23,25.0,7.105427357601002e-14
R255,Bolt,Economy,2026-03-20,14:26:00,14:48:00,22.00000000000008,1900-088,1300-598,11.0,9.34,7.0,22.0,8.171241461241152e-14
R257,Bolt,Bolt,2026-03-20,14:48:00,15:11:00,22.99999999999992,1300-300,1050-010,9.2,8.81,6.61,23.0,8.171241461241152e-14
R262,Bolt,Economy,2026-03-20,19:25:00,19:37:00,11.999999999999957,2790-001,2785-798,9.6,9.19,7.07,12.0,4.263256414560601e-14
R263,Bolt,Bolt,2026-03-20,19:52:00,20:22:00,29.999999999999893,2785-811,1150-313,20.7,17.82,16.88,30.0,1.0658141036401503e-13
R260,Bolt,Bolt,2026-03-20,17:22:00,17:57:00,35.000000000000036,2610-152,2785-548,19.1,16.56,15.7,35.0,3.552713678800501e-14
R269,Uber,Uber X Priority,2026-03-20,19:03:00,19:14:00,10.999999999999961,1495-149,2790-304,6.02,5.99,5.31,11.0,3.907985046680551e-14
R259,Bolt,Economy,2026-03-20,16:24:00,16:41:00,17.0000000000001,1300-426,2790-206,7.0,10.61,7.96,17.0,9.947598300641403e-14
R267,Uber,Uber X,2026-03-20,16:43:00,16:52:00,9.000000000000128,2799-554,1300-146,5.14,6.93,6.35,9.0,1.2789769243681803e-13
R268,Uber,Uber X,2026-03-20,16:59:00,17:12:00,12.999999999999954,1400-038,2610-024,5.04,8.93,7.27,13.0,4.618527782440651e-14
R258,Bolt,Bolt,2026-03-20,16:13:00,16:17:00,4.000000000000146,1300-408,1300-343,1.4,4.86,4.56,4.0,1.4566126083082054e-13
R281,Uber,Uber X,2026-03-21,18:29:00,18:49:00,19.99999999999993,2770-009,1675-017,19.69,13.93,8.34,20.0,7.105427357601002e-14
R274,Uber,Uber X,2026-03-21,14:10:00,14:25:00,14.999999999999947,1495-159,2775-236,15.25,10.94,6.66,15.0,5.3290705182007514e-14
R271,Uber,Uber X,2026-03-21,12:38:00,13:02:00,23.999999999999915,2625-450,1600-532,20.56,12.95,9.27,24.0,8.526512829121202e-14
R277,Uber ,Uber X,2026-03-21,16:05:00,16:29:00,24.000000000000075,1300-086,1500-313,13.29,9.94,6.46,24.0,7.460698725481052e-14
R286,Bolt,Economy,2026-03-21,13:35:00,13:49:00,13.99999999999995,1600-404,1300-610,9.1,6.11,4.58,14.0,4.973799150320701e-14
R282,Uber,Uber X,2026-03-21,19:02:00,19:30:00,27.9999999999999,2650-505,1170-359,14.25,9.94,7.53,28.0,9.947598300641403e-14
R288,Bolt,Bolt,2026-03-21,15:08:00,15:35:00,27.000000000000064,2740-024,1250-162,16.9,11.96,9.32,27.0,6.394884621840902e-14
R280,Uber,Uber X,2026-03-21,18:06:00,18:25:00,18.999999999999932,1300-040,2770-062,11.7,7.94,6.49,19.0,6.750155989720952e-14
R275,Uber,Uber X Priority,2026-03-21,14:34:00,14:44:00,9.999999999999964,2775-605,2770-219,7.53,6.98,4.24,10.0,3.552713678800501e-14
R284,Uber ,Uber X,2026-03-21,20:40:00,20:57:00,16.99999999999994,1495-724,1000-078,13.43,10.93,7.97,17.0,6.039613253960852e-14
R285,Uber ,Uber X,2026-03-21,21:03:00,21:19:00,15.999999999999943,1000-270,1998-011,8.67,7.93,5.15,16.0,5.684341886080802e-14
R283,Uber,Uber X,2026-03-21,19:57:00,20:13:00,15.999999999999943,1750-020,1495-724,13.7,12.95,8.42,16.0,5.684341886080802e-14
R279,Uber,Uber X,2026-03-21,17:28:00,17:40:00,12.000000000000117,1600-152,1300-141,6.64,6.95,4.52,12.0,1.1723955140041653e-13
R276,Uber,Uber X,2026-03-21,15:32:00,15:49:00,16.99999999999994,1070-100,1300-085,8.18,8.96,5.82,17.0,6.039613253960852e-14
R273,Uber,Uber X Priority,2026-03-21,13:54:00,14:07:00,12.999999999999954,1300-342,1495-138,6.95,7.98,5.19,13.0,4.618527782440651e-14
R289,Bolt,Economy,2026-03-21,19:36:00,19:55:00,18.999999999999932,1170-353,1700-106,6.4,6.61,4.96,19.0,6.750155989720952e-14
R278,Uber,Uber X,2026-03-21,17:11:00,17:17:00,6.0000000000001386,1600-038,1500-039,2.45,4.95,3.7,6.0,1.3855583347321954e-13
R272,Uber,Uber X,2026-03-21,13:23:00,13:29:00,5.999999999999979,1600-297,1600-411,2.22,4.95,3.38,6.0,2.1316282072803006e-14
R287,Bolt,Economy,2026-03-21,14:57:00,15:01:00,3.999999999999986,2770-219,2740-051,1.5,3.85,3.18,4.0,1.4210854715202004e-14
R290,Bolt,Economy,2026-03-22,13:49:00,14:11:00,22.00000000000008,2625-226,1500-235,20.4,10.8,8.1,22.0,8.171241461241152e-14
R298,Bolt,Economy,2026-03-22,21:03:00,21:19:00,15.999999999999943,1800-142,2615-171,17.4,9.64,7.23,16.0,5.684341886080802e-14
R294,Bolt,Bolt,2026-03-22,19:04:00,19:25:00,21.000000000000085,1300-120,2675-474,21.0,8.41,9.01,21.0,8.526512829121202e-14
R291,Bolt,Economy,2026-03-22,14:15:00,14:27:00,11.999999999999957,1500-179,1300-493,9.5,5.96,4.47,12.0,4.263256414560601e-14
R302,Uber,Uber X,2026-03-22,15:58:00,16:29:00,31.00000000000005,1700-008,2775-551,29.2,23.71,14.27,31.0,4.973799150320701e-14
R297,Bolt,Bolt,2026-03-22,20:27:00,20:50:00,22.99999999999992,2780-005,1900-176,24.1,15.71,11.88,23.0,8.171241461241152e-14
R293,Bolt,Bolt,2026-03-22,17:02:00,17:42:00,39.99999999999986,2775-604,1200-101,20.9,11.39,10.68,40.0,1.4210854715202004e-13
R300,Uber,Uber X,2026-03-22,14:55:00,15:09:00,13.99999999999995,1500-050,1700-008,8.59,6.94,4.79,14.0,4.973799150320701e-14
R299,Uber ,Uber X,2026-03-22,14:28:00,14:41:00,13.000000000000114,1350-210,1500-313,9.13,7.94,5.16,13.0,1.1368683772161603e-13
R304,Uber,Uber X,2026-03-22,18:09:00,18:26:00,17.0000000000001,1070-067,1300-598,8.61,6.95,4.89,17.0,9.947598300641403e-14
R296,Bolt,Bolt,2026-03-22,20:01:00,20:23:00,22.00000000000008,1700-008,2780-032,22.0,17.51,13.23,22.0,8.171241461241152e-14
R295,Bolt,Economy,2026-03-22,19:50:00,20:00:00,10.000000000000124,1750-293,1700-008,4.6,4.05,3.04,10.0,1.2434497875801753e-13
R301,Uber,Uber X Priority,2026-03-22,15:35:00,15:49:00,13.99999999999995,1050-090,1700-008,7.08,7.97,5.22,14.0,4.973799150320701e-14
R292,Bolt,Bolt,2026-03-22,15:16:00,15:34:00,17.999999999999936,1700-008,1000-090,5.9,5.76,5.4,18.0,6.394884621840902e-14
R303,Uber,Uber X,2026-03-22,17:51:00,18:02:00,11.00000000000012,1100-240,1600-042,4.88,6.95,5.58,11.0,1.2079226507921703e-13
R310,Uber,Uber X,2026-03-23,19:25:00,19:36:00,11.00000000000012,2610-008,1500-284,8.19,4.95,3.36,11.0,1.2079226507921703e-13
R309,Uber,Uber X,2026-03-23,19:06:00,19:25:00,18.999999999999932,2770-102,2610-061,13.99,8.94,5.92,19.0,6.750155989720952e-14
R305,Uber ,Uber X,2026-03-23,13:00:00,13:22:00,22.00000000000008,2625-435,1885-010,13.03,7.95,5.69,22.0,8.171241461241152e-14
R316,Uber ,Uber X,2026-03-23,21:26:00,21:41:00,14.999999999999947,2685-228,2625-121,12.88,7.96,5.82,15.0,5.3290705182007514e-14
R315,Uber,Uber X,2026-03-23,21:17:00,21:27:00,9.999999999999805,1900-303,1800-233,6.35,4.95,3.22,10.0,1.9539925233402755e-13
R311,Uber,Uber X,2026-03-23,19:32:00,19:46:00,13.99999999999979,1500-307,2730-1990,10.53,8.11,5.67,14.0,2.0961010704922955e-13
R318,Bolt,Economy,2026-03-23,17:20:00,17:44:00,24.000000000000075,2730-271,2755-547,18.6,14.4,11.2,24.0,7.460698725481052e-14
R306,Uber ,Uber X,2026-03-23,15:33:00,16:03:00,30.000000000000053,1100-044,1700-008,10.2,8.93,6.65,30.0,5.3290705182007514e-14
R313,Uber,Uber X,2026-03-23,20:42:00,20:57:00,15.000000000000107,1200-243,1070-037,4.91,3.93,3.22,15.0,1.0658141036401503e-13
R312,Uber,Uber X,2026-03-23,20:13:00,20:32:00,19.000000000000252,1495-724,1200-243,9.88,6.95,6.52,19.0,2.5224267119483557e-13
R319,Bolt,Bolt,2026-03-23,18:34:00,18:51:00,17.0000000000001,2765-530,2770-169,9.1,6.44,6.04,17.0,9.947598300641403e-14
R307,Uber,Uber X,2026-03-23,16:10:00,16:44:00,34.00000000000004,1700-008,2730-316,18.4,17.95,12.67,34.0,4.263256414560601e-14
R308,Uber,Uber X,2026-03-23,18:08:00,18:26:00,18.000000000000096,2755-030,2765-582,7.38,6.95,5.38,18.0,9.592326932761353e-14
R314,Uber ,Uber X Priority,2026-03-23,21:03:00,21:14:00,11.00000000000012,1099-032,1900-004,4.67,4.99,3.68,11.0,1.2079226507921703e-13
R317,Bolt,Bolt,2026-03-23,14:58:00,15:30:00,32.00000000000004,1990-357,1200-359,12.3,11.95,9.86,32.0,4.263256414560601e-14
R320,Uber,Uber X,2026-03-24,14:18:00,14:41:00,23.000000000000078,1990-150,1500-004,17.09,8.95,6.18,23.0,7.815970093361102e-14
R327,Bolt,Bolt,2026-03-24,14:58:00,15:13:00,14.999999999999947,1500-064,1750-105,9.4,5.55,4.9,15.0,5.3290705182007514e-14
R328,Bolt,Economy,2026-03-24,16:11:00,16:39:00,27.9999999999999,1800-393,2790-045,14.0,9.77,7.33,28.0,9.947598300641403e-14
R323,Uber,Uber X,2026-03-24,17:35:00,17:58:00,22.99999999999992,1400-203,2770-117,12.98,8.96,7.16,23.0,8.171241461241152e-14
R329,Bolt,Economy,2026-03-24,19:31:00,19:56:00,25.00000000000007,1495-117,1050-060,11.1,8.2,6.15,25.0,7.105427357601002e-14
R326,Uber ,Uber X,2026-03-24,19:08:00,19:23:00,15.000000000000107,1600-190,1495-611,10.26,8.96,6.53,15.0,1.0658141036401503e-13
R325,Uber,Uber X,2026-03-24,18:36:00,18:59:00,23.000000000000078,2795-021,1600-277,10.72,7.96,7.51,23.0,7.815970093361102e-14
R322,Uber ,Uber X,2026-03-24,17:09:00,17:24:00,15.000000000000107,2610-194,1400-031,6.81,5.94,4.84,15.0,1.0658141036401503e-13
R324,Uber,Uber X Priority,2026-03-24,18:15:00,18:28:00,12.999999999999954,2770-117,1495-724,7.48,6.98,5.54,13.0,4.618527782440651e-14
R321,Uber ,Uber X,2026-03-24,15:44:00,15:59:00,14.999999999999947,1700-008,1800-004,2.9,6.93,5.11,15.0,5.3290705182007514e-14
R340,Uber,Uber X,2026-03-26,16:03:00,16:25:00,21.999999999999922,2770-102,1500-423,17.65,10.94,7.19,22.0,7.815970093361102e-14
R331,Bolt,Economy,2026-03-26,15:12:00,15:28:00,16.000000000000103,1300-044,2790-154,10.5,6.72,5.04,16.0,1.0302869668521453e-13
R339,Uber ,Uber X,2026-03-26,14:37:00,14:53:00,15.999999999999943,1600-464,1300-312,11.56,6.94,5.73,16.0,5.684341886080802e-14
R342,Uber,Uber X,2026-03-26,20:14:00,20:31:00,16.99999999999994,1495-055,2780-200,9.49,5.98,5.1,17.0,6.039613253960852e-14
R335,Bolt,Economy,2026-03-26,19:16:00,19:38:00,22.00000000000008,1400-191,1600-654,11.4,7.61,6.28,22.0,8.171241461241152e-14
R333,Bolt,Bolt,2026-03-26,16:40:00,17:02:00,21.999999999999922,1600-880,1300-102,10.6,5.65,6.05,22.0,7.815970093361102e-14
R332,Bolt,Economy,2026-03-26,15:45:00,16:04:00,18.999999999999932,2790-027,2770-103,11.2,8.68,6.51,19.0,6.750155989720952e-14
R337,Bolt,Bolt,2026-03-26,19:58:00,20:16:00,18.000000000000096,1700-008,1495-094,14.2,8.67,9.97,18.0,9.592326932761353e-14
R341,Uber,Uber X,2026-03-26,17:42:00,18:19:00,37.00000000000003,1700-008,1300-314,16.03,18.95,11.63,37.0,2.842170943040401e-14
R334,Bolt,Bolt,2026-03-26,17:05:00,17:41:00,36.00000000000019,1300-245,1700-008,12.1,12.03,9.02,36.0,1.9184653865522705e-13
R330,Bolt,Bolt,2026-03-26,14:19:00,14:34:00,14.999999999999947,1990-233,1700-075,4.9,3.9,4.18,15.0,5.3290705182007514e-14
R336,Bolt,Bolt,2026-03-26,19:41:00,19:53:00,11.999999999999957,1600-658,1700-066,5.1,5.63,4.64,12.0,4.263256414560601e-14
R338,Uber ,Uber X,2026-03-26,14:05:00,14:13:00,7.999999999999972,2685-233,1990-094,2.8,3.95,2.93,8.0,2.842170943040401e-14
R343,Uber ,Uber X,2026-03-27,12:03:00,12:37:00,34.00000000000004,1250-015,2710-507,27.99,15.93,10.58,34.0,4.263256414560601e-14
R344,Uber,Uber X,2026-03-27,12:45:00,13:03:00,18.000000000000096,2710-553,2720-698,19.04,11.95,7.77,18.0,9.592326932761353e-14
R356,Bolt,Economy,2026-03-27,19:21:00,19:49:00,27.9999999999999,2775-665,1050-078,21.5,10.23,10.55,28.0,9.947598300641403e-14
R351,Bolt,Economy,2026-03-27,15:13:00,15:45:00,32.00000000000004,1300-481,1700-008,12.9,9.59,7.19,32.0,4.263256414560601e-14
R345,Uber,Uber X Priority,2026-03-27,13:08:00,13:27:00,19.000000000000092,2720-705,1700-008,10.69,8.98,5.98,19.0,9.237055564881302e-14
R357,Bolt,Economy,2026-03-27,19:58:00,20:25:00,27.000000000000224,1070-210,2625-177,22.1,16.49,13.02,27.0,2.2382096176443156e-13
R350,Bolt,Bolt,2026-03-27,14:52:00,15:07:00,14.999999999999947,1070-029,1300-006,8.1,4.49,4.81,15.0,5.3290705182007514e-14
R355,Bolt,Economy,2026-03-27,17:58:00,18:15:00,17.0000000000001,1500-392,2795-176,9.6,7.85,6.48,17.0,9.947598300641403e-14
R353,Bolt,Economy,2026-03-27,16:30:00,17:00:00,30.000000000000053,1250-098,1300-201,7.2,7.15,5.36,30.0,5.3290705182007514e-14
R346,Uber,Uber X,2026-03-27,14:00:00,14:27:00,26.999999999999904,1700-008,1070-051,9.94,10.99,8.04,27.0,9.592326932761353e-14
R348,Uber,Uber X Priority,2026-03-27,18:21:00,18:37:00,15.999999999999943,2790-041,2780-285,9.22,9.98,7.66,16.0,5.684341886080802e-14
R354,Bolt,Bolt,2026-03-27,17:39:00,17:48:00,9.000000000000128,1600-198,1500-392,4.3,4.9,3.67,9.0,1.2789769243681803e-13
R349,Uber,Uber X,2026-03-27,20:39:00,20:47:00,8.000000000000131,2625-022,2615-399,3.72,4.94,3.42,8.0,1.3145040611561853e-13
R352,Bolt,Bolt,2026-03-27,15:54:00,16:27:00,33.00000000000004,1700-008,1269-133,8.6,8.55,8.23,33.0,4.263256414560601e-14
R347,Uber,Uber X Priority,2026-03-27,17:13:00,17:28:00,15.000000000000107,1300-011,1500-075,7.66,11.98,8.52,15.0,1.0658141036401503e-13
R358,Bolt,Economy,2026-03-28,13:28:00,14:04:00,36.00000000000003,1800-142,2645-213,39.5,19.51,16.37,36.0,2.842170943040401e-14
R363,Uber,Uber X,2026-03-28,13:04:00,13:21:00,17.0000000000001,2615-043,1990-094,17.77,10.94,7.39,17.0,9.947598300641403e-14
R362,Bolt,Economy,2026-03-28,21:07:00,21:28:00,20.999999999999925,1750-336,2625-393,17.6,10.13,7.6,21.0,7.460698725481052e-14
R364,Uber ,Uber X,2026-03-28,17:59:00,18:30:00,31.00000000000005,1150-218,1400-086,14.72,11.97,7.81,31.0,4.973799150320701e-14
R360,Bolt,Economy,2026-03-28,20:01:00,20:16:00,15.000000000000107,1950-006,1500-430,9.2,6.24,5.15,15.0,1.0658141036401503e-13
R359,Bolt,Economy,2026-03-28,19:16:00,19:31:00,15.000000000000107,1100-594,1950-006,5.5,5.48,4.11,15.0,1.0658141036401503e-13
R361,Bolt,Bolt,2026-03-28,20:20:00,20:30:00,9.999999999999964,1500-039,1700-051,4.4,3.64,3.41,10.0,3.552713678800501e-14
R365,Uber,Uber X,2026-03-28,18:34:00,19:03:00,29.000000000000057,1400-038,1100-487,8.23,8.95,7.14,29.0,5.684341886080802e-14
R369,Uber ,Uber X,2026-03-29,20:56:00,21:12:00,15.999999999999943,1990-079,2625-221,13.29,8.95,6.22,16.0,5.684341886080802e-14
R368,Uber,Uber X,2026-03-29,18:08:00,18:31:00,22.99999999999992,1300-102,1990-233,15.23,10.94,7.95,23.0,8.171241461241152e-14
R366,Uber,Uber X,2026-03-29,15:04:00,15:31:00,27.000000000000064,1700-008,1200-086,12.6,11.06,8.31,27.0,6.394884621840902e-14
R370,Bolt,Bolt,2026-03-29,14:34:00,14:59:00,25.00000000000007,1269-127,1700-305,8.9,10.0,7.5,25.0,7.105427357601002e-14
R367,Uber,Uber X,2026-03-29,15:44:00,16:06:00,22.00000000000008,1250-207,1700-008,7.62,8.94,7.74,22.0,8.171241461241152e-14
R371,Bolt,Bolt,2026-03-29,17:42:00,17:55:00,13.000000000000114,1250-069,1300-501,3.9,5.63,4.22,13.0,1.1368683772161603e-13
R372,Bolt,Bolt,2026-03-29,17:57:00,18:04:00,6.999999999999975,1300-374,1300-265,2.8,4.05,3.04,7.0,2.4868995751603507e-14
R374,Bolt,Economy,2026-03-30,14:31:00,14:50:00,18.999999999999932,2720-249,1950-171,11.8,6.34,4.75,19.0,6.750155989720952e-14
R378,Uber,Uber X,2026-03-30,13:04:00,13:20:00,16.000000000000103,2615-034,2695-752,11.82,6.94,4.85,16.0,1.0302869668521453e-13
R389,Uber,Uber X Priority,2026-03-30,21:15:00,21:32:00,17.0000000000001,1990-079,2625-666,15.14,9.99,7.0,17.0,9.947598300641403e-14
R387,Uber,Uber X,2026-03-30,20:26:00,20:42:00,15.999999999999943,2790-045,1700-008,12.65,6.93,6.3,16.0,5.684341886080802e-14
R381,Uber ,Uber X,2026-03-30,15:42:00,16:06:00,24.000000000000075,1300-469,1700-008,14.93,11.94,7.76,24.0,7.460698725481052e-14
R376,Bolt,Bolt,2026-03-30,17:30:00,17:57:00,27.000000000000064,1750-312,2780-272,19.7,11.94,11.29,27.0,6.394884621840902e-14
R373,Bolt,Bolt,2026-03-30,14:20:00,14:31:00,11.00000000000012,1600-209,2720-154,5.7,3.52,3.3,11.0,1.2079226507921703e-13
R377,Bolt,Bolt,2026-03-30,19:05:00,19:16:00,10.999999999999961,2780-187,2795-049,9.2,5.68,5.92,11.0,3.907985046680551e-14
R384,Uber,Uber X,2026-03-30,18:21:00,18:34:00,12.999999999999954,2775-271,2770-219,8.11,6.94,5.31,13.0,4.618527782440651e-14
R380,Uber ,Uber X,2026-03-30,15:12:00,15:37:00,25.00000000000007,1700-008,1300-403,16.2,15.0,11.06,25.0,7.105427357601002e-14
R382,Uber,Uber X,2026-03-30,16:50:00,17:09:00,18.999999999999932,1990-094,1600-490,8.48,7.96,6.04,19.0,6.750155989720952e-14
R386,Uber,Uber X,2026-03-30,19:41:00,19:58:00,16.99999999999994,1250-019,1400-295,7.22,6.95,5.21,17.0,6.039613253960852e-14
R385,Uber,Uber X,2026-03-30,19:17:00,19:36:00,19.000000000000092,1495-050,1200-790,8.54,7.94,6.49,19.0,9.237055564881302e-14
R383,Uber ,Uber X,2026-03-30,17:58:00,18:13:00,15.000000000000107,2740-244,1775-204,6.58,6.15,5.97,15.0,1.0658141036401503e-13
R379,Uber,Uber X,2026-03-30,13:42:00,13:55:00,12.999999999999954,1700-008,1600-001,7.55,9.0,7.11,13.0,4.618527782440651e-14
R375,Bolt,Bolt,2026-03-30,14:52:00,15:02:00,9.999999999999964,1950-034,1700-008,2.9,3.96,3.63,10.0,3.552713678800501e-14
R388,Uber ,Share,2026-03-30,20:54:00,20:58:00,3.999999999999986,1700-008,1800-100,2.35,5.91,4.5,4.0,1.4210854715202004e-14
R390,Uber ,Uber X,2026-03-31,13:35:00,13:57:00,21.999999999999922,1800-178,2799-557,18.09,9.96,6.82,22.0,7.815970093361102e-14
R408,Bolt,Economy,2026-03-31,16:22:00,16:43:00,20.999999999999925,1495-140,1700-106,12.9,8.63,6.47,21.0,7.460698725481052e-14
R406,Bolt,Economy,2026-03-31,13:21:00,13:35:00,13.99999999999995,2625-266,1800-379,11.0,7.39,5.54,14.0,4.973799150320701e-14
R410,Bolt,Economy,2026-03-31,19:03:00,19:21:00,17.999999999999936,1300-578,1750-428,13.9,9.63,7.22,18.0,6.394884621840902e-14
R391,Uber,Uber X Priority,2026-03-31,14:01:00,14:13:00,11.999999999999957,2795-113,1070-076,9.31,6.98,5.07,12.0,4.263256414560601e-14
R404,Uber,Uber X,2026-03-31,21:46:00,22:04:00,17.999999999999936,1990-079,2615-034,18.31,11.95,10.06,18.0,6.394884621840902e-14
R394,Uber ,Uber X,2026-03-31,15:44:00,15:54:00,9.999999999999964,2610-042,1495-089,6.2,4.93,3.44,10.0,3.552713678800501e-14
R401,Uber,Uber X,2026-03-31,20:14:00,20:25:00,11.00000000000012,1495-144,1300-611,8.0,6.94,4.51,11.0,1.2079226507921703e-13
R393,Uber,Uber X Priority,2026-03-31,15:27:00,15:39:00,12.000000000000117,1600-793,2610-135,7.94,5.98,4.79,12.0,1.1723955140041653e-13
R395,Uber ,Uber X,2026-03-31,17:20:00,17:33:00,13.000000000000114,1050-010,1400-364,7.93,6.96,4.86,13.0,1.1368683772161603e-13
R403,Uber,Uber X,2026-03-31,21:01:00,21:16:00,14.999999999999947,1600-023,1990-094,8.41,5.94,5.22,15.0,5.3290705182007514e-14
R397,Uber,Uber X,2026-03-31,18:07:00,18:22:00,15.000000000000107,1500-650,1400-903,8.21,7.95,5.17,15.0,1.0658141036401503e-13
R405,Bolt,Bolt,2026-03-31,13:04:00,13:15:00,11.00000000000012,2625-400,2690-224,5.9,4.24,3.74,11.0,1.2079226507921703e-13
R400,Uber,Uber X Priority,2026-03-31,19:58:00,20:10:00,12.000000000000117,1500-620,1495-049,7.57,7.98,6.03,12.0,1.1723955140041653e-13
R399,Uber ,Uber X,2026-03-31,19:38:00,19:54:00,15.999999999999943,1750-126,1500-420,7.53,7.79,6.05,16.0,5.684341886080802e-14
R407,Bolt,Bolt,2026-03-31,15:03:00,15:17:00,13.99999999999995,1700-008,1600-237,6.5,6.0,5.5,14.0,4.973799150320701e-14
R402,Uber,Uber X Priority,2026-03-31,20:40:00,20:50:00,9.999999999999805,1300-501,1099-031,5.47,5.97,4.63,10.0,1.9539925233402755e-13
R409,Bolt,Bolt,2026-03-31,16:46:00,17:02:00,16.000000000000103,1700-076,1070-157,5.4,4.73,4.87,16.0,1.0302869668521453e-13
R396,Uber,Uber X,2026-03-31,17:35:00,17:51:00,16.000000000000103,1300-340,1500-313,8.64,11.95,9.13,16.0,1.0302869668521453e-13
R392,Uber,Uber X,2026-03-31,14:34:00,14:51:00,17.0000000000001,1500-561,1700-008,5.56,8.47,5.96,17.0,9.947598300641403e-14
R398,Uber,Uber X,2026-03-31,19:23:00,19:30:00,6.999999999999975,1750-045,1750-143,2.7,3.95,3.38,7.0,2.4868995751603507e-14
R417,Uber,Uber X,2026-04-07,20:13:00,20:34:00,21.000000000000085,2780-101,1500-050,19.42,10.94,7.45,21.0,8.526512829121202e-14
R411,Uber ,Uber X,2026-04-07,12:55:00,13:14:00,18.999999999999932,2690-496,1050-194,16.96,10.93,7.21,19.0,6.750155989720952e-14
R416,Uber,Uber X,2026-04-07,19:41:00,19:59:00,18.000000000000096,1250-161,2780-089,18.02,12.65,8.04,18.0,9.592326932761353e-14
R427,Bolt,Economy,2026-04-07,15:52:00,16:09:00,16.99999999999994,1495-109,2770-106,8.5,5.62,4.21,17.0,6.039613253960852e-14
R429,Bolt,Economy,2026-04-07,16:40:00,16:57:00,16.99999999999978,1495-135,2620-193,15.0,10.09,7.57,17.0,2.2026824808563106e-13
R419,Uber,Uber X,2026-04-07,21:08:00,21:26:00,18.000000000000096,1885-086,2625-393,12.95,7.93,6.56,18.0,9.592326932761353e-14
R428,Bolt,Economy,2026-04-07,16:12:00,16:28:00,15.999999999999943,2770-044,2790-236,11.5,7.33,6.05,16.0,5.684341886080802e-14
R420,Bolt,Bolt,2026-04-07,13:30:00,13:50:00,20.00000000000009,1000-111,2790-115,11.0,6.49,6.08,20.0,8.881784197001252e-14
R413,Uber,Uber X,2026-04-07,15:18:00,15:28:00,9.999999999999964,1750-441,1500-392,5.78,4.94,3.25,10.0,3.552713678800501e-14
R430,Bolt,Economy,2026-04-07,17:11:00,17:27:00,15.999999999999943,2620-505,1600-209,8.8,6.78,5.08,16.0,5.684341886080802e-14
R425,Bolt,Economy,2026-04-07,14:53:00,15:05:00,11.999999999999957,1300-329,1750-294,9.6,7.45,5.59,12.0,4.263256414560601e-14
R418,Uber,Uber X,2026-04-07,20:37:00,20:51:00,13.99999999999995,1500-532,1700-175,7.26,5.96,4.61,14.0,4.973799150320701e-14
R431,Bolt,Economy,2026-04-07,18:14:00,18:28:00,13.99999999999979,1070-103,2795-059,8.2,7.0,5.25,14.0,2.0961010704922955e-13
R426,Bolt,Bolt,2026-04-07,15:38:00,15:47:00,8.999999999999968,1500-105,1495-131,6.7,4.44,4.58,9.0,3.197442310920451e-14
R412,Uber,Uber X,2026-04-07,14:21:00,14:32:00,10.999999999999961,2610-102,1300-001,6.22,5.94,4.36,11.0,3.907985046680551e-14
R433,Bolt,Bolt,2026-04-07,18:49:00,19:24:00,34.99999999999987,1400-145,1099-039,13.6,10.6,9.94,35.0,1.2789769243681803e-13
R421,Bolt,Economy,2026-04-07,13:53:00,14:02:00,9.000000000000128,2790-209,1400-074,5.0,4.54,3.75,9.0,1.2789769243681803e-13
R414,Uber,Uber X,2026-04-07,17:27:00,17:51:00,24.000000000000075,1500-650,1200-667,8.34,9.98,7.93,24.0,7.460698725481052e-14
R423,Bolt,Bolt,2026-04-07,14:10:00,14:18:00,7.999999999999972,1495-143,2790-045,3.4,3.96,3.3,8.0,2.842170943040401e-14
R432,Bolt,Bolt,2026-04-07,18:35:00,18:44:00,9.000000000000128,1495-148,1400-206,3.6,6.95,6.52,9.0,1.2789769243681803e-13
R422,Bolt,Bolt,2026-04-07,14:04:00,14:09:00,4.999999999999982,1400-009,1495-137,1.6,4.0,4.29,5.0,1.7763568394002505e-14
R415,Uber ,Uber X Priority,2026-04-07,17:58:00,18:03:00,5.000000000000142,1200-618,1250-111,1.41,5.97,4.03,5.0,1.4210854715202004e-13
R424,Bolt,Economy,2026-04-07,14:44:00,14:48:00,4.000000000000146,1300-360,1300-342,0.6,4.24,3.18,4.0,1.4566126083082054e-13
R443,Uber ,Uber X,2026-04-08,19:10:00,19:28:00,17.999999999999776,1750-226,1885-001,12.12,6.95,5.1,18.0,2.2382096176443156e-13
R445,Uber,Uber X,2026-04-08,20:25:00,20:43:00,17.999999999999776,1495-130,1700-008,14.31,8.93,6.2,18.0,2.2382096176443156e-13
R438,Uber,Uber X Priority,2026-04-08,12:49:00,13:05:00,16.000000000000103,2615-034,2685-066,17.96,11.98,7.79,16.0,1.0302869668521453e-13
R437,Bolt,Economy,2026-04-08,18:08:00,18:40:00,32.00000000000004,2750-030,2700-405,27.9,16.26,12.49,32.0,4.263256414560601e-14
R441,Uber ,Uber X,2026-04-08,16:18:00,17:06:00,47.999999999999986,1100-044,2754-529,31.44,24.54,15.24,48.0,1.4210854715202004e-14
R444,Uber,Uber X,2026-04-08,19:37:00,19:54:00,16.99999999999994,1700-008,1495-190,13.76,12.99,7.75,17.0,6.039613253960852e-14
R434,Bolt,Bolt,2026-04-08,13:13:00,13:29:00,15.999999999999943,2695-458,1600-083,11.7,7.22,6.77,16.0,5.684341886080802e-14
R439,Uber ,Uber X Priority,2026-04-08,13:33:00,13:41:00,7.999999999999972,1700-074,2685-252,5.72,4.97,4.05,8.0,2.842170943040401e-14
R435,Bolt,Bolt,2026-04-08,14:59:00,15:32:00,33.00000000000004,1250-001,1700-305,8.9,8.88,7.33,33.0,4.263256414560601e-14
R440,Uber ,Uber X,2026-04-08,14:12:00,14:39:00,27.000000000000064,1700-008,1200-358,10.06,11.89,8.62,27.0,6.394884621840902e-14
R442,Uber,Share,2026-04-08,18:36:00,19:05:00,28.999999999999897,2700-405,1750-226,11.82,12.57,11.0,29.0,1.0302869668521453e-13
R446,Uber,Uber X,2026-04-08,20:51:00,21:10:00,19.000000000000092,1700-008,1600-209,6.18,8.41,6.56,19.0,9.237055564881302e-14
R436,Bolt,Bolt,2026-04-08,15:42:00,16:17:00,35.000000000000036,1700-008,1200-287,8.8,12.07,10.04,35.0,3.552713678800501e-14
R452,Uber,Uber X,2026-04-09,21:34:00,21:50:00,15.999999999999943,1990-094,2615-279,18.33,10.94,7.18,16.0,5.684341886080802e-14
R453,Bolt,Bolt,2026-04-09,13:02:00,13:27:00,25.00000000000007,2615-377,1600-639,24.1,12.02,11.26,25.0,7.105427357601002e-14
R448,Uber,Uber X,2026-04-09,14:59:00,15:17:00,17.999999999999936,1400-203,1749-016,10.94,8.96,5.82,18.0,6.394884621840902e-14
R454,Bolt,Economy,2026-04-09,13:30:00,13:46:00,16.000000000000103,1675-118,1300-233,9.9,7.5,5.62,16.0,1.0302869668521453e-13
R455,Bolt,Economy,2026-04-09,13:46:00,14:09:00,22.99999999999992,1300-083,1700-174,13.2,10.26,8.46,23.0,8.171241461241152e-14
R451,Uber ,Uber X,2026-04-09,16:33:00,16:55:00,22.00000000000008,1500-024,1300-343,10.94,8.22,7.65,22.0,8.171241461241152e-14
R449,Uber,Uber X,2026-04-09,15:22:00,15:38:00,15.999999999999943,1600-100,1990-233,8.07,6.02,5.84,16.0,5.684341886080802e-14
R447,Uber ,Uber X,2026-04-09,14:25:00,14:43:00,18.000000000000096,1700-036,1400-315,12.35,13.93,9.05,18.0,9.592326932761353e-14
R456,Bolt,Bolt,2026-04-09,15:53:00,16:16:00,22.99999999999992,1990-291,1050-000,9.4,7.41,6.94,23.0,8.171241461241152e-14
R459,Bolt,Economy,2026-04-09,19:24:00,19:50:00,26.000000000000068,1900-008,1300-464,11.6,12.24,9.18,26.0,6.750155989720952e-14
R461,Bolt,Economy,2026-04-09,20:12:00,20:25:00,13.000000000000114,1500-392,1600-206,5.1,5.83,4.37,13.0,1.1368683772161603e-13
R462,Bolt,Economy,2026-04-09,20:40:00,21:02:00,22.00000000000008,1600-207,1885-066,8.8,10.66,7.99,22.0,8.171241461241152e-14
R460,Bolt,Economy,2026-04-09,19:56:00,20:10:00,13.99999999999995,1300-171,1500-392,7.8,6.63,7.1,14.0,4.973799150320701e-14
R458,Bolt,Economy,2026-04-09,17:40:00,18:00:00,19.99999999999993,1500-392,1400-256,10.1,12.02,9.26,20.0,7.105427357601002e-14
R457,Bolt,Economy,2026-04-09,17:16:00,17:38:00,21.999999999999922,1300-369,1500-392,8.5,10.43,7.82,22.0,7.815970093361102e-14
R450,Uber,Uber X Priority,2026-04-09,16:17:00,16:30:00,12.999999999999954,1050-251,1600-675,5.47,12.97,8.78,13.0,4.618527782440651e-14
R465,Uber,Uber X,2026-04-10,13:30:00,13:51:00,20.999999999999925,2615-216,1950-200,21.78,11.94,8.26,21.0,7.460698725481052e-14
R473,Uber,Uber X,2026-04-10,20:18:00,21:03:00,45.0,1200-346,2690-470,19.57,13.93,9.17,45.0,0.0
R470,Uber,Share,2026-04-10,16:27:00,17:09:00,41.99999999999985,2750-775,1200-803,28.51,17.35,15.35,42.0,1.4921397450962104e-13
R463,Bolt,Economy,2026-04-10,13:58:00,14:13:00,14.999999999999947,1950-213,1100-501,7.3,5.28,3.96,15.0,5.3290705182007514e-14
R468,Uber,Uber X Priority,2026-04-10,15:18:00,15:54:00,35.99999999999987,1100-202,2750-644,29.8,20.97,17.5,36.0,1.2789769243681803e-13
R471,Uber,Uber X,2026-04-10,18:30:00,19:00:00,29.999999999999893,1800-000,1500-050,11.79,8.94,7.22,30.0,1.0658141036401503e-13
R472,Uber ,Uber X,2026-04-10,19:06:00,19:28:00,21.999999999999762,1500-418,1200-617,11.46,7.93,7.23,22.0,2.3803181647963356e-13
R466,Uber,Uber X,2026-04-10,14:16:00,14:41:00,25.00000000000007,1100-150,1990-094,9.05,6.94,6.36,25.0,7.105427357601002e-14
R467,Uber,Uber X,2026-04-10,14:46:00,15:14:00,27.9999999999999,1990-223,1100-026,9.17,9.95,8.29,28.0,9.947598300641403e-14
R464,Bolt,Bolt,2026-04-10,17:27:00,17:58:00,30.99999999999989,1200-817,1800-294,9.6,11.14,9.19,31.0,1.1013412404281553e-13
R469,Uber,Uber X,2026-04-10,16:19:00,16:27:00,7.999999999999972,2750-374,2750-318,3.46,3.95,3.38,8.0,2.842170943040401e-14
R491,Bolt,Bolt,2026-04-11,17:17:00,17:45:00,27.9999999999999,1800-182,1200-869,19.8,9.96,7.47,28.0,9.947598300641403e-14
R484,Uber,Uber X,2026-04-11,21:43:00,21:59:00,16.000000000000263,1990-079,2615-034,17.74,10.93,7.1,16.0,2.6290081223123707e-13
R485,Bolt,Bolt,2026-04-11,08:28:00,08:54:00,25.999999999999986,2615-216,1300-299,29.8,16.64,12.48,26.0,1.4210854715202004e-14
R488,Bolt,Economy,2026-04-11,12:35:00,12:51:00,15.999999999999943,2795-113,1649-021,9.9,6.23,4.67,16.0,5.684341886080802e-14
R481,Uber,Uber X,2026-04-11,16:26:00,16:48:00,22.00000000000008,1300-086,1700-008,14.66,8.95,7.28,22.0,8.171241461241152e-14
R477,Uber ,Uber X,2026-04-11,11:54:00,12:07:00,12.999999999999954,1070-061,1300-192,8.36,5.96,4.25,13.0,4.618527782440651e-14
R492,Bolt,Economy,2026-04-11,18:19:00,18:38:00,19.000000000000092,1900-097,1900-254,8.3,6.42,4.81,19.0,9.237055564881302e-14
R474,Uber,Uber X,2026-04-11,08:52:00,08:59:00,6.999999999999895,1300-256,1649-026,5.76,4.95,3.51,7.0,1.0480505352461478e-13
R482,Uber,Uber X,2026-04-11,17:49:00,18:06:00,17.0000000000001,1350-353,1900-004,8.11,6.95,5.39,17.0,9.947598300641403e-14
R487,Bolt,Economy,2026-04-11,12:13:00,12:25:00,11.999999999999957,1300-669,1495-014,5.6,4.75,3.92,12.0,4.263256414560601e-14
R490,Bolt,Economy,2026-04-11,15:11:00,15:23:00,11.999999999999957,1200-066,1400-206,6.3,5.97,4.48,12.0,4.263256414560601e-14
R483,Uber ,Uber X,2026-04-11,18:36:00,18:46:00,9.999999999999964,1990-097,2685-119,5.41,5.94,3.86,10.0,3.552713678800501e-14
R479,Uber,Uber X,2026-04-11,15:24:00,15:42:00,17.999999999999936,1400-038,1100-148,7.47,7.94,5.34,18.0,6.394884621840902e-14
R475,Uber,Uber X,2026-04-11,09:08:00,09:16:00,8.000000000000052,1700-172,1990-233,6.23,5.99,4.48,8.0,5.1514348342607263e-14
R489,Bolt,Economy,2026-04-11,14:14:00,14:32:00,17.999999999999936,1100-556,1800-142,8.5,7.7,6.35,18.0,6.394884621840902e-14
R478,Uber,Uber X Priority,2026-04-11,14:32:00,15:04:00,32.00000000000004,1800-399,1200-177,11.84,10.98,9.06,32.0,4.263256414560601e-14
R480,Uber,Uber X,2026-04-11,15:47:00,16:12:00,24.99999999999991,1100-318,1300-085,6.98,7.95,6.19,25.0,8.881784197001252e-14
R486,Bolt,Bolt,2026-04-11,11:28:00,11:45:00,16.99999999999994,1000-290,1250-187,3.8,5.82,4.36,17.0,6.039613253960852e-14
R476,Uber,Uber X,2026-04-11,11:44:00,11:52:00,8.000000000000052,1250-187,1050-016,2.44,4.94,3.3,8.0,5.1514348342607263e-14
R502,Uber,Uber X,2026-04-12,21:12:00,21:48:00,36.00000000000003,1200-291,2600-420,35.73,20.94,13.61,36.0,2.842170943040401e-14
R493,Bolt,Economy,2026-04-12,09:20:00,09:47:00,26.999999999999986,2625-174,1150-131,19.1,10.87,8.15,27.0,1.4210854715202004e-14
R500,Uber ,Uber X,2026-04-12,18:04:00,18:44:00,40.000000000000014,2766-901,1700-008,30.55,21.96,13.23,40.0,1.4210854715202004e-14
R496,Bolt,Economy,2026-04-12,19:28:00,19:51:00,23.000000000000238,1950-119,1495-057,16.2,9.44,7.08,23.0,2.3803181647963356e-13
R499,Uber ,Uber X,2026-04-12,15:02:00,15:27:00,24.99999999999991,1200-450,1990-094,16.36,11.95,7.77,25.0,8.881784197001252e-14
R501,Uber,Uber X,2026-04-12,19:51:00,20:08:00,16.99999999999994,1495-030,1000-135,11.05,8.93,5.8,17.0,6.039613253960852e-14
R497,Uber,Uber X,2026-04-12,09:53:00,10:05:00,12.000000000000037,1050-189,1700-008,5.69,6.93,4.5,12.0,3.730349362740526e-14
R495,Bolt,Bolt,2026-04-12,13:44:00,14:05:00,21.000000000000085,1700-008,1150-085,8.1,8.21,6.77,21.0,8.526512829121202e-14
R498,Uber ,Uber X,2026-04-12,12:53:00,13:20:00,27.000000000000064,1100-044,1700-008,11.91,15.95,10.94,27.0,6.394884621840902e-14
R494,Bolt,Economy,2026-04-12,09:50:00,10:02:00,11.999999999999957,1170-371,1050-252,4.9,6.55,4.91,12.0,4.263256414560601e-14
R517,Bolt,Economy,2026-04-13,20:54:00,21:18:00,24.000000000000234,1070-178,2625-264,21.6,11.93,8.95,24.0,2.3447910280083306e-13
R513,Bolt,Economy,2026-04-13,13:32:00,13:55:00,22.99999999999992,2625-395,1800-075,16.6,10.45,7.84,23.0,8.171241461241152e-14
R506,Uber,Uber X,2026-04-13,16:04:00,16:28:00,23.999999999999915,2790-484,1990-233,16.41,9.95,7.98,24.0,8.526512829121202e-14
R511,Uber,Uber X,2026-04-13,19:31:00,19:52:00,21.000000000000085,1495-135,1700-163,11.68,8.96,6.35,21.0,8.526512829121202e-14
R514,Bolt,Economy,2026-04-13,17:46:00,18:03:00,17.0000000000001,1070-103,1495-050,9.0,6.61,5.46,17.0,9.947598300641403e-14
R515,Bolt,Economy,2026-04-13,18:11:00,18:35:00,23.999999999999915,1495-050,1000-211,14.0,11.5,8.62,24.0,8.526512829121202e-14
R504,Uber,Share,2026-04-13,14:58:00,15:28:00,30.000000000000053,1600-638,1300-012,11.0,9.3,7.46,30.0,5.3290705182007514e-14
R505,Uber ,Uber X Priority,2026-04-13,15:36:00,15:45:00,8.999999999999968,1300-296,2790-256,5.43,4.99,3.76,9.0,3.197442310920451e-14
R510,Uber,Uber X,2026-04-13,18:58:00,19:10:00,12.000000000000117,1350-049,1495-012,6.4,5.93,4.46,12.0,1.1723955140041653e-13
R509,Uber,Uber X Priority,2026-04-13,18:30:00,18:48:00,17.999999999999936,1000-066,1350-353,6.93,6.98,5.31,18.0,6.394884621840902e-14
R503,Uber,Uber X Priority,2026-04-13,14:40:00,14:50:00,10.000000000000124,1700-090,1600-067,4.58,4.97,3.67,10.0,1.2434497875801753e-13
R507,Uber,Uber X Priority,2026-04-13,16:32:00,16:55:00,22.99999999999992,1990-083,1549-023,9.07,9.98,7.31,23.0,8.171241461241152e-14
R512,Uber,Uber X Priority,2026-04-13,20:32:00,20:41:00,8.999999999999968,1500-204,1050-103,5.04,4.97,4.16,9.0,3.197442310920451e-14
R516,Bolt,Bolt,2026-04-13,20:19:00,20:28:00,8.999999999999968,1700-039,1500-021,3.8,3.87,3.63,9.0,3.197442310920451e-14
R508,Uber,Uber X,2026-04-13,17:19:00,17:35:00,15.999999999999943,1500-374,1050-016,5.29,6.95,5.09,16.0,5.684341886080802e-14
R535,Uber,Uber X,2026-04-14,20:58:00,21:20:00,22.00000000000008,1050-195,2625-113,19.32,11.93,7.77,22.0,8.171241461241152e-14
R524,Uber,Uber X,2026-04-14,13:00:00,13:19:00,19.000000000000092,2625-457,1750-341,21.84,13.96,9.07,19.0,9.237055564881302e-14
R526,Uber,Uber X,2026-04-14,14:50:00,15:01:00,10.999999999999961,1600-464,1500-615,5.33,3.95,3.07,11.0,3.907985046680551e-14
R518,Bolt,Economy,2026-04-14,13:39:00,13:51:00,11.999999999999957,1750-144,1500-552,5.7,4.58,3.43,12.0,4.263256414560601e-14
R522,Bolt,Bolt,2026-04-14,16:38:00,16:56:00,18.000000000000096,1300-560,1600-064,8.0,5.69,5.33,18.0,9.592326932761353e-14
R519,Bolt,Bolt,2026-04-14,14:13:00,14:29:00,15.999999999999943,1500-235,1000-361,6.6,5.88,4.41,16.0,5.684341886080802e-14
R531,Uber ,Uber X,2026-04-14,17:17:00,17:33:00,15.999999999999943,1500-264,1750-430,9.43,9.64,6.45,16.0,5.684341886080802e-14
R527,Uber,Uber X,2026-04-14,15:18:00,15:25:00,6.999999999999815,1500-615,1700-090,3.9,3.94,3.02,7.0,1.8474111129762605e-13
R534,Uber,Uber X,2026-04-14,20:36:00,20:51:00,14.999999999999947,1100-200,1050-124,4.72,4.94,4.02,15.0,5.3290705182007514e-14
R523,Bolt,Economy,2026-04-14,17:00:00,17:17:00,17.0000000000001,1600-064,1500-155,4.8,5.56,4.17,17.0,9.947598300641403e-14
R529,Uber ,Uber X,2026-04-14,15:53:00,16:07:00,14.00000000000011,1050-008,1300-299,5.5,7.93,5.15,14.0,1.1013412404281553e-13
R533,Uber,Uber X,2026-04-14,19:21:00,19:49:00,27.9999999999999,1700-008,1200-040,9.67,10.95,9.36,28.0,9.947598300641403e-14
R532,Uber,Uber X,2026-04-14,18:51:00,19:06:00,14.999999999999947,1600-528,1700-008,5.59,6.95,6.1,15.0,5.3290705182007514e-14
R525,Uber,Uber X,2026-04-14,14:28:00,14:34:00,5.999999999999979,1000-223,1700-112,2.45,3.93,2.93,6.0,2.1316282072803006e-14
R530,Uber,Uber X,2026-04-14,16:14:00,16:20:00,5.999999999999819,1300-307,1300-011,2.77,4.98,3.57,6.0,1.8118839761882555e-13
R528,Uber,Uber X Priority,2026-04-14,15:30:00,15:36:00,5.999999999999979,1600-214,1500-556,2.49,4.99,3.67,6.0,2.1316282072803006e-14
R520,Bolt,Economy,2026-04-14,14:47:00,14:50:00,2.9999999999999893,1700-035,1700-097,1.2,3.85,2.89,3.0,1.0658141036401503e-14
R521,Bolt,Economy,2026-04-14,15:42:00,15:44:00,1.999999999999993,1070-034,1070-230,1.1,3.85,2.89,2.0,7.105427357601002e-15
R536,Uber ,Uber X,2026-04-15,13:02:00,13:26:00,24.000000000000075,2614-034,1069-413,25.15,16.96,11.02,24.0,7.460698725481052e-14
R548,Bolt,Economy,2026-04-15,13:37:00,13:58:00,21.000000000000085,1050-020,2745-804,15.8,8.61,7.11,21.0,8.526512829121202e-14
R549,Bolt,Bolt,2026-04-15,14:01:00,14:33:00,32.00000000000004,2745-822,1900-044,20.4,11.61,9.67,32.0,4.263256414560601e-14
R544,Uber,Uber X,2026-04-15,20:05:00,20:20:00,15.000000000000107,2790-481,1050-102,9.8,6.96,5.33,15.0,1.0658141036401503e-13
R547,Uber ,Uber X,2026-04-15,21:21:00,21:35:00,13.99999999999979,1800-399,2625-179,11.74,7.94,6.47,14.0,2.0961010704922955e-13
R543,Uber,Uber X,2026-04-15,19:41:00,19:53:00,11.999999999999957,1050-020,1495-156,10.4,7.95,5.78,12.0,4.263256414560601e-14
R550,Bolt,Economy,2026-04-15,15:05:00,15:25:00,19.99999999999993,1700-176,2660-322,10.4,8.17,6.13,20.0,7.105427357601002e-14
R546,Uber,Uber X,2026-04-15,20:37:00,20:47:00,9.999999999999964,1500-501,1700-371,5.53,4.94,3.36,10.0,3.552713678800501e-14
R554,Bolt,Economy,2026-04-15,19:06:00,19:22:00,15.999999999999943,1070-169,1500-401,7.1,5.8,4.35,16.0,5.684341886080802e-14
R542,Uber,Uber X,2026-04-15,19:19:00,19:31:00,11.999999999999957,2700-628,1067-001,7.56,5.94,5.69,12.0,4.263256414560601e-14
R551,Bolt,Economy,2026-04-15,16:33:00,16:41:00,7.999999999999972,1600-618,1649-021,4.2,4.72,3.54,8.0,2.842170943040401e-14
R537,Uber,Uber X,2026-04-15,14:48:00,15:00:00,11.999999999999957,1900-186,1700-165,4.34,4.97,3.67,12.0,4.263256414560601e-14
R538,Uber,Uber X,2026-04-15,16:13:00,16:23:00,10.000000000000124,1750-080,1600-679,5.01,5.6,4.32,10.0,1.2434497875801753e-13
R539,Uber,Uber X,2026-04-15,17:00:00,17:13:00,12.999999999999794,1500-392,1500-423,4.49,5.94,4.2,13.0,2.0605739337042905e-13
R545,Uber,Uber X,2026-04-15,20:25:00,20:33:00,7.999999999999972,1050-041,1500-204,3.78,4.98,3.67,8.0,2.842170943040401e-14
R552,Bolt,Economy,2026-04-15,16:46:00,16:59:00,13.000000000000114,1070-167,1500-911,3.8,5.01,3.76,13.0,1.1368683772161603e-13
R540,Uber,Uber X,2026-04-15,17:13:00,17:34:00,21.000000000000085,1600-137,1700-008,5.36,6.96,6.09,21.0,8.526512829121202e-14
R541,Uber ,Uber X,2026-04-15,18:12:00,18:37:00,25.00000000000007,1700-008,1070-050,8.14,11.96,9.92,25.0,7.105427357601002e-14
R553,Bolt,Bolt,2026-04-15,18:54:00,19:03:00,9.000000000000128,1250-002,1070-036,1.2,4.4,3.3,9.0,1.2789769243681803e-13
R565,Uber,Uber X,2026-04-16,15:37:00,15:49:00,11.999999999999957,1500-392,1495-231,9.46,5.94,4.33,12.0,4.263256414560601e-14
R564,Uber,Uber X Priority,2026-04-16,14:13:00,14:41:00,28.00000000000006,2685-223,1350-293,16.85,11.97,7.78,28.0,6.039613253960852e-14
R562,Bolt,Economy,2026-04-16,21:14:00,21:26:00,11.999999999999957,1990-125,2694-001,9.0,5.94,4.45,12.0,4.263256414560601e-14
R561,Bolt,Economy,2026-04-16,20:12:00,20:25:00,13.000000000000114,1495-132,1000-232,9.8,7.17,5.38,13.0,1.1368683772161603e-13
R560,Bolt,Economy,2026-04-16,19:55:00,20:04:00,8.999999999999968,1350-128,2790-226,7.7,6.09,4.57,9.0,3.197442310920451e-14
R558,Bolt,Economy,2026-04-16,17:18:00,17:47:00,29.000000000000057,1000-111,1300-205,8.9,7.1,5.32,29.0,5.684341886080802e-14
R557,Bolt,Economy,2026-04-16,15:20:00,15:39:00,18.999999999999932,1250-149,1500-392,9.0,6.74,5.56,19.0,6.750155989720952e-14
R568,Uber,Uber X,2026-04-16,18:31:00,18:44:00,13.000000000000114,2795-250,1500-104,8.07,6.94,5.24,13.0,1.1368683772161603e-13
R563,Uber,Uber X,2026-04-16,13:38:00,13:51:00,12.999999999999954,2690-340,2695-531,5.82,4.94,3.82,13.0,4.618527782440651e-14
R555,Bolt,Economy,2026-04-16,14:49:00,15:00:00,10.999999999999961,1350-174,1649-021,5.9,5.29,3.97,11.0,3.907985046680551e-14
R566,Uber,Uber X,2026-04-16,16:14:00,16:37:00,22.99999999999992,1495-688,1249-068,11.87,8.93,8.31,23.0,8.171241461241152e-14
R571,Uber,Uber X,2026-04-16,20:44:00,20:54:00,9.999999999999805,1000-025,1700-008,4.17,3.93,3.0,10.0,1.9539925233402755e-13
R559,Bolt,Bolt,2026-04-16,17:50:00,18:10:00,20.00000000000025,1300-332,1495-113,6.1,6.68,5.01,20.0,2.4868995751603507e-13
R569,Uber,Uber X Priority,2026-04-16,19:04:00,19:27:00,23.000000000000078,1500-231,1200-789,9.21,10.98,8.44,23.0,7.815970093361102e-14
R556,Bolt,Bolt,2026-04-16,15:01:00,15:18:00,17.0000000000001,1649-021,1250-142,3.3,4.43,3.65,17.0,9.947598300641403e-14
R567,Uber,Uber X,2026-04-16,16:43:00,17:01:00,17.999999999999936,1200-031,1069-413,3.1,5.1,4.95,18.0,6.394884621840902e-14
R570,Uber,Uber X Priority,2026-04-16,19:39:00,19:47:00,8.000000000000131,1200-870,1250-065,2.74,6.98,4.54,8.0,1.3145040611561853e-13
R584,Bolt,Economy,2026-04-17,12:53:00,13:17:00,24.000000000000075,2615-086,1600-060,22.2,12.14,9.1,24.0,7.460698725481052e-14
R582,Uber,Uber X,2026-04-17,20:50:00,21:15:00,25.00000000000007,1300-344,2625-445,24.93,15.95,10.37,25.0,7.105427357601002e-14
R574,Uber,Uber X,2026-04-17,14:06:00,15:36:00,90.0,1675-180,1675-180,54.04,25.87,23.57,90.0,0.0
R575,Uber,Uber X,2026-04-17,15:45:00,16:09:00,23.999999999999915,2650-197,1959-007,14.97,7.95,6.73,24.0,8.526512829121202e-14
R576,Uber,Uber X,2026-04-17,16:19:00,16:39:00,19.99999999999993,1700-360,2615-044,20.81,14.73,10.97,20.0,7.105427357601002e-14
R589,Bolt,Bolt,2026-04-17,20:09:00,20:25:00,16.000000000000263,1050-067,2790-389,12.3,6.76,7.24,16.0,2.6290081223123707e-13
R586,Bolt,Economy,2026-04-17,18:32:00,18:53:00,20.999999999999925,1500-392,1300-278,8.9,7.22,5.41,21.0,7.460698725481052e-14
R581,Uber,Uber X Priority,2026-04-17,20:35:00,20:47:00,12.000000000000117,1495-688,1300-469,6.63,5.99,4.06,12.0,1.1723955140041653e-13
R585,Bolt,Economy,2026-04-17,13:52:00,14:04:00,11.999999999999957,1050-099,1500-700,5.8,4.85,3.64,12.0,4.263256414560601e-14
R587,Bolt,Bolt,2026-04-17,19:21:00,19:34:00,12.999999999999954,1300-354,1070-321,7.8,5.88,5.51,13.0,4.618527782440651e-14
R579,Uber,Uber X,2026-04-17,18:01:00,18:21:00,20.00000000000009,2685-368,1500-313,9.27,9.94,9.54,20.0,8.881784197001252e-14
R577,Uber ,Uber X,2026-04-17,17:07:00,17:15:00,7.999999999999972,2615-044,2625-445,3.09,4.96,3.22,8.0,2.842170943040401e-14
R573,Uber,Uber X,2026-04-17,13:26:00,13:34:00,7.999999999999972,1700-346,1600-079,2.75,4.95,3.38,8.0,2.842170943040401e-14
R588,Bolt,Economy,2026-04-17,19:55:00,20:05:00,9.999999999999805,1600-898,1050-227,3.4,6.36,4.77,10.0,1.9539925233402755e-13
R578,Uber ,Share,2026-04-17,17:19:00,17:51:00,32.00000000000004,2625-105,2685-338,6.53,12.83,9.8,32.0,4.263256414560601e-14
R580,Uber,Uber X,2026-04-17,19:30:00,19:39:00,8.999999999999968,1099-031,1649-028,2.18,4.94,3.3,9.0,3.197442310920451e-14
R572,Uber ,Uber X,2026-04-17,13:16:00,13:21:00,4.999999999999982,1649-014,1700-204,2.13,4.93,3.38,5.0,1.7763568394002505e-14
R583,Uber,Uber X,2026-04-17,21:17:00,21:19:00,1.999999999999833,2625-229,2625-215,0.72,3.52,3.15,2.0,1.6697754290362354e-13
R590,Bolt,Economy,2026-04-18,11:34:00,11:53:00,18.999999999999932,2625-480,2695-063,10.6,6.92,5.19,19.0,6.750155989720952e-14
R591,Bolt,Bolt,2026-04-18,13:58:00,14:30:00,31.999999999999886,2765-202,1700-304,28.4,14.51,14.0,32.0,1.1368683772161603e-13
R592,Bolt,Economy,2026-04-18,15:55:00,16:13:00,17.999999999999936,1070-282,1800-399,9.8,6.6,4.95,18.0,6.394884621840902e-14
R606,Uber,Uber X,2026-04-18,22:36:00,23:02:00,25.999999999999908,1250-146,1998-028,12.61,9.95,6.47,26.0,9.237055564881302e-14
R594,Bolt,Economy,2026-04-18,18:10:00,18:24:00,13.99999999999979,2685-350,1500-039,9.2,6.46,4.84,14.0,2.0961010704922955e-13
R593,Bolt,Bolt,2026-04-18,16:33:00,16:48:00,15.000000000000107,2685-002,1800-128,7.0,3.61,3.87,15.0,1.0658141036401503e-13
R602,Uber,Uber X,2026-04-18,17:40:00,18:03:00,22.99999999999992,1100-604,2685-344,11.51,9.94,6.46,23.0,8.171241461241152e-14
R597,Bolt,Economy,2026-04-18,20:42:00,21:04:00,22.00000000000008,2780-208,1070-006,17.1,12.92,9.79,22.0,8.171241461241152e-14
R595,Bolt,Bolt,2026-04-18,18:28:00,18:41:00,13.000000000000114,1500-392,1800-060,7.2,4.28,4.59,13.0,1.1368683772161603e-13
R596,Bolt,Economy,2026-04-18,20:24:00,20:37:00,13.000000000000114,1400-034,2740-027,8.9,9.06,6.79,13.0,1.1368683772161603e-13
R605,Uber,Uber X Priority,2026-04-18,21:17:00,21:26:00,8.999999999999968,1600-120,1700-008,5.95,6.11,4.84,9.0,3.197442310920451e-14
R601,Uber ,Uber X Priority,2026-04-18,17:08:00,17:26:00,17.999999999999936,1700-008,1100-139,9.15,12.03,8.43,18.0,6.394884621840902e-14
R604,Uber ,Uber X,2026-04-18,19:33:00,19:56:00,23.000000000000078,1700-371,1200-723,9.17,8.96,8.72,23.0,7.815970093361102e-14
R603,Uber,Uber X,2026-04-18,19:03:00,19:19:00,15.999999999999943,1700-008,1050-195,6.26,9.02,6.52,16.0,5.684341886080802e-14
R598,Bolt,Bolt,2026-04-18,21:08:00,21:17:00,9.000000000000128,1070-227,1600-028,3.7,3.7,3.96,9.0,1.2789769243681803e-13
R599,Uber,Uber X,2026-04-18,14:32:00,14:40:00,7.999999999999972,1600-624,1700-008,4.13,5.27,5.12,8.0,2.842170943040401e-14
R600,Uber,Uber X Priority,2026-04-18,16:11:00,16:18:00,6.999999999999975,1990-094,1990-516,3.0,5.98,4.12,7.0,2.4868995751603507e-14
R614,Bolt,Economy,2026-04-19,15:55:00,16:09:00,13.99999999999995,1950-190,1700-305,6.1,5.0,3.75,14.0,4.973799150320701e-14
R611,Bolt,Bolt,2026-04-19,10:45:00,11:10:00,24.99999999999991,1700-008,1300-293,15.5,9.98,9.76,25.0,8.881784197001252e-14
R615,Bolt,Bolt,2026-04-19,18:06:00,18:30:00,23.999999999999915,2765-425,1500-039,24.6,20.49,15.77,24.0,8.526512829121202e-14
R608,Uber,Uber X,2026-04-19,14:10:00,14:20:00,9.999999999999964,2790-133,1500-313,7.43,5.95,4.96,10.0,3.552713678800501e-14
R612,Bolt,Bolt,2026-04-19,15:14:00,15:38:00,24.000000000000075,1700-008,1100-519,10.2,9.81,7.25,24.0,7.460698725481052e-14
R607,Uber,Uber X,2026-04-19,13:31:00,13:46:00,15.000000000000107,1100-547,2794-075,8.94,9.94,6.46,15.0,1.0658141036401503e-13
R616,Bolt,Economy,2026-04-19,20:01:00,20:24:00,23.000000000000078,1150-209,1990-225,10.5,10.15,7.61,23.0,7.815970093361102e-14
R609,Uber,Uber X,2026-04-19,14:30:00,14:39:00,9.000000000000128,1600-210,1700-008,5.03,4.94,4.19,9.0,1.2789769243681803e-13
R613,Bolt,Bolt,2026-04-19,15:41:00,15:51:00,9.999999999999964,1100-103,1950-071,4.6,4.44,4.16,10.0,3.552713678800501e-14
R610,Bolt,Bolt,2026-04-19,09:55:00,10:15:00,20.000000000000007,1150-279,1700-008,5.7,15.7,13.02,20.0,7.105427357601002e-15
R630,Uber,Uber X,2026-04-20,20:01:00,20:23:00,22.00000000000008,2690-189,1100-092,16.48,10.32,6.46,22.0,8.171241461241152e-14
R625,Uber,Share,2026-04-20,13:02:00,13:20:00,18.000000000000096,2615-150,1750-428,20.01,9.9,8.98,18.0,9.592326932761353e-14
R626,Uber,Uber X,2026-04-20,13:20:00,13:34:00,13.99999999999995,1750-395,1500-556,8.58,5.95,3.87,14.0,4.973799150320701e-14
R624,Bolt,Economy,2026-04-20,19:26:00,19:55:00,29.000000000000057,1600-059,2625-024,18.3,9.35,8.77,29.0,5.684341886080802e-14
R619,Bolt,Economy,2026-04-20,14:30:00,14:55:00,25.00000000000007,2745-035,1150-216,14.6,9.67,7.25,25.0,7.105427357601002e-14
R618,Bolt,Bolt,2026-04-20,14:07:00,14:28:00,20.999999999999925,1700-008,2745-181,16.0,11.58,9.93,21.0,7.460698725481052e-14
R629,Uber ,Uber X,2026-04-20,16:15:00,16:44:00,29.000000000000057,1400-211,1700-008,13.71,13.94,9.06,29.0,5.684341886080802e-14
R617,Bolt,Economy,2026-04-20,13:49:00,14:02:00,13.000000000000114,1649-021,1700-008,6.3,5.69,4.27,13.0,1.1368683772161603e-13
R628,Uber,Uber X,2026-04-20,16:00:00,16:17:00,17.0000000000001,1250-149,1300-598,6.26,5.94,4.27,17.0,9.947598300641403e-14
R620,Bolt,Economy,2026-04-20,15:01:00,15:23:00,21.999999999999922,1250-148,1700-305,7.0,6.8,5.1,22.0,7.815970093361102e-14
R631,Uber,Uber X,2026-04-20,20:39:00,20:49:00,10.000000000000124,1000-132,1700-008,4.37,3.94,3.22,10.0,1.2434497875801753e-13
R627,Uber,Uber X,2026-04-20,15:36:00,15:56:00,19.99999999999993,1700-008,1269-133,7.78,10.99,7.36,20.0,7.105427357601002e-14
R623,Bolt,Bolt,2026-04-20,18:52:00,19:06:00,14.00000000000011,1300-598,1070-061,6.3,5.82,6.0,14.0,1.1013412404281553e-13
R621,Bolt,Economy,2026-04-20,17:30:00,18:09:00,39.00000000000002,1600-312,1400-293,10.8,13.29,10.47,39.0,2.1316282072803006e-14
R622,Bolt,Economy,2026-04-20,18:38:00,18:50:00,11.999999999999957,1300-663,1300-472,3.8,6.47,4.85,12.0,4.263256414560601e-14
R636,Uber,Uber X,2026-04-21,16:35:00,16:53:00,17.999999999999936,1250-043,2790-131,9.98,6.95,4.84,18.0,6.394884621840902e-14
R632,Uber ,Uber X,2026-04-21,14:02:00,14:22:00,19.99999999999993,1990-021,1070-034,11.75,8.95,5.82,20.0,7.105427357601002e-14
R633,Uber ,Uber X,2026-04-21,14:25:00,14:34:00,8.999999999999968,1099-031,1300-664,7.76,5.95,3.87,9.0,3.197442310920451e-14
R640,Bolt,Bolt,2026-04-21,18:23:00,19:07:00,44.00000000000016,2790-115,1885-074,21.5,9.13,11.41,44.0,1.6342482922482304e-13
R634,Uber ,Uber X Priority,2026-04-21,14:57:00,15:20:00,23.000000000000078,1300-041,1700-008,12.89,11.07,7.21,23.0,7.815970093361102e-14
R641,Bolt,Bolt,2026-04-21,19:34:00,19:54:00,19.99999999999993,1998-030,2625-088,12.7,8.09,7.14,20.0,7.105427357601002e-14
R637,Uber,Uber X,2026-04-21,17:03:00,17:16:00,12.999999999999954,2790-016,1449-005,6.03,5.94,4.23,13.0,4.618527782440651e-14
R638,Bolt,Bolt,2026-04-21,13:30:00,13:44:00,13.99999999999995,2615-080,2625-238,6.8,5.22,5.06,14.0,4.973799150320701e-14
R635,Uber,Uber X,2026-04-21,16:03:00,16:32:00,29.000000000000057,1700-008,1250-011,8.36,11.0,6.95,29.0,5.684341886080802e-14
R639,Bolt,Bolt,2026-04-21,17:53:00,18:13:00,19.99999999999993,1400-157,2795-105,4.1,5.36,5.74,20.0,7.105427357601002e-14
R652,Uber,Uber X,2026-04-22,14:55:00,15:10:00,14.999999999999947,1700-337,2614-520,10.01,5.95,3.87,15.0,5.3290705182007514e-14
R642,Bolt,Economy,2026-04-22,12:45:00,13:09:00,24.000000000000075,2615-044,1900-311,23.2,12.74,9.55,24.0,7.460698725481052e-14
R649,Bolt,Bolt,2026-04-22,20:39:00,21:09:00,30.000000000000053,1000-081,2600-193,34.3,18.96,15.48,30.0,5.3290705182007514e-14
R643,Bolt,Economy,2026-04-22,13:13:00,13:39:00,25.999999999999908,1900-102,1500-200,9.7,6.26,4.69,26.0,9.237055564881302e-14
R654,Uber,Uber X,2026-04-22,17:09:00,17:58:00,48.999999999999986,1205-144,2780-117,20.59,15.96,10.37,49.0,1.4210854715202004e-14
R655,Uber,Uber X,2026-04-22,18:22:00,18:58:00,35.99999999999987,2780-045,1500-550,21.34,16.36,11.14,36.0,1.2789769243681803e-13
R657,Uber,Uber X,2026-04-22,19:48:00,20:04:00,15.999999999999943,1250-107,1750-414,9.67,7.93,5.15,16.0,5.684341886080802e-14
R644,Bolt,Bolt,2026-04-22,13:40:00,13:56:00,16.000000000000103,1500-161,1700-152,7.1,5.62,4.21,16.0,1.0302869668521453e-13
R645,Bolt,Bolt,2026-04-22,15:27:00,15:47:00,20.00000000000009,2610-102,1800-047,12.4,8.63,7.49,20.0,8.881784197001252e-14
R650,Uber,Uber X Priority,2026-04-22,14:04:00,14:18:00,13.99999999999995,1950-037,1500-540,8.41,7.98,5.19,14.0,4.973799150320701e-14
R648,Bolt,Bolt,2026-04-22,20:13:00,20:31:00,18.000000000000096,1750-4040,1000-172,6.4,4.72,4.16,18.0,9.592326932761353e-14
R656,Uber,Uber X Priority,2026-04-22,19:28:00,19:40:00,12.000000000000277,1300-666,1250-000,6.63,6.98,4.54,12.0,2.7711166694643907e-13
R647,Bolt,Bolt,2026-04-22,19:18:00,19:31:00,12.999999999999954,1500-263,1300-171,6.3,6.27,4.7,13.0,4.618527782440651e-14
R646,Bolt,Bolt,2026-04-22,16:21:00,17:06:00,45.0,1700-008,1200-378,11.5,11.14,9.44,45.0,0.0
R651,Uber,Uber X Priority,2026-04-22,14:44:00,14:56:00,12.000000000000117,1500-478,1700-351,4.3,4.99,3.67,12.0,1.1723955140041653e-13
R653,Uber,Uber X Priority,2026-04-22,15:48:00,15:55:00,6.999999999999975,1800-255,1800-241,3.46,4.98,3.67,7.0,2.4868995751603507e-14
R658,Uber,Uber X,2026-04-23,13:37:00,13:55:00,17.999999999999936,1500-392,2744-016,17.28,9.94,6.9,18.0,6.394884621840902e-14
R673,Bolt,Economy,2026-04-23,20:57:00,21:11:00,13.99999999999995,1400-423,1600-060,10.0,5.58,4.18,14.0,4.973799150320701e-14
R664,Bolt,Economy,2026-04-23,13:15:00,13:35:00,19.99999999999993,2615-360,1500-427,24.1,13.54,11.17,20.0,7.105427357601002e-14
R665,Bolt,Bolt,2026-04-23,14:08:00,14:27:00,18.999999999999932,2740-274,1070-069,18.8,9.69,9.18,19.0,6.750155989720952e-14
R671,Bolt,Economy,2026-04-23,19:52:00,20:08:00,15.999999999999943,1600-428,1990-254,8.9,5.94,4.45,16.0,5.684341886080802e-14
R660,Uber,Uber X,2026-04-23,15:43:00,16:14:00,31.00000000000005,1700-008,1495-082,15.14,13.94,8.37,31.0,4.973799150320701e-14
R667,Bolt,Bolt,2026-04-23,16:28:00,16:43:00,15.000000000000107,1495-143,1500-599,8.2,5.03,4.72,15.0,1.0658141036401503e-13
R668,Bolt,Bolt,2026-04-23,17:16:00,17:33:00,17.0000000000001,1500-599,2794-013,8.4,6.32,5.26,17.0,9.947598300641403e-14
R672,Bolt,Economy,2026-04-23,20:38:00,20:53:00,15.000000000000107,1649-021,1400-188,8.9,6.88,5.68,15.0,1.0658141036401503e-13
R663,Uber,Uber X Priority,2026-04-23,20:10:00,20:28:00,17.999999999999936,1990-085,1600-073,9.5,8.99,6.23,18.0,6.394884621840902e-14
R670,Bolt,Bolt,2026-04-23,18:35:00,18:57:00,22.00000000000008,1500-328,2795-088,10.0,7.22,6.77,22.0,8.171241461241152e-14
R666,Bolt,Economy,2026-04-23,15:03:00,15:21:00,17.999999999999936,1050-161,1700-305,6.0,5.03,4.15,18.0,6.394884621840902e-14
R669,Bolt,Bolt,2026-04-23,17:38:00,17:51:00,13.0,2790-258,1300-337,6.6,6.23,4.92,13.0,0.0
R662,Uber,Uber X,2026-04-23,18:59:00,19:16:00,16.99999999999978,2795-164,1600-309,11.14,9.98,8.51,17.0,2.2026824808563106e-13
R661,Uber,Uber X,2026-04-23,17:53:00,18:11:00,17.999999999999936,1400-352,1500-471,9.91,8.04,7.83,18.0,6.394884621840902e-14
R659,Uber,Uber X,2026-04-23,14:29:00,14:44:00,14.999999999999947,1070-100,1050-054,4.19,5.95,3.87,15.0,5.3290705182007514e-14
R674,Bolt,Economy,2026-04-24,13:15:00,13:34:00,18.999999999999932,2615-351,1800-318,19.3,11.0,8.25,19.0,6.750155989720952e-14
R678,Bolt,Economy,2026-04-24,15:34:00,15:51:00,16.99999999999994,1495-688,1649-021,13.1,8.13,6.1,17.0,6.039613253960852e-14
R675,Bolt,Economy,2026-04-24,13:40:00,13:58:00,18.000000000000096,1800-099,2790-205,13.5,8.64,6.48,18.0,9.592326932761353e-14
R686,Uber,Uber X,2026-04-24,16:34:00,16:45:00,10.999999999999961,2795-018,1500-313,8.27,5.94,4.27,11.0,3.907985046680551e-14
R690,Uber,Uber X,2026-04-24,18:44:00,19:02:00,18.000000000000096,1099-031,1400-038,9.39,7.94,5.16,18.0,9.592326932761353e-14
R685,Uber,Uber X,2026-04-24,15:52:00,16:13:00,20.999999999999925,1600-137,1495-068,11.33,6.94,6.25,21.0,7.460698725481052e-14
R676,Bolt,Bolt,2026-04-24,14:21:00,14:52:00,31.00000000000005,2770-090,1200-149,16.2,9.65,9.04,31.0,4.973799150320701e-14
R683,Uber,Uber X,2026-04-24,13:59:00,14:14:00,15.000000000000107,2790-258,2770-167,9.17,6.94,5.13,15.0,1.0658141036401503e-13
R691,Uber,Uber X,2026-04-24,20:33:00,20:46:00,12.999999999999794,1990-378,2625-025,10.35,7.95,6.27,13.0,2.0605739337042905e-13
R680,Bolt,Economy,2026-04-24,19:11:00,19:28:00,16.99999999999978,1400-405,2780-268,11.0,8.84,6.73,17.0,2.2026824808563106e-13
R681,Bolt,Economy,2026-04-24,19:33:00,19:58:00,24.99999999999991,2744-017,1600-064,17.6,13.62,11.48,25.0,8.881784197001252e-14
R682,Bolt,Bolt,2026-04-24,20:13:00,20:33:00,20.00000000000025,1600-198,2685-253,9.0,6.44,6.04,20.0,2.4868995751603507e-13
R677,Bolt,Bolt,2026-04-24,15:07:00,15:33:00,26.000000000000068,1250-266,1495-706,13.3,9.18,9.46,26.0,6.750155989720952e-14
R679,Bolt,Bolt,2026-04-24,17:39:00,18:00:00,21.000000000000085,1600-024,1300-049,7.5,6.45,6.64,21.0,8.526512829121202e-14
R688,Uber,Uber X,2026-04-24,17:07:00,17:18:00,10.999999999999961,1500-392,1600-072,5.36,5.67,5.52,11.0,3.907985046680551e-14
R689,Uber,Uber X Priority,2026-04-24,18:15:00,18:37:00,22.00000000000008,1300-464,1500-423,6.57,8.99,7.2,22.0,8.171241461241152e-14
R687,Uber,Uber X,2026-04-24,16:52:00,17:01:00,8.999999999999808,1500-392,1600-876,2.65,4.95,3.38,9.0,1.9184653865522705e-13
R684,Uber,Uber X Priority,2026-04-24,14:51:00,15:00:00,8.999999999999968,1200-479,1200-211,1.29,7.99,5.69,9.0,3.197442310920451e-14
R692,Uber,Share,2026-04-25,11:12:00,11:27:00,15.000000000000027,2745-832,1600-259,12.44,6.91,4.49,15.0,2.6645352591003757e-14
R699,Bolt,Economy,2026-04-25,10:32:00,11:02:00,29.99999999999997,2625-459,2735-132,31.1,18.1,14.2,30.0,2.842170943040401e-14
R695,Uber ,Uber X,2026-04-25,14:16:00,14:31:00,15.000000000000107,1500-080,1449-003,9.21,6.94,4.67,15.0,1.0658141036401503e-13
R698,Uber,Uber X,2026-04-25,19:23:00,19:39:00,15.999999999999943,1400-195,1700-143,11.33,8.95,6.37,16.0,5.684341886080802e-14
R693,Uber,Uber X,2026-04-25,11:57:00,12:12:00,15.000000000000027,1600-162,1300-041,8.52,7.02,4.98,15.0,2.6645352591003757e-14
R700,Bolt,Economy,2026-04-25,12:25:00,12:44:00,19.000000000000092,1300-501,1050-167,8.3,6.97,5.23,19.0,9.237055564881302e-14
R701,Bolt,Economy,2026-04-25,12:52:00,13:03:00,11.00000000000012,1050-054,1750-186,8.1,6.39,5.27,11.0,1.2079226507921703e-13
R696,Uber,Uber X,2026-04-25,14:42:00,14:55:00,13.000000000000114,1300-011,1070-061,8.5,6.08,5.9,13.0,1.1368683772161603e-13
R694,Uber,Uber X,2026-04-25,14:02:00,14:12:00,9.999999999999964,1070-217,1500-081,4.76,5.98,3.89,10.0,3.552713678800501e-14
R697,Uber,Uber X Priority,2026-04-25,18:52:00,19:13:00,20.999999999999925,1100-150,1449-003,6.79,9.98,8.45,21.0,7.460698725481052e-14
R708,Uber,Uber X,2026-04-26,12:08:00,12:25:00,16.99999999999994,1500-461,1990-079,10.74,7.94,5.55,17.0,6.039613253960852e-14
R709,Uber,Uber X,2026-04-26,15:17:00,15:39:00,22.00000000000008,1700-008,1300-403,16.27,14.0,8.41,22.0,8.171241461241152e-14
R710,Uber,Uber X,2026-04-26,15:46:00,16:14:00,28.00000000000006,1300-082,1700-008,14.78,11.96,7.77,28.0,6.039613253960852e-14
R706,Uber,Uber X,2026-04-26,10:09:00,10:31:00,22.00000000000008,1700-008,1200-746,13.44,11.99,7.1,22.0,8.171241461241152e-14
R707,Uber,Uber X,2026-04-26,10:37:00,11:01:00,23.999999999999993,1350-188,1700-008,12.09,11.98,7.79,24.0,7.105427357601002e-15
R703,Bolt,Economy,2026-04-26,13:15:00,13:40:00,24.99999999999991,1100-148,1700-008,7.8,7.34,6.05,25.0,8.881784197001252e-14
R704,Bolt,Bolt,2026-04-26,14:31:00,14:50:00,18.999999999999932,1100-179,1990-197,8.8,10.9,8.17,19.0,6.750155989720952e-14
R705,Uber,Uber X,2026-04-26,09:51:00,10:02:00,11.00000000000004,1800-224,1700-008,3.6,4.95,3.5,11.0,4.085620730620576e-14
R702,Bolt,Economy,2026-04-26,09:36:00,09:51:00,15.000000000000027,1170-212,1800-142,7.2,10.13,7.6,15.0,2.6645352591003757e-14
R721,Bolt,Economy,2026-04-28,12:54:00,13:14:00,19.99999999999993,2615-377,1700-008,18.2,10.12,7.59,20.0,7.105427357601002e-14
R711,Uber,Uber X,2026-04-28,13:27:00,13:52:00,25.00000000000007,1990-208,1350-070,14.83,9.93,6.45,25.0,7.105427357601002e-14
R715,Uber,Uber X,2026-04-28,15:47:00,16:05:00,17.999999999999936,1500-544,1400-239,9.16,6.95,4.52,18.0,6.394884621840902e-14
R713,Uber,Uber X Priority,2026-04-28,14:46:00,14:59:00,12.999999999999954,1495-043,1500-621,7.98,6.98,4.54,13.0,4.618527782440651e-14
R716,Uber,Uber X Priority,2026-04-28,16:13:00,16:29:00,16.000000000000103,1400-315,1600-223,8.98,10.25,5.91,16.0,1.0302869668521453e-13
R712,Uber,Uber X Priority,2026-04-28,14:05:00,14:17:00,11.999999999999957,1350-179,1497-011,6.7,6.97,4.53,12.0,4.263256414560601e-14
R718,Uber,Uber X,2026-04-28,17:50:00,18:25:00,35.0000000000002,1800-208,1500-336,10.43,8.95,8.39,35.0,1.9895196601282805e-13
R717,Uber,Uber X,2026-04-28,17:25:00,17:44:00,18.999999999999932,1600-759,1800-399,7.87,6.95,6.45,19.0,6.750155989720952e-14
R719,Uber,Uber X,2026-04-28,18:32:00,18:47:00,15.000000000000107,1500-544,1700-295,6.27,7.95,6.04,15.0,1.0658141036401503e-13
R714,Uber,Uber X Priority,2026-04-28,15:06:00,15:14:00,7.999999999999972,1500-336,1500-313,3.09,5.05,3.72,8.0,2.842170943040401e-14
R720,Uber,Uber X,2026-04-28,19:26:00,19:37:00,10.999999999999961,1700-008,1700-213,4.5,10.0,5.81,11.0,3.907985046680551e-14
R722,Bolt,Bolt,2026-04-28,13:14:00,13:27:00,13.000000000000114,1700-008,1800-142,3.2,5.26,4.38,13.0,1.1368683772161603e-13
R732,Uber,Uber X,2026-04-29,14:50:00,15:23:00,32.999999999999886,1050-042,2750-663,34.19,20.55,12.58,33.0,1.1368683772161603e-13
R731,Uber ,Uber X,2026-04-29,12:40:00,13:08:00,27.9999999999999,2615-034,1449-028,30.7,16.96,11.62,28.0,9.947598300641403e-14
R726,Bolt,Economy,2026-04-29,14:20:00,14:38:00,17.999999999999936,1495-701,1600-198,13.0,7.36,5.52,18.0,6.394884621840902e-14
R723,Bolt,Economy,2026-04-29,13:15:00,13:31:00,15.999999999999943,1400-092,1700-087,10.8,6.68,5.01,16.0,5.684341886080802e-14
R727,Bolt,Economy,2026-04-29,17:02:00,17:23:00,20.999999999999925,1600-082,2795-057,11.0,8.03,6.02,21.0,7.460698725481052e-14
R733,Uber,Uber X,2026-04-29,15:28:00,15:48:00,19.99999999999993,2750-663,2775-232,9.39,7.94,5.16,20.0,7.105427357601002e-14
R729,Bolt,Economy,2026-04-29,20:48:00,21:00:00,11.999999999999957,1070-034,1700-305,7.4,5.79,4.34,12.0,4.263256414560601e-14
R734,Uber,Uber X,2026-04-29,15:58:00,16:17:00,19.000000000000092,2780-052,1495-038,11.22,7.93,6.98,19.0,9.237055564881302e-14
R739,Uber,Uber X Priority,2026-04-29,20:03:00,20:17:00,14.00000000000011,1400-239,1050-053,11.43,9.99,7.26,14.0,1.1013412404281553e-13
R737,Uber ,Uber X,2026-04-29,17:53:00,18:23:00,29.999999999999893,1600-019,1495-137,11.15,8.95,7.12,30.0,1.0658141036401503e-13
R728,Bolt,Bolt,2026-04-29,19:41:00,20:01:00,19.99999999999993,1070-238,1400-289,10.1,7.52,6.53,20.0,7.105427357601002e-14
R725,Bolt,Bolt,2026-04-29,14:02:00,14:17:00,14.999999999999947,1500-065,1495-717,9.9,7.51,6.52,15.0,5.3290705182007514e-14
R730,Bolt,Bolt,2026-04-29,21:03:00,21:24:00,20.999999999999925,1700-008,1300-031,13.4,10.99,9.16,21.0,7.460698725481052e-14
R735,Uber,Uber X Priority,2026-04-29,16:18:00,16:40:00,22.00000000000008,1495-149,1700-097,10.86,9.97,7.74,22.0,8.171241461241152e-14
R736,Uber,Uber X Priority,2026-04-29,17:20:00,17:41:00,21.000000000000085,2795-197,1500-561,10.55,9.98,7.69,21.0,8.526512829121202e-14
R724,Bolt,Economy,2026-04-29,13:38:00,13:57:00,18.999999999999932,1700-266,1500-463,5.5,7.55,5.66,19.0,6.750155989720952e-14
R738,Uber,Uber X Priority,2026-04-29,18:32:00,19:07:00,35.000000000000036,2795-248,1069-413,10.61,16.98,13.43,35.0,3.552713678800501e-14
R740,Uber,Uber X,2026-04-30,13:07:00,13:28:00,20.999999999999925,2625-455,1950-447,16.33,11.94,7.76,21.0,7.460698725481052e-14
R756,Bolt,Economy,2026-04-30,21:01:00,21:22:00,21.000000000000085,1800-399,2625-122,12.5,8.48,6.36,21.0,8.526512829121202e-14
R743,Uber,Uber X Priority,2026-04-30,13:50:00,14:01:00,10.999999999999961,2685-226,1750-382,7.86,6.97,4.53,11.0,3.907985046680551e-14
R750,Uber ,Uber X,2026-04-30,19:37:00,20:05:00,27.9999999999999,2790-077,1700-210,11.88,8.95,7.07,28.0,9.947598300641403e-14
R749,Uber,Uber X,2026-04-30,18:55:00,19:30:00,34.99999999999987,1800-399,2790-161,18.45,13.95,12.28,35.0,1.2789769243681803e-13
R744,Uber,Uber X Priority,2026-04-30,14:09:00,14:17:00,7.999999999999972,1750-441,1649-023,5.46,4.99,3.67,8.0,2.842170943040401e-14
R751,Uber ,Uber X,2026-04-30,20:28:00,20:42:00,13.99999999999995,1700-244,1800-320,5.27,5.93,4.46,14.0,4.973799150320701e-14
R741,Uber,Uber X Priority,2026-04-30,13:27:00,13:33:00,5.999999999999979,1950-449,1990-097,3.81,4.98,3.67,6.0,2.1316282072803006e-14
R747,Uber ,Uber X Priority,2026-04-30,14:59:00,15:08:00,8.999999999999968,1000-195,1700-008,3.6,5.13,3.67,9.0,3.197442310920451e-14
R752,Bolt,Bolt,2026-04-30,15:40:00,16:10:00,30.000000000000053,1700-008,1100-233,10.5,13.87,11.14,30.0,5.3290705182007514e-14
R754,Bolt,Bolt,2026-04-30,17:19:00,17:31:00,11.999999999999957,1500-350,1300-034,6.8,6.76,7.24,12.0,4.263256414560601e-14
R753,Bolt,Bolt,2026-04-30,16:10:00,16:52:00,42.000000000000014,1100-198,1500-329,10.3,13.18,12.66,42.0,1.4210854715202004e-14
R742,Uber ,Uber X Priority,2026-04-30,13:46:00,13:52:00,5.999999999999979,1990-094,2685-223,2.85,4.97,3.67,6.0,2.1316282072803006e-14
R755,Bolt,Bolt,2026-04-30,17:32:00,17:53:00,20.999999999999925,1300-225,1600-167,7.6,7.94,9.92,21.0,7.460698725481052e-14
R746,Uber,Uber X Priority,2026-04-30,14:46:00,14:56:00,9.999999999999964,1050-215,1000-260,2.74,4.98,3.81,10.0,3.552713678800501e-14
R745,Uber,Uber X Priority,2026-04-30,14:27:00,14:40:00,12.999999999999954,1600-042,1050-215,2.58,4.97,3.67,13.0,4.618527782440651e-14
R748,Uber,Uber X,2026-04-30,18:05:00,18:34:00,29.000000000000057,1600-209,1800-399,7.29,15.95,14.77,29.0,5.684341886080802e-14
R758,Bolt,Economy,2026-05-01,14:07:00,14:28:00,20.999999999999925,1950-245,1200-109,16.2,7.91,6.52,21.0,7.460698725481052e-14
R757,Bolt,Economy,2026-05-01,13:23:00,13:46:00,23.000000000000078,2625-623,1990-233,18.3,9.87,7.4,23.0,7.815970093361102e-14
R770,Uber,Uber X,2026-05-01,16:59:00,17:17:00,18.000000000000096,2790-460,1070-008,10.71,6.95,4.79,18.0,9.592326932761353e-14
R765,Bolt,Economy,2026-05-01,20:31:00,20:50:00,18.999999999999932,1800-071,2615-319,20.0,12.07,9.05,19.0,6.750155989720952e-14
R768,Uber,Uber X,2026-05-01,16:01:00,16:30:00,29.000000000000057,2765-147,1200-092,28.33,23.94,14.52,29.0,5.684341886080802e-14
R760,Bolt,Economy,2026-05-01,15:04:00,15:28:00,24.000000000000075,1500-392,2770-194,16.1,11.23,8.52,24.0,7.460698725481052e-14
R761,Bolt,Economy,2026-05-01,15:47:00,16:01:00,13.99999999999995,2770-022,2645-562,14.7,10.43,8.22,14.0,4.973799150320701e-14
R764,Bolt,Economy,2026-05-01,19:57:00,20:13:00,15.999999999999943,1350-000,1000-081,8.2,6.29,4.72,16.0,5.684341886080802e-14
R767,Uber,Uber X Priority,2026-05-01,14:42:00,14:57:00,15.000000000000107,1400-038,1500-313,10.1,8.97,5.83,15.0,1.0658141036401503e-13
R772,Uber,Uber X,2026-05-01,19:34:00,19:47:00,13.000000000000114,1050-234,1300-612,5.94,5.94,3.86,13.0,1.1368683772161603e-13
R763,Bolt,Economy,2026-05-01,17:45:00,18:02:00,17.0000000000001,1300-547,1500-911,8.3,7.23,5.42,17.0,9.947598300641403e-14
R759,Bolt,Economy,2026-05-01,14:30:00,14:41:00,11.00000000000012,1200-870,1400-032,6.5,6.18,4.63,11.0,1.2079226507921703e-13
R769,Uber ,Uber X,2026-05-01,16:38:00,16:57:00,18.999999999999932,1100-150,2610-031,10.03,8.95,7.2,19.0,6.750155989720952e-14
R771,Uber,Uber X,2026-05-01,18:00:00,18:25:00,25.00000000000007,1600-457,1069-413,9.77,9.95,7.25,25.0,7.105427357601002e-14
R762,Bolt,Bolt,2026-05-01,17:32:00,17:42:00,9.999999999999805,1070-214,1300-367,5.1,5.44,4.08,10.0,1.9539925233402755e-13
R766,Uber,Uber X Priority,2026-05-01,13:45:00,13:51:00,5.999999999999979,1990-262,1800-254,3.39,5.98,4.12,6.0,2.1316282072803006e-14
R776,Uber,Uber X,2026-05-03,17:49:00,18:11:00,21.999999999999922,1300-472,1700-008,12.53,9.94,8.05,22.0,7.815970093361102e-14
R781,Bolt,Bolt,2026-05-03,21:02:00,21:18:00,15.999999999999943,1800-318,2615-071,17.3,12.3,11.53,16.0,5.684341886080802e-14
R778,Bolt,Economy,2026-05-03,11:10:00,11:33:00,23.000000000000078,1200-368,1990-233,11.1,11.87,8.9,23.0,7.815970093361102e-14
R777,Bolt,Bolt,2026-05-03,10:42:00,11:06:00,23.999999999999993,1700-008,1250-008,8.9,6.07,7.33,24.0,7.105427357601002e-15
R774,Uber,Uber X,2026-05-03,14:06:00,14:24:00,17.999999999999936,1100-231,1990-094,8.45,10.96,8.12,18.0,6.394884621840902e-14
R780,Bolt,Bolt,2026-05-03,15:59:00,16:23:00,24.000000000000075,1400-206,1150-248,10.0,11.46,9.93,24.0,7.460698725481052e-14
R773,Uber,Uber X,2026-05-03,12:13:00,12:30:00,17.0000000000001,1070-044,1700-008,6.05,10.96,7.12,17.0,9.947598300641403e-14
R775,Uber,Uber X Priority,2026-05-03,16:23:00,16:46:00,22.99999999999992,1150-270,1700-008,7.42,12.98,8.95,23.0,8.171241461241152e-14
R779,Bolt,Economy,2026-05-03,15:48:00,15:57:00,8.999999999999968,1300-040,1400-027,3.3,7.7,5.77,9.0,3.197442310920451e-14
R789,Uber,Uber X,2026-05-04,14:04:00,14:34:00,29.999999999999893,1150-019,2770-214,18.35,12.95,8.42,30.0,1.0658141036401503e-13
R790,Uber,Uber X,2026-05-04,14:41:00,15:00:00,18.999999999999932,2770-167,1495-149,10.76,6.94,5.06,19.0,6.750155989720952e-14
R782,Bolt,Economy,2026-05-04,13:02:00,13:17:00,15.000000000000107,2615-346,2695-685,12.1,7.84,5.88,15.0,1.0658141036401503e-13
R791,Uber,Uber X,2026-05-04,15:33:00,15:50:00,16.99999999999994,1495-049,1800-374,14.93,8.95,7.61,17.0,6.039613253960852e-14
R797,Uber,Uber X,2026-05-04,20:47:00,21:02:00,15.000000000000107,1500-392,2685-895,11.1,6.95,5.81,15.0,1.0658141036401503e-13
R785,Bolt,Bolt,2026-05-04,19:28:00,19:47:00,19.000000000000252,1700-097,1495-137,11.6,8.49,6.7,19.0,2.5224267119483557e-13
R784,Bolt,Economy,2026-05-04,18:01:00,18:24:00,22.99999999999992,1070-094,2790-228,10.5,7.42,6.12,23.0,8.171241461241152e-14
R796,Uber,Uber X,2026-05-04,20:01:00,20:19:00,18.000000000000096,1300-303,1700-008,11.87,10.94,7.11,18.0,9.592326932761353e-14
R788,Uber,Uber X,2026-05-04,13:26:00,13:55:00,28.999999999999897,1990-079,1150-253,9.42,7.93,6.04,29.0,1.0302869668521453e-13
R794,Uber,Uber X,2026-05-04,18:27:00,18:53:00,26.000000000000068,1495-131,1700-351,12.97,9.94,8.83,26.0,6.750155989720952e-14
R795,Uber,Uber X,2026-05-04,19:47:00,19:57:00,9.999999999999805,2790-229,1300-544,8.44,5.98,5.8,10.0,1.9539925233402755e-13
R787,Uber,Uber X Priority,2026-05-04,13:18:00,13:29:00,10.999999999999961,2695-599,1990-233,6.64,5.98,4.83,11.0,3.907985046680551e-14
R792,Uber,Uber X,2026-05-04,17:02:00,17:20:00,17.999999999999936,1250-002,1300-181,7.63,6.94,5.71,18.0,6.394884621840902e-14
R783,Bolt,Bolt,2026-05-04,16:25:00,16:58:00,32.999999999999886,1990-233,1250-191,10.0,10.98,8.23,33.0,1.1368683772161603e-13
R793,Uber ,Uber X,2026-05-04,17:24:00,17:40:00,16.000000000000103,1300-598,1500-423,6.46,9.96,6.92,16.0,1.0302869668521453e-13
R786,Bolt,Bolt,2026-05-04,20:33:00,20:49:00,15.999999999999943,1700-008,1500-461,7.3,8.57,9.96,16.0,5.684341886080802e-14
R810,Uber,Uber X,2026-05-05,21:05:00,21:22:00,17.0000000000001,1990-079,2625-454,18.84,8.96,6.61,17.0,9.947598300641403e-14
R811,Bolt,Bolt,2026-05-05,13:26:00,13:53:00,26.999999999999904,2615-048,1350-136,30.4,14.65,13.24,27.0,9.592326932761353e-14
R801,Uber,Uber X,2026-05-05,15:07:00,15:20:00,13.000000000000114,1300-195,1500-580,8.72,5.93,4.24,13.0,1.1368683772161603e-13
R800,Uber,Uber X,2026-05-05,14:50:00,15:02:00,11.999999999999957,1070-060,1300-314,6.66,5.94,3.86,12.0,4.263256414560601e-14
R809,Uber,Uber X,2026-05-05,20:08:00,20:18:00,9.999999999999964,1500-537,1600-760,7.28,4.93,4.41,10.0,3.552713678800501e-14
R804,Uber,Uber X,2026-05-05,16:50:00,17:15:00,25.00000000000007,1300-125,2685-034,15.4,14.96,9.72,25.0,7.105427357601002e-14
R802,Uber,Uber X,2026-05-05,15:47:00,16:03:00,16.000000000000103,1500-423,1200-058,7.95,5.95,5.04,16.0,1.0302869668521453e-13
R812,Bolt,Bolt,2026-05-05,19:48:00,20:06:00,17.999999999999936,1000-154,2610-174,9.0,3.86,5.79,18.0,6.394884621840902e-14
R798,Uber,Uber X,2026-05-05,13:57:00,14:17:00,20.00000000000009,1250-161,1700-008,7.6,6.97,4.89,20.0,8.881784197001252e-14
R807,Uber ,Uber X,2026-05-05,18:17:00,18:32:00,14.999999999999947,1600-404,1990-254,8.6,8.93,5.8,15.0,5.3290705182007514e-14
R799,Uber,Uber X,2026-05-05,14:38:00,14:46:00,8.000000000000131,1750-170,1600-136,5.36,4.94,3.62,8.0,1.3145040611561853e-13
R808,Uber,Uber X,2026-05-05,18:30:00,18:59:00,29.000000000000057,1990-280,1000-044,10.43,8.94,7.45,29.0,5.684341886080802e-14
R805,Uber,Uber X,2026-05-05,17:19:00,17:31:00,11.999999999999957,2685-204,1900-845,5.99,6.18,6.03,12.0,4.263256414560601e-14
R806,Uber,Uber X Priority,2026-05-05,17:39:00,18:00:00,21.000000000000085,1950-064,1749-024,6.67,8.97,7.77,21.0,8.526512829121202e-14
R803,Uber,Uber X Priority,2026-05-05,16:12:00,16:33:00,21.000000000000085,1200-161,1069-413,4.5,9.16,5.84,21.0,8.526512829121202e-14
R818,Uber,Uber X,2026-05-06,13:03:00,13:17:00,13.99999999999995,2615-032,2625-239,10.53,4.93,4.19,14.0,4.973799150320701e-14
R819,Uber ,Uber X,2026-05-06,13:34:00,13:51:00,16.99999999999994,2690-361,2675-345,16.35,9.98,7.24,17.0,6.039613253960852e-14
R831,Uber,Courier,2026-05-06,20:42:00,21:02:00,20.00000000000025,1000-287,2685-030,11.48,7.63,5.73,20.0,2.4868995751603507e-13
R829,Uber,Uber X,2026-05-06,19:31:00,19:54:00,22.99999999999992,1300-012,1800-052,16.91,10.95,8.54,23.0,8.171241461241152e-14
R824,Uber,Uber X,2026-05-06,15:18:00,15:29:00,10.999999999999801,1400-045,1500-423,7.76,5.95,4.11,11.0,1.9895196601282805e-13
R823,Uber,Uber X,2026-05-06,14:58:00,15:14:00,15.999999999999943,1200-311,1400-300,7.53,6.94,4.51,16.0,5.684341886080802e-14
R817,Bolt,Economy,2026-05-06,19:03:00,19:14:00,10.999999999999961,1495-165,1300-092,8.9,7.83,5.84,11.0,3.907985046680551e-14
R822,Uber ,Uber X Priority,2026-05-06,14:30:00,14:46:00,16.000000000000103,1600-214,1250-091,7.49,5.98,5.01,16.0,1.0302869668521453e-13
R813,Bolt,Economy,2026-05-06,17:11:00,17:32:00,21.000000000000085,1250-068,1300-277,7.9,6.55,5.4,21.0,8.526512829121202e-14
R825,Uber,Uber X,2026-05-06,15:36:00,15:46:00,9.999999999999964,1070-067,1300-366,5.29,4.95,3.66,10.0,3.552713678800501e-14
R826,Uber,Uber X Priority,2026-05-06,16:06:00,16:23:00,16.99999999999994,1350-049,1750-418,11.72,12.97,8.44,17.0,6.039613253960852e-14
R828,Uber,Uber X Priority,2026-05-06,18:08:00,18:24:00,15.999999999999943,1495-131,1300-040,8.91,7.04,6.83,16.0,5.684341886080802e-14
R827,Uber,Uber X,2026-05-06,16:31:00,16:53:00,21.999999999999922,1750-065,1250-191,8.31,6.94,6.38,22.0,7.815970093361102e-14
R820,Uber,Uber X,2026-05-06,13:53:00,14:01:00,8.000000000000131,2675-345,1600-528,4.48,5.27,4.02,8.0,1.3145040611561853e-13
R821,Uber,Uber X Priority,2026-05-06,14:18:00,14:28:00,9.999999999999964,1600-776,1649-028,3.37,4.99,3.67,10.0,3.552713678800501e-14
R830,Uber,Uber X,2026-05-06,20:06:00,20:30:00,23.999999999999915,1700-008,1150-005,7.46,11.02,9.37,24.0,8.526512829121202e-14
R815,Bolt,Economy,2026-05-06,17:53:00,18:01:00,7.999999999999972,1495-121,2790-225,3.0,5.78,4.33,8.0,2.842170943040401e-14
R814,Bolt,Economy,2026-05-06,17:38:00,17:52:00,14.00000000000011,1300-085,1495-111,4.0,8.05,6.04,14.0,1.1013412404281553e-13
R816,Bolt,Economy,2026-05-06,18:44:00,18:58:00,13.99999999999995,1300-086,1495-135,4.3,8.94,6.7,14.0,4.973799150320701e-14
R846,Bolt,Economy,2026-05-07,21:24:00,21:41:00,17.0000000000001,1990-280,2615-065,18.7,10.03,7.52,17.0,9.947598300641403e-14
R838,Bolt,Economy,2026-05-07,13:28:00,14:00:00,32.00000000000004,2615-151,1170-289,23.8,13.27,9.95,32.0,4.263256414560601e-14
R837,Uber,Uber X,2026-05-07,19:47:00,20:08:00,20.999999999999925,1990-221,1495-700,19.49,13.95,9.07,21.0,7.460698725481052e-14
R834,Uber,Uber X,2026-05-07,15:28:00,15:41:00,12.999999999999954,1050-212,1400-139,8.99,6.95,4.52,13.0,4.618527782440651e-14
R841,Bolt,Economy,2026-05-07,15:55:00,16:16:00,20.999999999999925,1400-267,1700-069,11.3,7.21,5.95,21.0,7.460698725481052e-14
R832,Uber,Uber X,2026-05-07,14:24:00,14:34:00,9.999999999999964,1600-4404,2614-520,7.83,4.95,4.14,10.0,3.552713678800501e-14
R845,Bolt,Bolt,2026-05-07,20:32:00,20:57:00,24.99999999999991,1495-744,1700-305,16.5,10.53,9.14,25.0,8.881784197001252e-14
R844,Bolt,Economy,2026-05-07,18:46:00,19:20:00,33.99999999999988,1300-190,1849-033,14.5,11.33,8.5,34.0,1.2079226507921703e-13
R842,Bolt,Economy,2026-05-07,16:28:00,16:43:00,15.000000000000107,1700-167,1800-399,6.3,5.33,4.0,15.0,1.0658141036401503e-13
R840,Bolt,Economy,2026-05-07,15:06:00,15:16:00,10.000000000000124,2610-116,1500-134,5.2,4.59,3.44,10.0,1.2434497875801753e-13
R843,Bolt,Bolt,2026-05-07,18:14:00,18:37:00,22.99999999999992,1600-297,1300-102,10.8,8.25,7.73,23.0,8.171241461241152e-14
R839,Bolt,Economy,2026-05-07,14:10:00,14:24:00,13.99999999999995,1150-039,1600-404,5.5,5.71,4.71,14.0,4.973799150320701e-14
R836,Uber,Uber X Priority,2026-05-07,17:06:00,17:23:00,16.99999999999994,1700-005,1600-528,5.22,5.98,5.07,17.0,6.039613253960852e-14
R835,Uber,Uber X Priority,2026-05-07,16:45:00,17:03:00,18.000000000000096,1990-077,1700-036,6.09,8.98,6.26,18.0,9.592326932761353e-14
R833,Uber,Uber X,2026-05-07,15:17:00,15:25:00,7.999999999999972,1500-139,1050-099,2.74,3.95,3.21,8.0,2.842170943040401e-14
R863,Uber,Uber X,2026-05-08,20:48:00,21:05:00,16.99999999999994,1800-399,2625-654,19.56,12.1,7.12,17.0,6.039613253960852e-14
R848,Bolt,Economy,2026-05-08,14:25:00,14:47:00,22.00000000000008,1800-142,1070-072,12.6,8.12,6.09,22.0,8.171241461241152e-14
R862,Uber,Uber X,2026-05-08,19:59:00,20:29:00,30.000000000000053,1300-302,1885-012,14.93,10.95,8.22,30.0,5.3290705182007514e-14
R854,Uber,Uber X,2026-05-08,14:46:00,15:00:00,13.99999999999995,1050-020,1300-501,7.43,5.95,4.37,14.0,4.973799150320701e-14
R858,Uber,Uber X,2026-05-08,16:59:00,17:15:00,15.999999999999943,1070-025,1495-023,8.83,7.96,5.33,16.0,5.684341886080802e-14
R850,Bolt,Bolt,2026-05-08,16:41:00,16:57:00,15.999999999999943,2795-231,1070-034,11.6,7.17,7.39,16.0,5.684341886080802e-14
R857,Uber,Uber X,2026-05-08,16:15:00,16:28:00,12.999999999999794,1300-087,2795-227,8.06,5.93,5.49,13.0,2.0605739337042905e-13
R849,Bolt,Economy,2026-05-08,15:48:00,16:07:00,19.000000000000092,1600-087,1300-299,7.0,6.37,4.78,19.0,9.237055564881302e-14
R852,Uber,Uber X,2026-05-08,13:38:00,13:45:00,6.999999999999975,2625-109,2690-361,4.77,4.95,3.43,7.0,2.4868995751603507e-14
R861,Uber,Uber X Priority,2026-05-08,19:00:00,19:15:00,15.000000000000107,2790-024,1350-355,9.44,9.97,7.91,15.0,1.0658141036401503e-13
R851,Bolt,Economy,2026-05-08,18:41:00,18:59:00,18.000000000000096,1500-179,2790-488,8.6,9.77,7.33,18.0,9.592326932761353e-14
R859,Uber,Uber X Priority,2026-05-08,17:36:00,18:04:00,27.9999999999999,2790-008,1600-768,12.49,11.3,10.75,28.0,9.947598300641403e-14
R853,Uber ,Uber X,2026-05-08,14:01:00,14:09:00,7.999999999999972,1990-529,1885-094,3.9,4.95,3.38,8.0,2.842170943040401e-14
R847,Bolt,Bolt,2026-05-08,13:28:00,13:35:00,6.999999999999975,2615-076,2625-409,3.7,3.52,3.63,7.0,2.4868995751603507e-14
R855,Uber,Uber X,2026-05-08,15:02:00,15:16:00,14.00000000000011,1300-095,1600-131,7.97,9.95,7.93,14.0,1.1013412404281553e-13
R860,Uber,Uber X Priority,2026-05-08,18:21:00,18:32:00,10.999999999999961,1750-155,1500-313,4.93,5.97,4.98,11.0,3.907985046680551e-14
R856,Uber,Uber X Priority,2026-05-08,16:08:00,16:17:00,9.000000000000128,1300-372,1400-197,3.34,5.98,4.12,9.0,1.2789769243681803e-13
R872,Bolt,Economy,2026-05-09,19:13:00,19:37:00,24.000000000000075,1071-811,1990-027,14.7,4.2,6.3,24.0,7.460698725481052e-14
R865,Uber,Uber X,2026-05-09,14:08:00,14:17:00,8.999999999999968,1500-392,1050-181,4.79,3.94,3.38,9.0,3.197442310920451e-14
R868,Uber,Uber X,2026-05-09,15:59:00,16:11:00,12.000000000000117,1990-074,1700-008,4.63,4.94,3.55,12.0,1.1723955140041653e-13
R864,Uber,Uber X,2026-05-09,13:52:00,14:00:00,7.999999999999972,1600-070,1500-392,4.28,4.99,3.3,8.0,2.842170943040401e-14
R869,Uber,Uber X,2026-05-09,17:19:00,17:30:00,10.999999999999961,1685-450,2675-334,5.89,6.94,5.62,11.0,3.907985046680551e-14
R866,Uber,Uber X Priority,2026-05-09,14:24:00,14:32:00,7.999999999999972,1000-159,1700-008,4.02,5.99,4.04,8.0,2.842170943040401e-14
R867,Uber,Uber X,2026-05-09,15:38:00,15:52:00,13.99999999999995,1700-008,1990-005,4.5,9.0,5.16,14.0,4.973799150320701e-14
R871,Bolt,Economy,2026-05-09,16:36:00,17:05:00,28.999999999999737,1170-086,1685-768,15.1,23.95,17.96,29.0,2.6290081223123707e-13
R870,Uber,Uber X,2026-05-09,18:00:00,18:11:00,10.999999999999961,1700-11,1600-449,4.89,10.56,6.07,11.0,3.907985046680551e-14
R882,Uber,Uber X,2026-05-10,11:24:00,11:41:00,16.99999999999994,1300-065,1495-150,12.78,8.8,4.35,17.0,6.039613253960852e-14
R878,Uber,Uber X,2026-05-10,07:54:00,08:11:00,17.00000000000002,2615-044,1990-094,18.08,11.3,7.33,17.0,2.1316282072803006e-14
R883,Uber,Uber X,2026-05-10,11:53:00,12:15:00,22.0,2795-135,1952-146,19.17,11.93,7.92,22.0,0.0
R879,Uber,Uber X,2026-05-10,08:44:00,09:00:00,16.00000000000002,1300-032,1700-008,13.39,9.95,6.93,16.0,2.1316282072803006e-14
R881,Uber,Uber X,2026-05-10,10:53:00,11:12:00,18.999999999999932,1700-008,1300-141,13.61,12.0,7.11,19.0,6.750155989720952e-14
R873,Bolt,Bolt,2026-05-10,08:23:00,08:43:00,20.000000000000007,1990-291,1400-188,16.5,11.65,8.74,20.0,7.105427357601002e-15
R886,Uber ,Uber X,2026-05-10,20:24:00,20:45:00,21.000000000000085,1150-194,2685-408,11.92,9.95,6.47,21.0,8.526512829121202e-14
R884,Uber,Uber X,2026-05-10,13:25:00,13:37:00,11.999999999999957,1700-087,1990-094,6.77,5.94,3.88,12.0,4.263256414560601e-14
R877,Bolt,Economy,2026-05-10,17:36:00,17:59:00,22.99999999999992,1300-352,1700-305,12.3,9.41,7.06,23.0,8.171241461241152e-14
R876,Bolt,Bolt,2026-05-10,17:12:00,17:34:00,21.999999999999922,1700-008,1300-343,14.7,11.95,9.04,22.0,7.815970093361102e-14
R874,Bolt,Bolt,2026-05-10,13:16:00,13:24:00,7.999999999999972,1950-447,1700-175,4.5,4.57,3.61,8.0,2.842170943040401e-14
R880,Uber,Uber X Priority,2026-05-10,09:11:00,09:31:00,20.000000000000007,1700-008,1150-320,8.04,10.99,7.64,20.0,7.105427357601002e-15
R875,Bolt,Bolt,2026-05-10,15:16:00,15:24:00,7.999999999999972,1170-200,1170-061,1.7,3.39,3.18,8.0,2.842170943040401e-14
R885,Uber ,Uber X,2026-05-10,13:43:00,13:49:00,5.999999999999979,1990-095,1885-012,1.38,4.95,3.38,6.0,2.1316282072803006e-14
R892,Uber,Uber X,2026-05-11,18:20:00,18:39:00,18.999999999999932,2765-619,1495-070,17.23,12.94,7.37,19.0,6.750155989720952e-14
R891,Uber ,Uber X,2026-05-11,16:55:00,17:15:00,19.99999999999993,2795-049,2765-511,18.36,12.95,7.98,20.0,7.105427357601002e-14
R894,Bolt,Economy,2026-05-11,13:02:00,13:22:00,20.00000000000009,2625-472,2675-263,21.5,13.78,10.33,20.0,8.881784197001252e-14
R887,Uber ,Uber X,2026-05-11,13:22:00,13:35:00,12.999999999999954,1600-543,1300-124,10.87,6.95,5.72,13.0,4.618527782440651e-14
R902,Bolt,Economy,2026-05-11,19:51:00,20:07:00,15.999999999999943,1349-028,1050-099,8.6,6.04,4.53,16.0,5.684341886080802e-14
R889,Uber,Uber X Priority,2026-05-11,15:13:00,15:25:00,11.999999999999957,1800-076,1700-196,6.41,3.89,3.66,12.0,4.263256414560601e-14
R903,Bolt,Economy,2026-05-11,20:11:00,20:30:00,18.999999999999932,1050-082,1990-211,10.2,7.19,5.93,19.0,6.750155989720952e-14
R895,Bolt,Economy,2026-05-11,14:12:00,14:23:00,10.999999999999961,1250-069,2610-102,6.8,5.72,4.29,11.0,3.907985046680551e-14
R898,Bolt,Economy,2026-05-11,14:57:00,15:15:00,17.999999999999936,1050-167,1800-033,7.7,5.98,4.93,18.0,6.394884621840902e-14
R897,Bolt,Economy,2026-05-11,14:42:00,14:55:00,13.000000000000114,1500-392,1050-069,5.7,4.87,3.65,13.0,1.1368683772161603e-13
R900,Bolt,Economy,2026-05-11,17:29:00,18:05:00,35.99999999999987,2795-009,2765-009,25.4,17.42,17.13,36.0,1.2789769243681803e-13
R899,Bolt,Economy,2026-05-11,16:40:00,16:55:00,14.999999999999947,1300-096,1495-148,6.3,5.69,4.27,15.0,5.3290705182007514e-14
R890,Uber,Uber X,2026-05-11,15:36:00,15:50:00,13.99999999999995,1500-423,1300-464,7.21,5.93,5.01,14.0,4.973799150320701e-14
R901,Bolt,Economy,2026-05-11,19:40:00,19:51:00,10.999999999999961,1070-034,1300-263,5.6,5.13,4.24,11.0,3.907985046680551e-14
R888,Uber,Uber X Priority,2026-05-11,13:48:00,14:01:00,12.999999999999954,1300-124,1250-096,5.83,5.99,4.57,13.0,4.618527782440651e-14
R904,Bolt,Economy,2026-05-11,20:34:00,20:43:00,8.999999999999968,1990-083,2695-056,5.2,5.74,4.3,9.0,3.197442310920451e-14
R893,Uber ,Uber X Priority,2026-05-11,18:40:00,19:02:00,22.00000000000008,1495-070,1500-139,8.2,7.99,6.84,22.0,8.171241461241152e-14
R896,Bolt,Economy,2026-05-11,14:26:00,14:41:00,15.000000000000107,2610-017,1500-392,5.1,5.32,4.39,15.0,1.0658141036401503e-13
R907,Uber,Share,2026-05-12,13:57:00,14:13:00,16.000000000000103,2695-790,1700-250,9.85,4.91,4.72,16.0,1.0302869668521453e-13
R919,Uber,Uber X,2026-05-12,20:48:00,21:02:00,14.00000000000011,1600-073,1990-204,9.6,6.94,4.82,14.0,1.1013412404281553e-13
R918,Uber,Uber X,2026-05-12,20:29:00,20:41:00,11.999999999999957,1300-474,1050-013,7.47,5.96,3.93,12.0,4.263256414560601e-14
R906,Bolt,Economy,2026-05-12,17:03:00,17:29:00,26.000000000000068,1600-189,1400-034,11.4,8.51,6.38,26.0,6.750155989720952e-14
R915,Uber,Uber X,2026-05-12,17:58:00,18:17:00,19.000000000000252,2790-099,1300-357,9.87,7.94,5.65,19.0,2.5224267119483557e-13
R909,Uber,Uber X,2026-05-12,15:14:00,15:27:00,12.999999999999954,1050-020,1600-774,5.43,4.94,3.21,13.0,4.618527782440651e-14
R917,Uber,Uber X,2026-05-12,19:35:00,19:53:00,17.999999999999936,1700-008,1300-366,12.47,12.93,9.23,18.0,6.394884621840902e-14
R908,Uber,Uber X,2026-05-12,14:49:00,15:01:00,11.999999999999957,1700-178,1070-238,3.92,3.96,3.17,12.0,4.263256414560601e-14
R911,Uber ,Uber X,2026-05-12,16:21:00,16:32:00,11.00000000000012,1500-544,1050-053,6.1,5.94,5.2,11.0,1.2079226507921703e-13
R916,Uber ,Uber X,2026-05-12,18:30:00,19:10:00,40.000000000000014,1300-141,1700-008,11.43,13.95,9.86,40.0,1.4210854715202004e-14
R913,Uber,Uber X,2026-05-12,16:58:00,17:06:00,8.000000000000131,1400-038,1400-219,3.7,4.94,3.3,8.0,1.3145040611561853e-13
R905,Bolt,Bolt,2026-05-12,14:28:00,14:40:00,11.999999999999957,1700-306,1700-008,3.5,4.4,3.3,12.0,4.263256414560601e-14
R914,Uber,Uber X,2026-05-12,17:40:00,17:50:00,9.999999999999805,1400-074,2790-045,5.37,6.93,5.78,10.0,1.9539925233402755e-13
R912,Uber ,Uber X,2026-05-12,16:35:00,16:43:00,7.999999999999972,1700-019,1649-028,2.42,4.95,4.18,8.0,2.842170943040401e-14
R910,Uber,Uber X,2026-05-12,16:09:00,16:17:00,8.000000000000131,1600-756,1500-313,2.24,4.96,4.03,8.0,1.3145040611561853e-13
R920,Uber,Uber X,2026-05-13,12:54:00,13:16:00,22.00000000000008,2615-043,1069-413,24.96,12.76,9.64,22.0,8.171241461241152e-14
R921,Uber,Uber X,2026-05-13,15:00:00,15:18:00,18.000000000000096,1400-206,1750-142,14.69,8.93,5.8,18.0,9.592326932761353e-14
R927,Uber ,Uber X,2026-05-13,19:21:00,19:38:00,16.99999999999994,2685-343,2625-583,18.31,11.96,8.15,17.0,6.039613253960852e-14
R931,Bolt,Economy,2026-05-13,15:52:00,16:09:00,16.99999999999994,1600-821,1400-092,9.5,6.81,5.11,17.0,6.039613253960852e-14
R930,Bolt,Economy,2026-05-13,14:35:00,14:52:00,16.99999999999994,1050-020,1300-338,7.7,6.17,4.63,17.0,6.039613253960852e-14
R928,Bolt,Economy,2026-05-13,13:29:00,13:52:00,23.000000000000078,1050-025,1400-032,7.7,6.65,4.99,23.0,7.815970093361102e-14
R929,Bolt,Bolt,2026-05-13,13:54:00,14:08:00,13.99999999999995,1300-300,1070-237,8.1,7.02,5.26,14.0,4.973799150320701e-14
R922,Uber,Uber X Priority,2026-05-13,16:11:00,16:42:00,30.99999999999989,1400-005,1990-221,16.25,16.98,11.15,31.0,1.1013412404281553e-13
R926,Uber ,Uber X,2026-05-13,18:28:00,18:52:00,24.000000000000075,1600-189,2685-034,10.29,8.95,7.33,24.0,7.460698725481052e-14
R923,Uber,Uber X,2026-05-13,16:50:00,16:59:00,9.000000000000128,1800-294,1700-141,4.97,4.12,4.0,9.0,1.2789769243681803e-13
R924,Uber ,Uber X,2026-05-13,17:47:00,18:01:00,13.99999999999995,1700-122,1600-831,3.41,5.1,4.95,14.0,4.973799150320701e-14
R925,Uber ,Uber X Priority,2026-05-13,18:05:00,18:16:00,10.999999999999961,1600-209,1700-162,2.87,5.98,4.46,11.0,3.907985046680551e-14
R936,Uber ,Uber X,2026-05-14,15:22:00,15:45:00,22.99999999999992,1350-094,2780-065,18.45,11.95,7.77,23.0,8.171241461241152e-14
R932,Uber,Uber X,2026-05-14,14:02:00,14:15:00,12.999999999999954,2625-236,2685-046,8.51,5.57,4.26,13.0,4.618527782440651e-14
R934,Uber ,Uber X,2026-05-14,14:35:00,14:54:00,18.999999999999932,1990-079,1600-001,9.19,7.96,5.17,19.0,6.750155989720952e-14
R937,Uber,Uber X,2026-05-14,16:15:00,16:31:00,15.999999999999943,2780-047,1495-719,9.32,7.94,5.36,16.0,5.684341886080802e-14
R935,Uber ,Uber X Priority,2026-05-14,15:03:00,15:18:00,15.000000000000107,1600-154,1350-164,8.08,6.99,4.7,15.0,1.0658141036401503e-13
R939,Uber ,Uber X,2026-05-14,16:53:00,17:32:00,39.000000000000185,1500-399,1500-399,20.87,15.91,12.28,39.0,1.8474111129762605e-13
R938,Uber ,Uber X,2026-05-14,16:33:00,16:44:00,11.00000000000012,1495-025,1500-083,7.96,5.93,5.51,11.0,1.2079226507921703e-13
R933,Uber ,Uber X Priority,2026-05-14,14:24:00,14:31:00,7.000000000000135,2695-832,1990-233,4.74,4.97,3.71,7.0,1.3500311979441904e-13
R943,Uber ,Uber X,2026-05-14,19:22:00,19:46:00,23.999999999999915,1070-249,1300-299,4.51,5.94,4.87,24.0,8.526512829121202e-14
R940,Uber ,Uber X,2026-05-14,17:34:00,17:56:00,22.00000000000008,1500-467,1700-174,7.06,9.95,8.06,22.0,8.171241461241152e-14
R941,Uber ,Uber X,2026-05-14,18:08:00,18:21:00,13.000000000000114,1700-351,1649-023,2.8,5.09,4.94,13.0,1.1368683772161603e-13
R942,Uber ,Uber X,2026-05-14,18:33:00,19:09:00,35.99999999999987,1500-912,1269-059,6.39,13.93,11.47,36.0,1.2789769243681803e-13
R948,Uber ,Uber X,2026-05-15,14:49:00,15:34:00,45.0,1070-067,2760-003,25.45,11.1,9.8,45.0,0.0
R951,Uber ,Uber X,2026-05-15,21:00:00,21:16:00,15.999999999999943,1990-077,2625-187,12.85,8.96,5.82,16.0,5.684341886080802e-14
R953,Bolt,Economy,2026-05-15,13:53:00,14:16:00,23.000000000000078,2690-348,1500-515,19.0,12.14,9.1,23.0,7.815970093361102e-14
R945,Uber,Uber X,2026-05-15,14:56:00,15:29:00,32.999999999999886,1950-342,2710-692,28.01,18.95,13.57,33.0,1.1368683772161603e-13
R958,Bolt,Bolt,2026-05-15,20:18:00,20:37:00,19.000000000000092,2795-190,1050-240,12.3,6.69,6.27,19.0,9.237055564881302e-14
R957,Bolt,Bolt,2026-05-15,19:55:00,20:14:00,18.999999999999932,1300-509,2795-058,9.2,7.47,6.16,19.0,6.750155989720952e-14
R944,Uber ,Uber X,2026-05-15,14:16:00,14:35:00,19.000000000000092,1500-547,1050-059,6.47,5.95,4.5,19.0,9.237055564881302e-14
R955,Bolt,Bolt,2026-05-15,16:09:00,16:40:00,31.00000000000021,2710-590,1400-034,27.4,25.8,19.84,31.0,2.0961010704922955e-13
R946,Uber,Uber X,2026-05-15,17:01:00,17:19:00,18.000000000000096,1500-619,1350-352,8.28,6.94,6.01,18.0,9.592326932761353e-14
R950,Uber ,Uber X Priority,2026-05-15,19:07:00,19:19:00,11.999999999999957,1495-024,1300-474,8.21,6.18,6.0,12.0,4.263256414560601e-14
R947,Uber ,Uber X,2026-05-15,17:19:00,17:37:00,18.000000000000096,1350-352,1069-413,7.12,8.97,5.85,18.0,9.592326932761353e-14
R949,Uber,Uber X Priority,2026-05-15,18:51:00,19:04:00,12.999999999999794,2760-111,1400-038,8.18,8.97,6.84,13.0,2.0605739337042905e-13
R959,Bolt,Economy,2026-05-15,20:49:00,20:57:00,7.999999999999972,1700-097,1800-003,4.7,4.84,3.99,8.0,2.842170943040401e-14
R956,Bolt,Bolt,2026-05-15,16:44:00,16:57:00,12.999999999999794,1400-034,1500-620,8.5,6.47,8.09,13.0,2.0605739337042905e-13
R952,Bolt,Economy,2026-05-15,13:41:00,13:52:00,11.00000000000012,2625-197,2690-355,3.6,5.01,3.76,11.0,1.2079226507921703e-13
R954,Bolt,Bolt,2026-05-15,14:46:00,14:58:00,11.999999999999957,1000-045,1000-015,1.9,7.04,5.28,12.0,4.263256414560601e-14
R961,Uber,Uber X,2026-05-16,13:28:00,13:40:00,11.999999999999957,2695-727,1990-094,9.44,5.43,3.88,12.0,4.263256414560601e-14
R967,Uber,Uber X,2026-05-16,19:54:00,20:06:00,12.000000000000117,1350-252,1495-039,7.21,5.95,3.87,12.0,1.1723955140041653e-13
R970,Uber,Uber X,2026-05-16,21:21:00,21:37:00,15.999999999999943,1800-399,2615-360,17.68,10.95,9.8,16.0,5.684341886080802e-14
R968,Uber ,Uber X,2026-05-16,20:07:00,20:21:00,14.00000000000011,1400-290,1500-328,9.61,7.95,5.73,14.0,1.1013412404281553e-13
R960,Bolt,Economy,2026-05-16,13:17:00,13:28:00,10.999999999999961,2615-065,2625-026,5.5,4.81,3.61,11.0,3.907985046680551e-14
R966,Uber ,Uber X,2026-05-16,18:55:00,19:09:00,13.99999999999979,10770-067,1700-008,6.83,6.95,4.52,14.0,2.0961010704922955e-13
R969,Uber ,Uber X,2026-05-16,20:39:00,20:47:00,8.000000000000131,1500-101,1700-179,5.28,4.95,3.96,8.0,1.3145040611561853e-13
R964,Uber ,Uber X,2026-05-16,16:10:00,16:28:00,17.999999999999776,1050-010,1700-008,5.76,6.4,5.0,18.0,2.2382096176443156e-13
R962,Uber,Uber X,2026-05-16,13:49:00,13:59:00,9.999999999999964,1990-094,1800-128,3.42,4.95,3.38,10.0,3.552713678800501e-14
R965,Uber ,Uber X,2026-05-16,18:32:00,18:47:00,15.000000000000107,1170-132,1070-051,3.76,4.93,4.18,15.0,1.0658141036401503e-13
R963,Uber,Uber X Priority,2026-05-16,15:36:00,16:01:00,24.99999999999991,1100-319,1250-071,3.04,10.99,7.9,25.0,8.881784197001252e-14
R974,Bolt,Bolt,2026-05-17,08:55:00,09:14:00,19.000000000000014,2625-082,2685-124,13.3,5.64,6.04,19.0,1.4210854715202004e-14
R984,Bolt,Economy,2026-05-17,19:46:00,20:01:00,14.999999999999947,1400-034,1600-027,12.0,7.78,5.83,15.0,5.3290705182007514e-14
R977,Bolt,Economy,2026-05-17,09:53:00,10:11:00,18.000000000000014,1300-036,1000-005,10.0,6.79,5.09,18.0,1.4210854715202004e-14
R975,Bolt,Economy,2026-05-17,09:18:00,09:28:00,9.999999999999964,2685-327,1500-485,8.9,3.18,4.76,10.0,3.552713678800501e-14
R971,Uber,Uber X Priority,2026-05-17,13:26:00,13:41:00,14.999999999999947,1300-027,2610-041,10.26,8.99,5.84,15.0,5.3290705182007514e-14
R983,Bolt,Bolt,2026-05-17,19:26:00,19:39:00,12.999999999999954,1070-146,1400-035,7.4,5.64,4.23,13.0,4.618527782440651e-14
R986,Bolt,Bolt,2026-05-17,21:05:00,21:20:00,14.999999999999947,1990-233,2625-219,12.7,9.75,7.31,15.0,5.3290705182007514e-14
R985,Bolt,Bolt,2026-05-17,20:24:00,20:49:00,25.00000000000007,1600-410,1849-033,10.8,8.43,6.32,25.0,7.105427357601002e-14
R976,Bolt,Economy,2026-05-17,09:36:00,09:49:00,13.000000000000034,1500-680,1300-251,9.7,8.26,6.19,13.0,3.375077994860476e-14
R972,Uber,Uber X,2026-05-17,13:52:00,14:13:00,20.999999999999925,1150-293,1700-008,8.26,7.95,5.5,21.0,7.460698725481052e-14
R979,Bolt,Bolt,2026-05-17,11:51:00,12:14:00,23.0,1100-200,1700-008,8.7,8.83,6.62,23.0,0.0
R980,Bolt,Economy,2026-05-17,13:51:00,13:59:00,7.999999999999972,1500-576,1070-112,5.2,5.78,4.33,8.0,2.842170943040401e-14
R981,Bolt,Bolt,2026-05-17,15:36:00,16:01:00,24.99999999999991,1200-417,1990-175,8.0,9.85,7.39,25.0,8.881784197001252e-14
R973,Uber,Uber X,2026-05-17,20:03:00,20:10:00,6.999999999999975,1600-079,1500-585,3.51,3.96,3.3,7.0,2.4868995751603507e-14
R978,Bolt,Economy,2026-05-17,10:59:00,11:20:00,21.000000000000085,1200-050,1700-008,9.1,11.66,9.61,21.0,8.526512829121202e-14
R982,Bolt,Bolt,2026-05-17,17:34:00,17:58:00,23.999999999999915,1100-555,1700-008,6.0,4.84,6.64,24.0,8.526512829121202e-14
R995,Bolt,Economy,2026-05-18,16:39:00,17:01:00,21.999999999999922,2790-233,1750-293,14.9,8.3,6.22,22.0,7.815970093361102e-14
R1003,Uber,Courier,2026-05-18,13:29:00,13:55:00,25.999999999999908,2690-340,2795-184,28.26,17.32,13.0,26.0,9.237055564881302e-14
R1006,Uber,Uber X,2026-05-18,19:44:00,19:55:00,10.999999999999961,1300-125,1500-644,8.95,5.94,4.25,11.0,3.907985046680551e-14
R992,Bolt,Economy,2026-05-18,15:55:00,16:11:00,16.000000000000103,1300-443,2790-008,9.0,6.41,4.81,16.0,1.0302869668521453e-13
R1002,Bolt,Economy,2026-05-18,21:16:00,21:27:00,10.999999999999961,1500-329,1800-342,9.4,6.39,5.27,11.0,3.907985046680551e-14
R1007,Uber,Uber X,2026-05-18,19:59:00,20:09:00,9.999999999999805,1500-059,1495-148,6.76,4.95,3.87,10.0,1.9539925233402755e-13
R1005,Uber,Uber X,2026-05-18,19:27:00,19:39:00,11.999999999999957,2790-229,1300-544,8.43,6.94,5.28,12.0,4.263256414560601e-14
R990,Bolt,Economy,2026-05-18,14:59:00,15:12:00,12.999999999999954,1050-036,1300-260,6.0,4.05,3.79,13.0,4.618527782440651e-14
R996,Bolt,Economy,2026-05-18,17:07:00,17:27:00,19.99999999999993,1750-137,1300-246,10.4,8.91,6.68,20.0,7.105427357601002e-14
R988,Bolt,Bolt,2026-05-18,14:15:00,14:34:00,18.999999999999932,1495-025,1950-023,15.1,10.37,9.72,19.0,6.750155989720952e-14
R999,Bolt,Economy,2026-05-18,18:10:00,18:30:00,19.99999999999993,1600-138,1300-265,7.6,7.09,5.32,20.0,7.105427357601002e-14
R993,Bolt,Bolt,2026-05-18,16:13:00,16:23:00,10.000000000000124,2790-008,1400-193,4.7,4.67,3.5,10.0,1.2434497875801753e-13
R1000,Bolt,Economy,2026-05-18,18:34:00,18:44:00,9.999999999999964,1300-087,2790-045,4.2,4.59,3.44,10.0,3.552713678800501e-14
R998,Bolt,Bolt,2026-05-18,17:46:00,18:03:00,17.0000000000001,1400-043,1600-196,9.4,8.45,7.92,17.0,9.947598300641403e-14
R989,Bolt,Economy,2026-05-18,14:39:00,14:57:00,17.999999999999936,1950-152,1050-130,5.2,6.47,4.85,18.0,6.394884621840902e-14
R991,Bolt,Bolt,2026-05-18,15:17:00,15:26:00,9.000000000000128,1300-260,1300-253,3.1,3.6,3.37,9.0,1.2789769243681803e-13
R994,Bolt,Bolt,2026-05-18,16:25:00,16:36:00,11.00000000000012,1400-136,1400-160,3.3,3.87,3.63,11.0,1.2079226507921703e-13
R987,Bolt,Economy,2026-05-18,14:03:00,14:12:00,8.999999999999968,2790-181,1495-025,3.6,6.92,5.44,9.0,3.197442310920451e-14
R1001,Bolt,Bolt,2026-05-18,19:01:00,19:05:00,3.999999999999986,2610-017,2790-204,2.1,3.52,3.3,4.0,1.4210854715202004e-14
R1004,Uber,Uber X Priority,2026-05-18,18:47:00,18:52:00,4.999999999999822,2790-204,2790-045,2.38,4.97,3.95,5.0,1.7763568394002505e-13
R997,Bolt,Economy,2026-05-18,17:37:00,17:41:00,3.999999999999986,1400-352,1300-253,1.7,6.55,5.4,4.0,1.4210854715202004e-14
R1012,Uber,Uber X,2026-05-19,15:01:00,15:17:00,15.999999999999943,1500-561,2780-416,17.34,11.94,6.85,16.0,5.684341886080802e-14
R1008,Uber,Uber X,2026-05-19,13:36:00,13:59:00,22.99999999999992,2625-170,2650-129,21.95,14.96,9.72,23.0,8.171241461241152e-14
R1020,Uber,Uber X,2026-05-19,21:02:00,21:21:00,18.999999999999932,1990-092,2625-113,13.72,8.94,6.38,19.0,6.750155989720952e-14
R1009,Uber,Uber X,2026-05-19,14:21:00,14:37:00,16.000000000000103,1600-774,1350-251,9.85,5.96,4.68,16.0,1.0302869668521453e-13
R1013,Uber,Uber X,2026-05-19,15:46:00,16:01:00,14.999999999999947,2780-184,1449-005,12.38,8.94,6.29,15.0,5.3290705182007514e-14
R1011,Uber,Uber X Priority,2026-05-19,14:43:00,14:57:00,13.99999999999995,1350-201,1099-023,6.51,4.99,3.67,14.0,4.973799150320701e-14
R1027,Bolt,Bolt,2026-05-19,20:08:00,20:20:00,11.999999999999957,1495-765,1400-328,5.2,3.73,3.49,12.0,4.263256414560601e-14
R1019,Uber,Uber X,2026-05-19,20:39:00,20:48:00,9.000000000000128,1500-399,1700-182,5.27,4.95,3.64,9.0,1.2789769243681803e-13
R1024,Bolt,Bolt,2026-05-19,16:35:00,16:47:00,12.000000000000117,1300-484,2790-444,9.5,6.31,6.76,12.0,1.1723955140041653e-13
R1021,Bolt,Bolt,2026-05-19,14:11:00,14:22:00,10.999999999999961,2650-174,1600-297,5.1,4.21,3.94,11.0,3.907985046680551e-14
R1028,Bolt,Bolt,2026-05-19,20:27:00,20:35:00,7.999999999999972,1300-171,1500-392,5.0,5.5,4.12,8.0,2.842170943040401e-14
R1015,Uber ,Uber X Priority,2026-05-19,17:18:00,17:30:00,11.999999999999957,2610-123,1495-043,6.5,5.53,5.38,12.0,4.263256414560601e-14
R1014,Uber,Uber X,2026-05-19,16:55:00,17:08:00,12.999999999999954,2795-240,2610-061,5.97,5.14,5.02,13.0,4.618527782440651e-14
R1025,Bolt,Bolt,2026-05-19,19:06:00,19:14:00,7.999999999999972,1300-171,1300-233,4.1,4.63,3.47,8.0,2.842170943040401e-14
R1017,Uber ,Uber X Priority,2026-05-19,17:56:00,18:12:00,15.999999999999943,2790-486,1300-258,6.62,6.99,6.27,16.0,5.684341886080802e-14
R1022,Bolt,Bolt,2026-05-19,16:09:00,16:18:00,9.000000000000128,1400-015,1300-369,3.3,4.18,3.3,9.0,1.2789769243681803e-13
R1026,Bolt,Bolt,2026-05-19,19:52:00,20:04:00,11.999999999999957,1400-257,1495-070,3.4,3.87,3.63,12.0,4.263256414560601e-14
R1018,Uber ,Uber X,2026-05-19,18:22:00,18:34:00,11.999999999999957,1400-138,1500-114,5.55,8.94,7.67,12.0,4.263256414560601e-14
R1023,Bolt,Bolt,2026-05-19,16:21:00,16:27:00,5.999999999999979,1300-335,1300-073,1.8,4.18,3.3,6.0,2.1316282072803006e-14
R1016,Uber,Uber X Priority,2026-05-19,17:41:00,17:50:00,8.999999999999808,1495-043,1495-209,2.31,7.98,6.29,9.0,1.9184653865522705e-13
R1010,Uber,Uber X Priority,2026-05-19,14:39:00,14:42:00,2.9999999999998295,1350-045,1350-254,1.18,4.98,3.67,3.0,1.7053025658242404e-13
R1034,Uber,Uber X,2026-05-21,13:25:00,13:54:00,29.000000000000057,2625-575,1050-094,25.03,12.93,10.13,29.0,5.684341886080802e-14
R1037,Uber,Uber X,2026-05-21,14:35:00,14:51:00,15.999999999999943,1400-157,2785-565,16.16,10.94,6.66,16.0,5.684341886080802e-14
R1039,Uber ,Uber X,2026-05-21,15:37:00,15:51:00,13.99999999999995,2780-081,2790-406,9.11,5.93,4.02,14.0,4.973799150320701e-14
R1046,Uber ,Uber X,2026-05-21,20:55:00,21:09:00,13.99999999999995,1885-012,2625-204,12.21,7.95,5.78,14.0,4.973799150320701e-14
R1035,Uber,Uber X,2026-05-21,14:00:00,14:17:00,16.99999999999994,1000-141,2795-056,10.73,7.95,5.17,17.0,6.039613253960852e-14
R1033,Bolt,Bolt,2026-05-21,20:16:00,20:38:00,21.999999999999922,1300-251,2685-181,15.8,9.07,8.5,22.0,7.815970093361102e-14
R1044,Uber ,Uber X Priority,2026-05-21,18:57:00,19:13:00,15.999999999999943,1400-342,1600-042,11.28,9.98,6.49,16.0,5.684341886080802e-14
R1040,Uber,Uber X,2026-05-21,16:10:00,16:21:00,10.999999999999961,2795-240,1400-360,5.78,4.96,3.33,11.0,3.907985046680551e-14
R1045,Uber ,Uber X Priority,2026-05-21,19:37:00,19:57:00,19.99999999999993,1600-042,1400-038,13.26,11.98,7.79,20.0,7.105427357601002e-14
R1043,Uber,Uber X,2026-05-21,17:57:00,18:29:00,32.00000000000004,1800-399,1400-038,18.51,14.93,11.71,32.0,4.263256414560601e-14
R1030,Bolt,Economy,2026-05-21,15:59:00,16:09:00,9.999999999999964,2790-428,1495-061,5.2,4.46,3.34,10.0,3.552713678800501e-14
R1038,Uber ,Uber X,2026-05-21,15:03:00,15:13:00,9.999999999999964,2785-200,2780-051,5.85,3.96,3.81,10.0,3.552713678800501e-14
R1042,Uber ,Uber X Priority,2026-05-21,16:57:00,17:20:00,23.000000000000078,1495-005,1700-008,13.25,12.99,10.06,23.0,7.815970093361102e-14
R1029,Bolt,Economy,2026-05-21,13:11:00,13:21:00,9.999999999999964,2615-377,2625-430,4.1,3.86,3.18,10.0,3.552713678800501e-14
R1036,Uber,Uber X,2026-05-21,14:24:00,14:34:00,9.999999999999964,1495-03,1449-005,3.59,3.13,3.04,10.0,3.552713678800501e-14
R1031,Bolt,Bolt,2026-05-21,18:42:00,18:51:00,9.000000000000128,1495-165,1400-030,3.6,4.22,3.96,9.0,1.2789769243681803e-13
R1041,Uber ,Uber X,2026-05-21,16:27:00,16:42:00,14.999999999999947,1400-081,1495-094,5.23,8.95,6.61,15.0,5.3290705182007514e-14
R1032,Bolt,Bolt,2026-05-21,20:03:00,20:12:00,8.999999999999968,1400-030,1400-131,4.0,6.4,5.3,9.0,3.197442310920451e-14
R1056,Bolt,Economy,2026-05-22,15:45:00,16:26:00,41.000000000000014,2765-245,1700-305,47.1,21.48,18.38,41.0,1.4210854715202004e-14
R1054,Uber,Uber X,2026-05-22,20:42:00,21:00:00,18.000000000000096,1990-095,2615-034,17.81,11.46,7.59,18.0,9.592326932761353e-14
R1047,Uber ,Uber X,2026-05-22,13:00:00,13:45:00,45.0,2625-407,1200-272,23.82,13.95,12.16,45.0,0.0
R1048,Uber,Uber X Priority,2026-05-22,13:48:00,14:20:00,31.999999999999886,1200-407,2725-079,23.54,18.99,12.34,32.0,1.1368683772161603e-13
R1051,Uber,Uber X,2026-05-22,19:09:00,19:32:00,23.000000000000238,2760-063,1070-060,13.86,9.94,7.58,23.0,2.3803181647963356e-13
R1055,Bolt,Bolt,2026-05-22,14:33:00,14:54:00,20.999999999999925,2725-246,2750-353,15.7,9.45,9.96,21.0,7.460698725481052e-14
R1058,Bolt,Bolt,2026-05-22,17:43:00,18:06:00,23.000000000000238,2610-194,1495-701,9.2,10.12,7.59,23.0,2.3803181647963356e-13
R1049,Uber,Uber X,2026-05-22,16:37:00,16:55:00,18.000000000000096,1600-598,1300-015,11.29,13.93,10.57,18.0,9.592326932761353e-14
R1050,Uber,Uber X Priority,2026-05-22,18:44:00,18:56:00,11.999999999999957,1495-154,2790-308,6.11,10.99,8.96,12.0,4.263256414560601e-14
R1053,Uber,Uber X,2026-05-22,20:18:00,20:32:00,14.00000000000011,1649-013,1990-094,6.54,13.96,9.6,14.0,1.1013412404281553e-13
R1057,Bolt,Bolt,2026-05-22,17:13:00,17:25:00,12.000000000000277,1300-571,2790-045,4.9,8.78,8.23,12.0,2.7711166694643907e-13
R1059,Bolt,Bolt,2026-05-22,18:13:00,18:28:00,14.999999999999947,1495-057,1495-100,3.7,7.83,8.07,15.0,5.3290705182007514e-14
R1052,Uber ,Uber X Priority,2026-05-22,19:59:00,20:05:00,5.999999999999819,1070-061,1649-035,1.98,9.97,7.34,6.0,1.8118839761882555e-13
R1075,Uber,Uber X,2026-05-23,21:30:00,21:47:00,17.0000000000001,2685-149,2625-416,14.25,7.95,5.9,17.0,9.947598300641403e-14
R1060,Bolt,Economy,2026-05-23,13:05:00,13:49:00,43.999999999999844,2615-272,1200-238,28.9,16.8,12.6,44.0,1.5631940186722204e-13
R1070,Uber,Uber X,2026-05-23,17:47:00,18:06:00,19.000000000000092,1250-101,2790-049,11.33,7.93,5.18,19.0,9.237055564881302e-14
R1069,Uber,Uber X,2026-05-23,15:24:00,16:01:00,36.99999999999987,2750-352,1800-165,36.14,21.94,17.84,37.0,1.2789769243681803e-13
R1064,Bolt,Bolt,2026-05-23,14:53:00,15:23:00,29.999999999999893,1400-211,2750-483,27.7,18.38,14.18,30.0,1.0658141036401503e-13
R1074,Uber,Uber X,2026-05-23,21:08:00,21:24:00,15.999999999999943,1000-155,2685-203,9.86,7.94,5.16,16.0,5.684341886080802e-14
R1062,Bolt,Economy,2026-05-23,14:26:00,14:37:00,11.00000000000012,2795-090,1300-225,7.9,6.24,4.68,11.0,1.2079226507921703e-13
R1072,Uber,Uber X,2026-05-23,18:33:00,18:51:00,18.000000000000096,1300-421,1750-183,13.01,12.94,8.79,18.0,9.592326932761353e-14
R1073,Uber ,Uber X,2026-05-23,19:24:00,19:33:00,9.000000000000128,2680-098,1500-392,8.29,6.93,5.68,9.0,1.2789769243681803e-13
R1071,Uber,Uber X,2026-05-23,18:09:00,18:21:00,12.000000000000117,2795-042,1300-421,6.1,4.96,4.65,12.0,1.1723955140041653e-13
R1061,Bolt,Economy,2026-05-23,13:57:00,14:17:00,20.00000000000009,1200-734,1495-710,10.2,10.02,8.26,20.0,8.881784197001252e-14
R1068,Bolt,Bolt,2026-05-23,20:09:00,20:25:00,16.000000000000263,1500-576,1269-050,6.9,6.42,6.02,16.0,2.6290081223123707e-13
R1065,Bolt,Bolt,2026-05-23,16:51:00,17:25:00,34.00000000000004,1700-008,1200-269,10.5,14.2,10.91,34.0,4.263256414560601e-14
R1067,Bolt,Bolt,2026-05-23,19:55:00,20:06:00,10.999999999999961,1500-580,1500-534,5.6,10.19,8.05,11.0,3.907985046680551e-14
R1063,Bolt,Economy,2026-05-23,14:41:00,14:49:00,7.999999999999972,1300-120,1300-462,2.3,4.62,3.46,8.0,2.842170943040401e-14
R1066,Bolt,Bolt,2026-05-23,17:30:00,17:42:00,11.999999999999957,1200-086,1350-264,2.3,5.13,4.05,12.0,4.263256414560601e-14
R1088,Uber ,Uber X,2026-05-24,19:33:00,19:54:00,20.999999999999925,1990-529,1250-177,21.16,12.95,8.42,21.0,7.460698725481052e-14
R1086,Uber,Uber X,2026-05-24,17:57:00,18:15:00,17.999999999999936,1600-311,2775-751,21.15,13.93,8.6,18.0,6.394884621840902e-14
R1076,Uber,Uber X,2026-05-24,09:06:00,09:26:00,20.000000000000007,2625-218,1600-190,20.27,13.06,8.41,20.0,7.105427357601002e-15
R1087,Uber ,Uber X,2026-05-24,18:19:00,18:51:00,32.000000000000206,2780-100,1990-098,27.82,18.94,11.86,32.0,2.0605739337042905e-13
R1094,Bolt,Economy,2026-05-24,15:07:00,15:25:00,17.999999999999936,2790-498,1700-008,11.5,7.48,5.61,18.0,6.394884621840902e-14
R1096,Bolt,Economy,2026-05-24,17:07:00,17:24:00,16.99999999999994,1500-581,1300-408,10.6,6.92,5.19,17.0,6.039613253960852e-14
R1089,Uber,Uber X,2026-05-24,20:16:00,20:34:00,17.999999999999936,1500-624,1990-203,13.12,9.95,6.63,18.0,6.394884621840902e-14
R1092,Bolt,Economy,2026-05-24,10:54:00,11:09:00,15.000000000000027,1300-147,1070-034,7.6,5.78,4.33,15.0,2.6645352591003757e-14
R1082,Uber,Uber X,2026-05-24,14:09:00,14:22:00,12.999999999999954,1300-049,1500-327,7.84,5.94,4.59,13.0,4.618527782440651e-14
R1091,Bolt,Economy,2026-05-24,10:31:00,10:41:00,9.999999999999964,1495-017,1300-021,4.9,3.32,3.11,10.0,3.552713678800501e-14
R1084,Uber,Uber X Priority,2026-05-24,15:59:00,16:25:00,26.000000000000068,1800-399,1200-672,11.15,11.99,7.79,26.0,6.750155989720952e-14
R1098,Bolt,Economy,2026-05-24,20:45:00,20:56:00,10.999999999999961,1990-094,2694-001,9.3,8.34,6.5,11.0,3.907985046680551e-14
R1097,Bolt,Bolt,2026-05-24,17:28:00,17:42:00,13.99999999999995,1300-578,1000-079,9.6,8.67,6.85,14.0,4.973799150320701e-14
R1085,Uber ,Uber X,2026-05-24,16:34:00,16:55:00,21.000000000000085,1200-718,1600-231,7.17,7.93,5.15,21.0,8.526512829121202e-14
R1083,Uber ,Uber X,2026-05-24,14:26:00,14:39:00,13.000000000000114,1500-252,1300-370,5.95,6.94,4.51,13.0,1.1368683772161603e-13
R1093,Bolt,Bolt,2026-05-24,14:49:00,15:03:00,13.99999999999995,1300-059,2790-143,7.0,5.74,5.38,14.0,4.973799150320701e-14
R1079,Uber,Uber X,2026-05-24,13:05:00,13:20:00,14.999999999999947,2685-215,1500-279,9.63,10.95,7.45,15.0,5.3290705182007514e-14
R1078,Uber ,Uber X,2026-05-24,11:21:00,11:37:00,16.00000000000002,1600-137,1700-008,6.63,6.93,5.7,16.0,2.1316282072803006e-14
R1081,Uber,Uber X,2026-05-24,13:51:00,14:01:00,10.000000000000124,1350-353,1300-004,3.81,4.95,3.3,10.0,1.2434497875801753e-13
R1080,Uber,Uber X,2026-05-24,13:35:00,13:47:00,11.999999999999957,1700-284,1350-353,9.27,10.94,8.22,12.0,4.263256414560601e-14
R1095,Bolt,Bolt,2026-05-24,15:52:00,16:01:00,8.999999999999968,2685-352,1800-142,4.3,5.56,4.17,9.0,3.197442310920451e-14
R1090,Bolt,Bolt,2026-05-24,09:48:00,10:06:00,17.999999999999936,1050-228,1495-704,13.9,14.67,15.49,18.0,6.394884621840902e-14
R1077,Uber,Uber X Priority,2026-05-24,11:06:00,11:13:00,7.000000000000055,1050-054,1600-008,2.18,7.97,5.94,7.0,5.5067062021407764e-14
R1116,Uber ,Uber X,2026-05-25,20:23:00,20:46:00,22.99999999999992,1500-392,2625-703,21.33,11.93,8.58,23.0,8.171241461241152e-14
R1109,Uber,Uber X,2026-05-25,13:04:00,13:40:00,36.00000000000003,2625-693,1200-443,25.14,14.94,11.91,36.0,2.842170943040401e-14
R1111,Uber ,Uber X Priority,2026-05-25,14:51:00,15:04:00,12.999999999999954,1500-458,2795-250,9.91,8.98,5.87,13.0,4.618527782440651e-14
R1115,Uber,Uber X,2026-05-25,20:01:00,20:11:00,10.000000000000124,2795-053,1500-328,7.1,4.94,4.23,10.0,1.2434497875801753e-13
R1103,Bolt,Bolt,2026-05-25,16:14:00,16:31:00,16.99999999999994,1500-392,1300-038,9.3,6.02,6.2,17.0,6.039613253960852e-14
R1105,Bolt,Bolt,2026-05-25,16:46:00,17:00:00,14.00000000000011,1300-344,2610-284,7.5,7.06,5.29,14.0,1.1013412404281553e-13
R1100,Bolt,Bolt,2026-05-25,14:34:00,14:46:00,12.000000000000117,1300-457,1500-380,7.2,5.46,5.11,12.0,1.1723955140041653e-13
R1108,Bolt,Bolt,2026-05-25,19:37:00,19:53:00,15.999999999999943,1300-343,2795-050,6.8,5.66,5.31,16.0,5.684341886080802e-14
R1106,Bolt,Bolt,2026-05-25,17:24:00,17:51:00,27.000000000000064,1500-392,1990-096,10.7,11.87,8.9,27.0,6.394884621840902e-14
R1107,Bolt,Bolt,2026-05-25,18:58:00,19:11:00,13.000000000000114,1495-111,1349-019,4.6,5.29,3.97,13.0,1.1368683772161603e-13
R1102,Bolt,Bolt,2026-05-25,15:57:00,16:14:00,17.0000000000001,1400-209,1500-392,8.7,10.01,7.51,17.0,9.947598300641403e-14
R1113,Uber ,Uber X Priority,2026-05-25,17:51:00,18:25:00,34.00000000000004,1800-224,1300-215,15.18,15.97,13.17,34.0,4.263256414560601e-14
R1114,Uber ,Uber X,2026-05-25,18:41:00,18:51:00,10.000000000000124,1300-267,1495-024,4.21,4.94,3.84,10.0,1.2434497875801753e-13
R1104,Bolt,Priority,2026-05-25,16:36:00,16:44:00,7.999999999999972,1500-589,1300-345,4.9,6.84,5.13,8.0,2.842170943040401e-14
R1099,Bolt,Bolt,2026-05-25,13:54:00,14:18:00,23.999999999999915,1100-278,1300-225,7.6,9.67,7.98,24.0,8.526512829121202e-14
R1110,Uber ,Uber X Priority,2026-05-25,14:09:00,14:17:00,7.999999999999972,1300-596,1300-001,2.89,4.98,3.67,8.0,2.842170943040401e-14
R1112,Uber ,Uber X Priority,2026-05-25,17:01:00,17:15:00,14.00000000000011,2720-364,1500-392,4.54,5.98,5.77,14.0,1.1013412404281553e-13
R1101,Bolt,Economy,2026-05-25,15:41:00,15:48:00,6.999999999999975,2795-098,1495-001,2.9,4.62,3.81,7.0,2.4868995751603507e-14
R1128,Bolt,Economy,2026-05-26,13:10:00,13:36:00,26.000000000000068,2625-121,1600-166,22.1,12.81,9.61,26.0,6.750155989720952e-14
R1122,Uber ,Uber X,2026-05-26,15:55:00,16:17:00,22.00000000000008,2775-604,1300-343,14.79,9.95,7.48,22.0,8.171241461241152e-14
R1130,Bolt,Bolt,2026-05-26,15:36:00,15:55:00,18.999999999999932,2765-053,2775-407,7.9,5.55,4.16,19.0,6.750155989720952e-14
R1127,Uber,Uber X Priority,2026-05-26,20:41:00,20:57:00,15.999999999999943,1990-094,2625-123,11.96,9.99,6.49,16.0,5.684341886080802e-14
R1132,Bolt,Economy,2026-05-26,20:12:00,20:31:00,18.999999999999932,1495-154,1700-317,14.4,10.56,7.92,19.0,6.750155989720952e-14
R1120,Uber ,Uber X,2026-05-26,14:09:00,14:25:00,15.999999999999943,1500-392,1300-171,9.16,6.95,5.09,16.0,5.684341886080802e-14
R1121,Uber ,Share,2026-05-26,14:31:00,14:54:00,22.99999999999992,1300-205,2765-223,23.06,18.51,15.21,23.0,8.171241461241152e-14
R1126,Uber ,Uber X,2026-05-26,18:52:00,19:17:00,25.00000000000007,1050-152,1300-015,9.19,9.93,8.85,25.0,7.105427357601002e-14
R1129,Bolt,Bolt,2026-05-26,15:09:00,15:16:00,7.000000000000135,2765-472,2765-373,2.4,3.08,3.3,7.0,1.3500311979441904e-13
R1124,Uber ,Uber X,2026-05-26,17:18:00,17:48:00,30.000000000000053,1050-020,1990-094,9.48,18.95,13.73,30.0,5.3290705182007514e-14
R1125,Uber,Uber X Priority,2026-05-26,17:45:00,18:24:00,38.99999999999986,1990-048,1600-042,11.92,23.98,17.65,39.0,1.4210854715202004e-13
R1131,Bolt,Bolt,2026-05-26,16:31:00,16:46:00,14.999999999999947,1300-146,1500-458,7.4,9.35,11.02,15.0,5.3290705182007514e-14
R1123,Uber ,Uber X Priority,2026-05-26,16:59:00,17:13:00,13.99999999999979,1500-458,1070-034,2.21,5.98,4.03,14.0,2.0961010704922955e-13
R1117,Uber ,Uber X,2026-05-26,13:37:00,13:42:00,4.999999999999982,1600-192,1500-714,2.15,5.94,4.1,5.0,1.7763568394002505e-14
R1119,Uber ,Uber X,2026-05-26,13:58:00,14:03:00,4.999999999999982,1600-625,1600-510,1.9,4.94,4.1,5.0,1.7763568394002505e-14
R1118,Uber ,Uber X,2026-05-26,13:49:00,13:53:00,3.999999999999986,1500-580,1600-764,0.94,4.94,3.52,4.0,1.4210854715202004e-14
R1136,Bolt,Economy,2026-05-28,15:46:00,16:16:00,29.999999999999893,2775-227,1070-061,25.1,13.95,10.64,30.0,1.0658141036401503e-13
R1134,Bolt,Bolt,2026-05-28,14:00:00,14:14:00,13.99999999999995,1300-164,1495-170,10.0,6.04,4.53,14.0,4.973799150320701e-14
R1142,Uber ,Uber X,2026-05-28,14:14:00,14:33:00,19.000000000000092,1495-094,2785-355,14.57,10.96,7.12,19.0,9.237055564881302e-14
R1133,Bolt,Bolt,2026-05-28,13:17:00,13:50:00,33.00000000000004,2615-131,1300-307,30.7,17.24,15.22,33.0,4.263256414560601e-14
R1141,Bolt,Economy,2026-05-28,20:43:00,21:05:00,22.00000000000008,1990-094,2625-705,14.4,9.03,7.45,22.0,8.171241461241152e-14
R1140,Bolt,Economy,2026-05-28,19:41:00,20:04:00,23.000000000000078,1400-081,1700-305,13.4,10.3,7.72,23.0,7.815970093361102e-14
R1143,Uber ,Uber X,2026-05-28,14:39:00,14:49:00,9.999999999999964,2770-004,2780-065,4.67,3.93,3.34,10.0,3.552713678800501e-14
R1139,Bolt,Bolt,2026-05-28,17:32:00,17:42:00,9.999999999999805,2724-510,2790-226,5.2,4.07,4.36,10.0,1.9539925233402755e-13
R1138,Bolt,Bolt,2026-05-28,16:59:00,17:25:00,26.000000000000068,1350-179,2610-067,9.4,12.24,9.18,26.0,6.750155989720952e-14
R1146,Uber ,Uber X,2026-05-28,18:21:00,18:39:00,17.999999999999776,1495-155,1500-644,8.34,13.94,11.45,18.0,2.2382096176443156e-13
R1135,Bolt,Bolt,2026-05-28,15:36:00,15:41:00,4.999999999999982,2780-047,2775-604,2.3,3.52,3.63,5.0,1.7763568394002505e-14
R1147,Uber,Uber X,2026-05-28,18:40:00,18:53:00,12.999999999999954,1500-492,1300-651,5.66,13.95,9.07,13.0,4.618527782440651e-14
R1145,Uber,Uber X,2026-05-28,18:03:00,18:16:00,12.999999999999954,2790-226,1495-039,3.85,6.97,6.76,13.0,4.618527782440651e-14
R1137,Bolt,Bolt,2026-05-28,16:38:00,16:53:00,14.999999999999947,1250-143,1200-695,2.7,5.57,5.22,15.0,5.3290705182007514e-14
R1144,Uber ,Uber X,2026-05-28,16:16:00,16:22:00,6.0000000000001386,1070-034,1069-413,1.42,9.96,6.7,6.0,1.3855583347321954e-13
R1153,Uber,Uber X,2026-05-29,20:57:00,21:14:00,17.0000000000001,1700-249,2625-016,14.38,9.95,6.47,17.0,9.947598300641403e-14
R1154,Bolt,Economy,2026-05-29,13:22:00,13:37:00,14.999999999999947,2615-123,2695-631,12.4,8.4,6.3,15.0,5.3290705182007514e-14
R1157,Bolt,Economy,2026-05-29,14:48:00,15:05:00,16.99999999999994,2780-084,2795-248,12.9,9.11,7.01,17.0,6.039613253960852e-14
R1155,Bolt,Economy,2026-05-29,13:45:00,14:05:00,20.00000000000009,2685-068,1600-898,12.5,10.55,7.91,20.0,8.881784197001252e-14
R1156,Bolt,Economy,2026-05-29,14:15:00,14:39:00,24.000000000000075,1600-891,2775-604,24.2,20.33,15.42,24.0,7.460698725481052e-14
R1158,Bolt,Bolt,2026-05-29,15:45:00,15:59:00,13.99999999999995,2795-116,1300-569,6.3,6.83,5.12,14.0,4.973799150320701e-14
R1159,Bolt,Bolt,2026-05-29,16:08:00,16:26:00,18.000000000000096,1400-228,1600-222,8.4,7.71,7.23,18.0,9.592326932761353e-14
R1148,Uber ,Uber X,2026-05-29,16:52:00,17:05:00,12.999999999999794,1500-392,1495-039,9.05,11.93,9.18,13.0,2.0605739337042905e-13
R1164,Bolt,Economy,2026-05-29,19:09:00,19:18:00,9.000000000000128,1500-995,2610-263,5.2,7.46,5.59,9.0,1.2789769243681803e-13
R1160,Bolt,Bolt,2026-05-29,16:29:00,16:43:00,13.99999999999995,1600-086,1750-004,4.1,5.28,4.95,14.0,4.973799150320701e-14
R1161,Bolt,Bolt,2026-05-29,16:47:00,16:55:00,7.999999999999972,1749-012,1500-329,5.3,7.43,6.97,8.0,2.842170943040401e-14
R1166,Bolt,Economy,2026-05-29,19:58:00,20:13:00,14.999999999999947,1500-545,1600-411,5.1,7.53,7.06,15.0,5.3290705182007514e-14
R1165,Bolt,Economy,2026-05-29,19:22:00,19:31:00,8.999999999999968,2720-212,1500-416,3.4,6.35,4.76,9.0,3.197442310920451e-14
R1150,Uber ,Uber X,2026-05-29,18:22:00,18:39:00,16.99999999999978,1495-061,1500-050,7.16,13.93,10.63,17.0,2.2026824808563106e-13
R1149,Uber ,Uber X,2026-05-29,17:59:00,18:16:00,16.99999999999994,1400-378,1495-150,5.82,9.95,8.72,17.0,6.039613253960852e-14
R1152,Uber,Uber X,2026-05-29,20:29:00,20:47:00,17.999999999999936,1600-530,1700-339,6.03,10.93,9.73,18.0,6.394884621840902e-14
R1151,Uber,Uber X Priority,2026-05-29,18:44:00,18:50:00,5.999999999999979,1500-369,1600-226,3.21,7.98,5.44,6.0,2.1316282072803006e-14
R1162,Bolt,Bolt,2026-05-29,17:33:00,17:41:00,7.999999999999972,1400-208,1300-267,2.9,6.6,5.45,8.0,2.842170943040401e-14
R1167,Bolt,Economy,2026-05-29,20:18:00,20:22:00,3.999999999999986,1600-411,1600-621,1.6,6.59,5.43,4.0,1.4210854715202004e-14
R1163,Bolt,Bolt,2026-05-29,17:43:00,17:47:00,4.000000000000146,1300-321,1300-182,1.5,6.73,5.56,4.0,1.4566126083082054e-13
R1185,Uber,Uber X,2026-05-30,19:02:00,19:18:00,15.999999999999943,1700-322,1400-038,15.01,9.94,6.46,16.0,5.684341886080802e-14
R1177,Bolt,Bolt,2026-05-30,18:45:00,19:05:00,19.99999999999993,2790-008,1700-047,14.0,8.74,6.55,20.0,7.105427357601002e-14
R1184,Uber ,Uber X,2026-05-30,17:47:00,18:01:00,13.99999999999995,2685-190,1070-040,11.97,8.94,5.81,14.0,4.973799150320701e-14
R1168,Bolt,Bolt,2026-05-30,13:15:00,13:31:00,15.999999999999943,2615-289,2685-244,17.5,12.43,9.7,16.0,5.684341886080802e-14
R1186,Uber ,Uber X,2026-05-30,20:04:00,20:25:00,21.000000000000085,1495-037,1990-231,16.66,9.95,9.64,21.0,8.526512829121202e-14
R1178,Bolt,Economy,2026-05-30,20:57:00,21:14:00,17.0000000000001,1998-010,2625-122,12.1,9.46,7.09,17.0,9.947598300641403e-14
R1179,Uber ,Uber X,2026-05-30,13:47:00,14:07:00,20.00000000000009,1800-399,1500-417,10.44,10.21,6.69,20.0,8.881784197001252e-14
R1180,Uber ,Uber X,2026-05-30,14:34:00,14:45:00,11.00000000000012,1300-114,1495-123,5.93,5.93,3.85,11.0,1.2079226507921703e-13
R1173,Bolt,Economy,2026-05-30,15:50:00,16:07:00,17.0000000000001,1700-175,2795-022,12.7,10.31,8.5,17.0,9.947598300641403e-14
R1171,Bolt,Bolt,2026-05-30,15:04:00,15:25:00,20.999999999999925,1495-170,1600-060,12.0,7.9,8.46,21.0,7.460698725481052e-14
R1175,Bolt,Bolt,2026-05-30,18:20:00,18:32:00,12.000000000000117,1070-034,2795-098,10.0,9.76,7.32,12.0,1.1723955140041653e-13
R1170,Bolt,Economy,2026-05-30,14:23:00,14:40:00,16.99999999999994,1500-040,1300-474,8.1,8.99,6.74,17.0,6.039613253960852e-14
R1182,Uber,Uber X,2026-05-30,16:46:00,16:54:00,7.999999999999972,2610-051,1700-008,9.95,12.94,9.49,8.0,2.842170943040401e-14
R1174,Bolt,Economy,2026-05-30,16:27:00,16:39:00,11.999999999999957,1495-001,1500-185,8.7,10.55,9.15,12.0,4.263256414560601e-14
R1169,Bolt,Economy,2026-05-30,13:37:00,13:47:00,9.999999999999964,2685-079,1990-233,4.0,6.55,5.4,10.0,3.552713678800501e-14
R1183,Uber ,Uber X,2026-05-30,16:37:00,16:46:00,8.999999999999968,1500-392,2610-244,5.01,9.96,7.17,9.0,3.197442310920451e-14
R1172,Bolt,Economy,2026-05-30,15:31:00,15:38:00,6.999999999999975,1700-097,1700-008,3.3,6.55,5.4,7.0,2.4868995751603507e-14
R1181,Uber,Uber X,2026-05-30,16:09:00,16:16:00,6.999999999999975,1495-190,2795-132,2.92,7.94,5.66,7.0,2.4868995751603507e-14
R1176,Bolt,Bolt,2026-05-30,18:37:00,18:42:00,4.999999999999982,2795-069,2790-072,1.4,4.22,3.96,5.0,1.7763568394002505e-14
R1193,Bolt,Economy,2026-05-31,13:16:00,13:56:00,40.000000000000014,2690-501,2780-181,43.4,20.95,15.89,40.0,1.4210854715202004e-14
R1187,Uber,Uber X,2026-05-31,13:59:00,14:14:00,15.000000000000107,2775-588,2790-098,14.75,10.94,7.09,15.0,1.0658141036401503e-13
R1191,Uber ,Uber X Priority,2026-05-31,17:31:00,17:47:00,16.000000000000103,1649-035,2690-447,16.93,12.98,8.44,16.0,1.0302869668521453e-13
R1197,Bolt,Economy,2026-05-31,16:04:00,16:19:00,15.000000000000107,1495-717,1050-166,11.0,8.37,6.28,15.0,1.0658141036401503e-13
R1195,Bolt,Bolt,2026-05-31,14:51:00,15:03:00,11.999999999999957,1300-176,1700-094,9.5,5.85,5.48,12.0,4.263256414560601e-14
R1192,Bolt,Economy,2026-05-31,13:03:00,13:13:00,9.999999999999964,2615-377,2625-173,5.3,3.47,3.25,10.0,3.552713678800501e-14
R1188,Uber ,Uber X,2026-05-31,15:41:00,15:50:00,8.999999999999968,2610-019,1495-745,7.69,5.95,4.91,9.0,3.197442310920451e-14
R1196,Bolt,Bolt,2026-05-31,15:10:00,15:21:00,10.999999999999961,1600-428,2790-073,10.5,8.68,8.14,11.0,3.907985046680551e-14
R1199,Bolt,Economy,2026-05-31,16:58:00,17:12:00,14.00000000000011,1500-356,1070-112,7.0,8.35,6.26,14.0,1.1013412404281553e-13
R1194,Bolt,Bolt,2026-05-31,14:32:00,14:44:00,11.999999999999957,2610-168,1300-070,6.7,7.58,6.25,12.0,4.263256414560601e-14
R1198,Bolt,Economy,2026-05-31,16:36:00,16:48:00,11.999999999999957,1070-212,1500-175,5.8,7.21,5.95,12.0,4.263256414560601e-14
R1190,Uber ,Uber X,2026-05-31,17:13:00,17:25:00,12.000000000000277,1250-161,1069-169,2.86,4.95,3.63,12.0,2.7711166694643907e-13
R1189,Uber ,Uber X Priority,2026-05-31,16:18:00,16:24:00,5.999999999999819,1050-150,1070-092,1.49,6.97,4.7,6.0,1.8118839761882555e-13
R1218,Uber ,Uber X,2026-06-01,19:45:00,20:13:00,27.9999999999999,1400-072,2625-407,32.44,24.96,16.22,28.0,9.947598300641403e-14
R1201,Bolt,Economy,2026-06-01,14:26:00,14:40:00,13.99999999999995,1500-392,1300-025,8.4,6.04,4.53,14.0,4.973799150320701e-14
R1208,Uber,Uber X,2026-06-01,12:59:00,13:30:00,31.00000000000005,2625-022,1200-478,20.43,14.95,11.48,31.0,4.973799150320701e-14
R1217,Uber ,Uber X,2026-06-01,19:01:00,19:13:00,11.999999999999957,2720-275,1495-148,7.55,5.95,4.9,12.0,4.263256414560601e-14
R1200,Bolt,Bolt,2026-06-01,14:10:00,14:24:00,13.99999999999995,1400-034,1500-392,10.0,6.3,6.75,14.0,4.973799150320701e-14
R1214,Uber ,Uber X,2026-06-01,16:25:00,16:36:00,11.00000000000012,1400-017,1495-751,7.4,6.94,5.32,11.0,1.2079226507921703e-13
R1211,Uber,Uber X Priority,2026-06-01,15:38:00,15:51:00,12.999999999999954,2790-045,2795-005,5.89,5.98,4.6,13.0,4.618527782440651e-14
R1207,Bolt,Bolt,2026-06-01,18:53:00,19:03:00,10.000000000000124,1070-168,2720-701,5.9,5.5,5.16,10.0,1.2434497875801753e-13
R1203,Bolt,Bolt,2026-06-01,15:05:00,15:13:00,7.999999999999972,1400-091,1500-665,4.3,3.7,3.96,8.0,2.842170943040401e-14
R1206,Bolt,Bolt,2026-06-01,18:33:00,18:44:00,10.999999999999961,1400-204,1500-589,4.4,3.81,4.08,11.0,3.907985046680551e-14
R1216,Uber ,Uber X,2026-06-01,17:34:00,17:56:00,22.00000000000008,2780-118,1300-267,13.2,16.95,13.44,22.0,8.171241461241152e-14
R1205,Bolt,Bolt,2026-06-01,18:20:00,18:29:00,9.000000000000128,1495-019,1300-402,4.0,5.72,4.29,9.0,1.2789769243681803e-13
R1204,Bolt,Bolt,2026-06-01,18:06:00,18:18:00,11.999999999999957,1300-450,1495-053,3.9,4.81,4.51,12.0,4.263256414560601e-14
R1210,Uber ,Courier,2026-06-01,13:45:00,13:53:00,7.999999999999972,1300-552,1400-029,3.71,6.0,4.5,8.0,2.842170943040401e-14
R1212,Uber ,Uber X Priority,2026-06-01,15:55:00,16:04:00,8.999999999999968,1495-700,1495-037,3.5,4.99,4.47,9.0,3.197442310920451e-14
R1202,Bolt,Accessibility,2026-06-01,14:47:00,15:01:00,13.99999999999995,1350-021,1400-406,6.0,11.03,8.27,14.0,4.973799150320701e-14
R1209,Uber,Uber X,2026-06-01,13:37:00,13:46:00,9.000000000000128,1200-371,1300-501,3.49,7.94,5.57,9.0,1.2789769243681803e-13
R1213,Uber,Uber X,2026-06-01,16:19:00,16:25:00,5.999999999999979,1495-043,1400-424,2.69,5.94,4.68,6.0,2.1316282072803006e-14
R1215,Uber ,Uber X Priority,2026-06-01,17:11:00,17:26:00,14.999999999999947,2760-104,2780-295,6.56,13.98,11.96,15.0,5.3290705182007514e-14
R1220,Uber ,Uber X,2026-06-03,12:58:00,13:20:00,22.00000000000008,2615-060,2610-218,26.72,15.95,10.77,22.0,8.171241461241152e-14
R1229,Uber,Uber X,2026-06-03,21:14:00,21:32:00,17.999999999999936,1800-039,2625-411,14.08,8.95,6.61,18.0,6.394884621840902e-14
R1224,Uber,Uber X,2026-06-03,15:10:00,15:26:00,16.000000000000103,1649-035,1495-724,12.69,10.95,7.12,16.0,1.0302869668521453e-13
R1237,Bolt,Economy,2026-06-03,20:35:00,20:53:00,18.000000000000096,1300-125,1800-081,11.4,10.41,7.81,18.0,9.592326932761353e-14
R1222,Uber,Uber X,2026-06-03,14:24:00,14:45:00,21.000000000000085,1200-641,2700-448,12.72,13.99,9.09,21.0,8.526512829121202e-14
R1221,Uber,Uber X,2026-06-03,14:03:00,14:21:00,17.999999999999936,1750-170,1200-697,11.12,11.94,8.19,18.0,6.394884621840902e-14
R1232,Bolt,Bolt,2026-06-03,16:01:00,16:19:00,18.000000000000096,2795-151,1300-346,6.0,7.1,5.32,18.0,9.592326932761353e-14
R1230,Bolt,Bolt,2026-06-03,13:35:00,13:52:00,17.0000000000001,2610-124,1600-618,7.8,6.54,7.0,17.0,9.947598300641403e-14
R1233,Bolt,Bolt,2026-06-03,16:23:00,16:41:00,17.999999999999936,1300-307,2720-324,12.1,10.35,11.09,18.0,6.394884621840902e-14
R1234,Bolt,Bolt,2026-06-03,16:42:00,17:07:00,25.00000000000007,2720-354,1350-352,8.7,10.85,8.14,25.0,7.105427357601002e-14
R1227,Uber ,Uber X,2026-06-03,19:34:00,20:03:00,29.000000000000057,1500-530,1200-782,16.47,20.95,15.75,29.0,5.684341886080802e-14
R1225,Uber ,Uber X,2026-06-03,17:41:00,18:01:00,19.99999999999993,2720-059,1070-321,9.1,10.96,9.37,20.0,7.105427357601002e-14
R1235,Bolt,Bolt,2026-06-03,17:13:00,17:39:00,26.000000000000068,1300-120,2720-226,9.3,9.66,10.35,26.0,6.750155989720952e-14
R1223,Uber ,Uber X,2026-06-03,14:50:00,15:06:00,15.999999999999943,2650-234,1649-023,6.43,8.95,7.63,16.0,5.684341886080802e-14
R1226,Uber ,Uber X,2026-06-03,18:35:00,19:06:00,31.00000000000021,1250-039,1500-293,8.39,15.98,11.04,31.0,2.0961010704922955e-13
R1228,Uber,Uber X,2026-06-03,20:13:00,20:22:00,9.000000000000128,1200-763,1300-501,2.86,5.96,4.71,9.0,1.2789769243681803e-13
R1236,Bolt,Bolt,2026-06-03,18:11:00,18:30:00,19.000000000000092,1070-251,1070-072,3.4,6.47,6.07,19.0,9.237055564881302e-14
R1231,Bolt,Bolt,2026-06-03,13:58:00,14:04:00,5.999999999999979,1750-137,1600-610,2.0,3.7,4.36,6.0,2.1316282072803006e-14
R1219,Uber,Uber X,2026-06-03,12:50:00,12:54:00,3.999999999999986,2615-212,2615-098,1.14,6.96,5.38,4.0,1.4210854715202004e-14
R1245,Bolt,Economy,2026-06-04,17:09:00,17:28:00,19.000000000000092,1800-142,1070-158,15.3,8.04,6.03,19.0,9.237055564881302e-14
R1250,Uber,Uber X Priority,2026-06-04,13:06:00,13:38:00,32.00000000000004,2615-059,1250-098,25.61,15.99,10.39,32.0,4.263256414560601e-14
R1254,Uber,Uber X,2026-06-04,18:11:00,18:24:00,12.999999999999954,1600-190,2790-106,11.73,7.96,5.46,13.0,4.618527782440651e-14
R1251,Uber,Uber X,2026-06-04,13:46:00,14:01:00,14.999999999999947,1150-212,1495-012,10.96,7.96,5.17,15.0,5.3290705182007514e-14
R1243,Bolt,Economy,2026-06-04,15:52:00,16:20:00,27.9999999999999,2720-158,1170-177,13.9,9.49,7.12,28.0,9.947598300641403e-14
R1242,Bolt,Bolt,2026-06-04,15:13:00,15:25:00,11.999999999999957,1500-185,2720-324,7.1,5.02,3.76,12.0,4.263256414560601e-14
R1252,Uber,Uber X,2026-06-04,14:58:00,15:07:00,8.999999999999968,1050-124,1500-392,6.02,4.95,3.22,9.0,3.197442310920451e-14
R1256,Uber,Uber X,2026-06-04,18:46:00,18:59:00,13.000000000000114,1500-392,1400-342,8.82,7.94,5.16,13.0,1.1368683772161603e-13
R1248,Bolt,Bolt,2026-06-04,20:46:00,20:58:00,11.999999999999957,1800-233,2625-179,10.9,6.24,6.44,12.0,4.263256414560601e-14
R1255,Uber,Uber X,2026-06-04,18:18:00,18:28:00,9.999999999999805,2790-208,1500-313,6.7,4.89,4.11,10.0,1.9539925233402755e-13
R1239,Bolt,Bolt,2026-06-04,14:22:00,14:30:00,7.999999999999972,2795-223,2790-045,5.6,4.76,3.57,8.0,2.842170943040401e-14
R1241,Bolt,Bolt,2026-06-04,14:43:00,14:57:00,13.99999999999995,1300-162,1600-023,7.9,4.81,5.15,14.0,4.973799150320701e-14
R1244,Bolt,Economy,2026-06-04,16:29:00,16:48:00,19.000000000000092,1170-352,1700-305,7.1,6.9,5.17,19.0,9.237055564881302e-14
R1240,Bolt,Bolt,2026-06-04,14:31:00,14:41:00,9.999999999999964,2790-045,1300-188,5.1,5.2,3.9,10.0,3.552713678800501e-14
R1246,Bolt,Economy,2026-06-04,17:47:00,18:00:00,12.999999999999954,1300-471,1500-327,6.4,6.69,5.02,13.0,4.618527782440651e-14
R1258,Uber,Uber X Priority,2026-06-04,20:15:00,20:28:00,12.999999999999954,1700-090,1800-276,4.95,6.09,4.02,13.0,4.618527782440651e-14
R1253,Uber,Uber X,2026-06-04,17:29:00,17:37:00,7.999999999999972,1070-120,1350-353,3.98,4.96,3.3,8.0,2.842170943040401e-14
R1257,Uber,Uber X Priority,2026-06-04,19:51:00,20:03:00,11.999999999999957,1400-159,1050-137,10.46,14.97,9.73,12.0,4.263256414560601e-14
R1238,Bolt,Economy,2026-06-04,14:16:00,14:20:00,3.999999999999986,1495-158,2795-098,2.1,4.62,3.81,4.0,1.4210854715202004e-14
R1247,Bolt,Bolt,2026-06-04,18:03:00,18:09:00,5.999999999999979,1500-077,1500-157,1.6,3.08,3.3,6.0,2.1316282072803006e-14
R1249,Uber,Uber X Priority,2026-06-04,13:01:00,13:06:00,4.999999999999822,2615-034,2615-104,1.53,7.99,5.87,5.0,1.7763568394002505e-13
R1265,Bolt,Economy,2026-06-05,13:22:00,13:54:00,32.00000000000004,2625-081,1100-278,21.9,14.42,10.81,32.0,4.263256414560601e-14
R1268,Bolt,Economy,2026-06-05,16:05:00,16:24:00,18.999999999999932,2740-110,1300-087,13.7,9.54,7.25,19.0,6.750155989720952e-14
R1260,Uber,Uber X,2026-06-05,15:00:00,15:12:00,11.999999999999957,2775-604,2740-162,7.7,5.93,4.18,12.0,4.263256414560601e-14
R1270,Bolt,Economy,2026-06-05,17:58:00,18:07:00,9.000000000000128,2610-062,1495-001,6.5,5.01,3.76,9.0,1.2789769243681803e-13
R1276,Bolt,Economy,2026-06-05,21:07:00,21:27:00,19.99999999999993,1990-125,2690-354,10.6,4.17,6.25,20.0,7.105427357601002e-14
R1275,Bolt,Bolt,2026-06-05,20:06:00,20:27:00,20.999999999999925,1300-344,1700-008,13.8,7.75,8.3,21.0,7.460698725481052e-14
R1274,Bolt,Economy,2026-06-05,18:57:00,19:10:00,13.000000000000114,1300-049,2790-009,8.8,7.1,5.32,13.0,1.1368683772161603e-13
R1259,Uber,Uber X,2026-06-05,14:34:00,14:58:00,24.000000000000075,1400-209,2775-604,14.18,12.95,9.44,24.0,7.460698725481052e-14
R1261,Uber,Uber X Priority,2026-06-05,16:24:00,16:40:00,16.000000000000263,1300-489,2614-520,8.87,8.97,6.03,16.0,2.6290081223123707e-13
R1262,Uber,Uber X,2026-06-05,16:42:00,16:51:00,9.000000000000128,2790-236,1495-072,4.96,4.95,3.65,9.0,1.2789769243681803e-13
R1263,Uber,Uber X,2026-06-05,16:57:00,17:11:00,14.00000000000011,1495-704,1300-544,7.04,6.96,5.96,14.0,1.1013412404281553e-13
R1264,Uber,Uber X Priority,2026-06-05,19:36:00,19:49:00,12.999999999999794,2790-029,1300-149,9.43,9.99,8.47,13.0,2.0605739337042905e-13
R1269,Bolt,Bolt,2026-06-05,17:40:00,17:50:00,9.999999999999805,1300-547,2790-045,6.4,8.18,6.13,10.0,1.9539925233402755e-13
R1273,Bolt,Bolt,2026-06-05,18:45:00,18:53:00,7.999999999999972,1300-501,1300-270,3.0,4.5,3.37,8.0,2.842170943040401e-14
R1267,Bolt,Bolt,2026-06-05,14:16:00,14:28:00,11.999999999999957,1250-172,1300-299,3.6,5.52,4.14,12.0,4.263256414560601e-14
R1271,Bolt,Bolt,2026-06-05,18:14:00,18:24:00,9.999999999999805,1495-001,1300-418,3.6,7.06,5.29,10.0,1.9539925233402755e-13
R1272,Bolt,Economy,2026-06-05,18:32:00,18:40:00,7.999999999999972,1300-589,1300-493,2.9,4.16,5.2,8.0,2.842170943040401e-14
R1266,Bolt,Bolt,2026-06-05,14:02:00,14:13:00,10.999999999999961,1200-097,1250-166,2.5,5.85,4.83,11.0,3.907985046680551e-14
R1292,Uber,Uber X,2026-06-06,13:12:00,13:44:00,32.00000000000004,2690-358,1200-109,34.25,18.95,14.47,32.0,4.263256414560601e-14
R1291,Bolt,Economy,2026-06-06,20:19:00,20:36:00,17.0000000000001,2685-236,2625-390,13.9,9.94,7.45,17.0,9.947598300641403e-14
R1293,Uber,Uber X,2026-06-06,14:27:00,14:45:00,18.000000000000096,1200-173,2790-021,10.54,8.93,5.8,18.0,9.592326932761353e-14
R1280,Bolt,Bolt,2026-06-06,15:04:00,15:14:00,9.999999999999964,2610-017,1495-724,6.3,4.77,3.58,10.0,3.552713678800501e-14
R1281,Bolt,Bolt,2026-06-06,15:52:00,16:10:00,18.000000000000096,2795-235,1300-025,7.5,5.92,4.44,18.0,9.592326932761353e-14
R1288,Bolt,Bolt,2026-06-06,19:26:00,19:40:00,14.00000000000011,1300-015,1500-445,8.5,6.73,5.17,14.0,1.1013412404281553e-13
R1284,Bolt,Economy,2026-06-06,16:39:00,16:55:00,16.000000000000103,1600-275,2790-121,11.1,9.73,7.3,16.0,1.0302869668521453e-13
R1283,Bolt,Bolt,2026-06-06,16:22:00,16:35:00,12.999999999999954,1300-277,1600-251,8.1,7.44,5.58,13.0,4.618527782440651e-14
R1277,Bolt,Bolt,2026-06-06,14:02:00,14:15:00,12.999999999999954,1200-788,1070-133,6.9,6.52,4.89,13.0,4.618527782440651e-14
R1289,Bolt,Economy,2026-06-06,19:45:00,19:56:00,11.00000000000012,1500-185,1950-172,7.3,6.92,5.19,11.0,1.2079226507921703e-13
R1287,Bolt,Bolt,2026-06-06,18:17:00,18:40:00,22.99999999999992,1700-008,1300-408,15.1,15.11,11.67,23.0,8.171241461241152e-14
R1285,Bolt,Bolt,2026-06-06,17:31:00,17:43:00,11.999999999999957,1400-326,1500-038,8.1,8.81,6.95,12.0,4.263256414560601e-14
R1286,Bolt,Economy,2026-06-06,17:45:00,17:59:00,13.99999999999995,1500-024,1700-305,7.0,8.13,6.1,14.0,4.973799150320701e-14
R1295,Uber,Uber X,2026-06-06,17:10:00,17:18:00,7.999999999999972,2790-045,1300-011,4.67,5.35,5.2,8.0,2.842170943040401e-14
R1278,Bolt,Bolt,2026-06-06,14:16:00,14:26:00,9.999999999999964,1070-225,1250-015,2.7,4.4,3.3,10.0,3.552713678800501e-14
R1294,Uber,Uber X Priority,2026-06-06,16:53:00,17:06:00,13.000000000000114,2790-024,1495-751,3.36,4.98,4.22,13.0,1.1368683772161603e-13
R1290,Bolt,Economy,2026-06-06,20:01:00,20:07:00,6.0000000000001386,1800-077,1800-399,2.2,4.24,3.18,6.0,1.3855583347321954e-13
R1279,Bolt,Bolt,2026-06-06,14:53:00,15:00:00,6.999999999999975,2790-026,2790-122,2.1,4.4,3.3,7.0,2.4868995751603507e-14
R1282,Bolt,Economy,2026-06-06,16:15:00,16:20:00,4.999999999999822,1300-120,1300-259,2.2,6.55,4.91,5.0,1.7763568394002505e-13
R1296,Uber,Uber X,2026-06-07,13:14:00,13:38:00,24.000000000000075,2615-224,1675-017,27.81,15.96,11.89,24.0,7.460698725481052e-14
R1305,Bolt,Economy,2026-06-07,14:18:00,14:30:00,11.999999999999957,1495-142,1700-162,10.5,6.72,5.04,12.0,4.263256414560601e-14
R1315,Bolt,Economy,2026-06-07,21:08:00,21:28:00,19.99999999999993,1990-125,2625-407,13.9,8.96,6.72,20.0,7.105427357601002e-14
R1299,Uber,Uber X,2026-06-07,15:07:00,15:18:00,11.00000000000012,1400-024,2720-212,9.53,7.95,5.17,11.0,1.2079226507921703e-13
R1312,Bolt,Bolt,2026-06-07,19:17:00,19:28:00,10.999999999999801,1350-353,1500-392,8.0,5.52,4.36,11.0,1.9895196601282805e-13
R1314,Bolt,Bolt,2026-06-07,20:00:00,20:19:00,18.999999999999932,1300-300,1700-093,10.3,6.33,5.93,19.0,6.750155989720952e-14
R1313,Bolt,Bolt,2026-06-07,19:40:00,19:54:00,13.99999999999979,1500-104,1300-120,7.1,5.95,4.46,14.0,2.0961010704922955e-13
R1308,Bolt,Bolt,2026-06-07,17:44:00,18:00:00,15.999999999999943,1050-010,1500-336,8.3,4.89,5.24,16.0,5.684341886080802e-14
R1297,Uber,Uber X,2026-06-07,13:52:00,14:02:00,9.999999999999964,2650-246,1495-190,7.5,5.94,4.9,10.0,3.552713678800501e-14
R1301,Uber,Uber X,2026-06-07,16:42:00,17:03:00,21.000000000000085,1050-008,1800-399,8.88,8.94,5.81,21.0,8.526512829121202e-14
R1300,Uber,Uber X,2026-06-07,15:27:00,15:39:00,12.000000000000117,1500-621,1400-206,7.36,7.96,5.17,12.0,1.1723955140041653e-13
R1302,Uber ,Uber X Priority,2026-06-07,17:13:00,17:30:00,17.0000000000001,1800-142,1050-118,8.39,8.99,5.95,17.0,9.947598300641403e-14
R1309,Bolt,Bolt,2026-06-07,18:03:00,18:24:00,20.999999999999925,1500-550,1300-082,7.9,7.68,5.76,21.0,7.460698725481052e-14
R1306,Bolt,Bolt,2026-06-07,14:35:00,14:50:00,14.999999999999947,1700-090,2720-469,10.0,7.25,7.62,15.0,5.3290705182007514e-14
R1298,Uber,Uber X,2026-06-07,14:45:00,14:56:00,10.999999999999961,2700-310,1449-003,8.13,6.93,6.54,11.0,3.907985046680551e-14
R1311,Bolt,Bolt,2026-06-07,18:38:00,18:49:00,10.999999999999961,1300-472,1500-114,4.9,4.39,4.12,11.0,3.907985046680551e-14
R1307,Bolt,Economy,2026-06-07,16:25:00,16:39:00,13.99999999999995,1400-035,1050-105,9.5,10.97,8.23,14.0,4.973799150320701e-14
R1304,Uber,Uber X Priority,2026-06-07,20:29:00,20:37:00,7.999999999999972,1600-404,1700-008,4.23,5.98,4.12,8.0,2.842170943040401e-14
R1310,Bolt,Bolt,2026-06-07,18:27:00,18:35:00,7.999999999999972,1400-206,1300-260,3.5,4.0,4.29,8.0,2.842170943040401e-14
R1303,Uber,Uber X,2026-06-07,19:29:00,19:34:00,4.999999999999982,1500-392,1500-030,1.65,6.95,4.73,5.0,1.7763568394002505e-14
R1316,Bolt,Economy,2026-06-08,13:11:00,13:35:00,23.999999999999915,2625-450,1700-008,15.2,11.61,8.71,24.0,8.526512829121202e-14
R1317,Bolt,Bolt,2026-06-08,13:35:00,14:01:00,26.000000000000068,1700-008,1200-161,9.9,7.2,7.71,26.0,6.750155989720952e-14
R1318,Bolt,Economy,2026-06-08,14:03:00,14:19:00,15.999999999999943,1200-148,1400-034,7.0,7.22,5.41,16.0,5.684341886080802e-14
R1319,Bolt,Economy,2026-06-08,14:24:00,14:34:00,9.999999999999964,1300-000,1300-501,3.9,4.24,3.18,10.0,3.552713678800501e-14
R1320,Bolt,Bolt,2026-06-08,14:35:00,14:49:00,13.99999999999995,1300-501,2610-065,8.3,4.16,4.84,14.0,4.973799150320701e-14
R1321,Bolt,Bolt,2026-06-08,14:59:00,15:07:00,7.999999999999972,2790-143,1300-119,4.9,3.99,4.27,8.0,2.842170943040401e-14
R1322,Bolt,Economy,2026-06-08,15:52:00,16:05:00,12.999999999999954,1300-118,1500-206,8.0,5.82,4.36,13.0,4.618527782440651e-14
R1323,Bolt,Bolt,2026-06-08,16:11:00,16:21:00,9.999999999999964,1500-103,1600-078,3.9,3.08,3.63,10.0,3.552713678800501e-14
R1324,Bolt,Economy,2026-06-08,16:21:00,16:33:00,11.999999999999957,1600-078,2610-241,6.6,5.76,4.32,12.0,4.263256414560601e-14
R1325,Bolt,Bolt,2026-06-08,16:41:00,16:54:00,12.999999999999954,2610-275,1070-060,6.0,6.08,4.56,13.0,4.618527782440651e-14
R1326,Bolt,Economy,2026-06-08,19:34:00,19:44:00,10.000000000000124,1750-003,1500-515,5.3,6.61,5.51,10.0,1.2434497875801753e-13
R1327,Bolt,Bolt,2026-06-08,20:07:00,20:18:00,10.999999999999961,1750-184,1800-177,9.9,6.43,4.82,11.0,3.907985046680551e-14
R1328,Bolt,Bolt,2026-06-08,20:20:00,20:31:00,10.999999999999961,1800-177,1600-610,8.1,5.02,4.71,11.0,3.907985046680551e-14
R1329,Uber,Uber X,2026-06-08,16:58:00,17:24:00,26.000000000000068,1500-478,1300-277,8.95,7.96,6.86,26.0,6.750155989720952e-14
R1330,Uber,Uber X,2026-06-08,17:27:00,17:39:00,11.999999999999957,1300-277,2610-159,7.5,8.94,5.96,12.0,4.263256414560601e-14
R1331,Uber,Uber X,2026-06-08,18:12:00,18:23:00,10.999999999999961,2610-098,1495-049,5.46,4.96,3.65,11.0,3.907985046680551e-14
R1332,Uber,Uber X Priority,2026-06-08,18:22:00,18:42:00,19.99999999999993,1495-153,1750-062,12.09,9.99,8.31,20.0,7.105427357601002e-14
R1333,Uber,Uber X,2026-06-08,19:47:00,19:58:00,10.999999999999801,1500-022,1700-073,5.91,4.96,4.09,11.0,1.9895196601282805e-13
R1334,Uber,Uber X,2026-06-08,21:05:00,21:23:00,17.999999999999936,1800-399,2615-099,18.7,9.75,7.38,18.0,6.394884621840902e-14
R1335,Uber,Uber X,2026-06-09,13:55:00,14:16:00,21.000000000000085,1300-598,1900-086,15.55,12.94,8.41,21.0,8.526512829121202e-14
R1336,Uber,Uber X Priority,2026-06-09,14:21:00,14:32:00,10.999999999999961,1990-059,1700-008,4.54,5.98,3.89,11.0,3.907985046680551e-14
R1337,Uber,Uber X,2026-06-09,15:12:00,15:50:00,38.00000000000003,1700-008,1300-501,13.21,13.39,9.43,38.0,2.842170943040401e-14
R1338,Uber,Uber X,2026-06-09,16:19:00,16:40:00,21.000000000000085,1400-211,1600-130,9.88,14.93,11.49,21.0,8.526512829121202e-14
R1339,Uber,Uber X,2026-06-09,16:46:00,17:16:00,30.000000000000053,1600-042,1350-355,11.71,12.95,10.64,30.0,5.3290705182007514e-14
R1340,Uber,Uber X Priority,2026-06-09,17:43:00,17:53:00,10.000000000000124,1350-352,1300-049,2.46,9.99,7.1,10.0,1.2434497875801753e-13
R1341,Bolt,Bolt,2026-06-09,13:05:00,13:32:00,26.999999999999904,2625-431,1000-211,19.6,9.46,10.14,27.0,9.592326932761353e-14
R1342,Bolt,Economy,2026-06-09,13:37:00,13:54:00,17.0000000000001,1000-212,1300-064,7.9,6.08,4.56,17.0,9.947598300641403e-14
R1343,Bolt,Economy,2026-06-09,16:05:00,16:09:00,3.999999999999986,1300-481,1300-534,1.8,5.08,4.19,4.0,1.4210854715202004e-14
R1344,Bolt,Economy,2026-06-09,16:17:00,16:20:00,2.9999999999998295,1400-249,1400-157,1.0,5.01,4.14,3.0,1.7053025658242404e-13
R1345,Bolt,Bolt,2026-06-09,18:04:00,18:19:00,14.999999999999947,1300-422,1495-025,5.8,6.69,5.39,15.0,5.3290705182007514e-14
R1346,Bolt,Bolt,2026-06-09,18:24:00,18:34:00,10.000000000000124,1495-174,2790-074,2.6,5.28,4.36,10.0,1.2434497875801753e-13
R1347,Bolt,Bolt,2026-06-09,18:38:00,18:43:00,4.999999999999822,2790-024,2790-044,2.2,6.02,4.75,5.0,1.7763568394002505e-13
R1348,Bolt,Bolt,2026-06-09,18:46:00,18:59:00,13.000000000000114,2790-210,1400-072,3.8,5.18,4.68,13.0,1.1368683772161603e-13
R1349,Bolt,Bolt,2026-06-09,19:03:00,19:12:00,8.999999999999808,1495-040,1400-350,3.4,5.54,4.37,9.0,1.9184653865522705e-13
R1350,Bolt,Bolt,2026-06-09,19:55:00,20:03:00,7.999999999999972,1400-157,1495-031,2.3,5.28,4.95,8.0,2.842170943040401e-14
R1351,Bolt,Economy,2026-06-09,20:08:00,20:27:00,18.999999999999932,1400-122,1700-008,13.8,18.66,13.99,19.0,6.750155989720952e-14
R1352,Bolt,Economy,2026-06-09,20:55:00,21:14:00,19.000000000000092,1990-095,2625-638,15.3,12.77,9.58,19.0,9.237055564881302e-14
R1353,Bolt,Economy,2026-06-11,13:56:00,14:24:00,27.9999999999999,1990-156,1300-105,17.1,6.41,8.02,28.0,9.947598300641403e-14
R1354,Bolt,Economy,2026-06-11,16:09:00,16:14:00,5.000000000000142,1400-325,1300-258,2.2,4.62,3.46,5.0,1.4210854715202004e-13
R1355,Bolt,Bolt,2026-06-11,16:18:00,16:22:00,3.999999999999986,1300-663,1300-164,1.5,4.4,3.3,4.0,1.4210854715202004e-14
R1356,Bolt,Bolt,2026-06-11,16:24:00,16:29:00,5.000000000000142,1300-422,1300-446,1.8,4.44,3.33,5.0,1.4210854715202004e-13
R1357,Bolt,Bolt,2026-06-11,17:04:00,17:22:00,17.999999999999936,1500-185,1300-346,8.5,6.42,6.02,18.0,6.394884621840902e-14
R1358,Bolt,Bolt,2026-06-11,17:37:00,17:47:00,9.999999999999964,1400-405,2790-045,5.0,5.4,5.06,10.0,3.552713678800501e-14
R1359,Bolt,Bolt,2026-06-11,17:52:00,18:08:00,15.999999999999943,2794-013,1500-357,7.9,8.8,6.6,16.0,5.684341886080802e-14
R1360,Bolt,Bolt,2026-06-11,18:34:00,18:47:00,13.000000000000114,1300-087,2790-233,5.7,4.82,4.52,13.0,1.1368683772161603e-13
R1361,Bolt,Economy,2026-06-11,19:51:00,19:57:00,5.999999999999819,1950-442,1800-071,2.7,3.85,3.18,6.0,1.8118839761882555e-13
R1362,Bolt,Economy,2026-06-11,20:56:00,21:07:00,10.999999999999961,1990-125,2690-526,9.6,8.64,6.48,11.0,3.907985046680551e-14
R1363,Uber,Uber X,2026-06-11,13:11:00,13:22:00,10.999999999999961,2615-040,2625-194,5.55,4.93,3.2,11.0,3.907985046680551e-14
R1364,Uber,Uber X,2026-06-11,13:17:00,13:36:00,18.999999999999932,2625-194,1990-005,14.9,8.08,5.94,19.0,6.750155989720952e-14
R1365,Uber,Uber X Priority,2026-06-11,14:25:00,14:35:00,10.000000000000124,1300-447,2790-179,4.65,4.97,3.67,10.0,1.2434497875801753e-13
R1366,Uber,Uber X Priority,2026-06-11,14:41:00,14:47:00,5.999999999999979,2790-229,1495-751,4.51,4.98,3.62,6.0,2.1316282072803006e-14
R1367,Uber,Uber X Priority,2026-06-11,14:51:00,15:05:00,13.99999999999995,2795-229,2720-702,9.82,6.97,5.61,14.0,4.973799150320701e-14
R1368,Uber,Uber X,2026-06-11,15:06:00,15:13:00,6.999999999999975,2610-008,1400-043,4.46,3.35,3.26,7.0,2.4868995751603507e-14
R1369,Uber,Uber X Priority,2026-06-11,16:31:00,16:41:00,9.999999999999964,1400-015,1495-028,3.81,5.98,4.77,10.0,3.552713678800501e-14
R1370,Uber,Uber X,2026-06-11,16:42:00,16:51:00,9.000000000000128,1495-054,1500-369,7.88,5.95,4.98,9.0,1.2789769243681803e-13
R1371,Uber,Uber X,2026-06-11,18:08:00,18:22:00,14.00000000000011,1500-637,1300-034,7.94,5.96,4.71,14.0,1.1013412404281553e-13
R1372,Uber,Uber X Priority,2026-06-11,18:47:00,19:10:00,22.99999999999992,2790-207,1950-097,13.53,11.98,9.81,23.0,8.171241461241152e-14
R1373,Uber,Uber X,2026-06-12,13:33:00,13:42:00,8.999999999999968,2625-177,2695-693,6.12,5.95,3.87,9.0,3.197442310920451e-14
R1374,Uber,Uber X Priority,2026-06-12,13:56:00,14:04:00,7.999999999999972,2685-147,1885-099,2.94,4.98,3.74,8.0,2.842170943040401e-14
R1375,Uber,Uber X,2026-06-12,14:09:00,14:15:00,5.999999999999979,1800-083,1990-094,1.74,4.93,3.38,6.0,2.1316282072803006e-14
R1376,Uber,Uber X,2026-06-12,14:16:00,14:40:00,23.999999999999915,1990-254,1350-128,15.97,14.95,10.0,24.0,8.526512829121202e-14
R1377,Uber,Uber X,2026-06-12,14:48:00,14:59:00,10.999999999999961,1350-128,1600-137,4.03,8.93,5.8,11.0,3.907985046680551e-14
R1378,Uber,Uber X,2026-06-12,15:05:00,15:14:00,8.999999999999968,1500-423,1500-357,5.78,5.98,4.03,9.0,3.197442310920451e-14
R1379,Uber,Uber X Priority,2026-06-12,18:08:00,18:14:00,6.0000000000001386,2780-118,2770-271,3.11,7.97,6.99,6.0,1.3855583347321954e-13
R1380,Uber,Uber X,2026-06-12,18:16:00,18:19:00,2.9999999999999893,2770-233,2770-208,1.45,7.95,5.7,3.0,1.0658141036401503e-14
R1381,Uber,Uber X,2026-06-12,19:25:00,19:41:00,15.999999999999943,2785-625,1500-535,15.75,16.95,12.21,16.0,5.684341886080802e-14
R1382,Uber,Uber X,2026-06-12,19:48:00,19:52:00,3.999999999999986,2610-232,2610-161,1.94,6.94,5.4,4.0,1.4210854715202004e-14
R1383,Bolt,Bolt,2026-06-12,13:52:00,13:58:00,5.999999999999979,2695-105,1990-520,3.6,3.52,3.3,6.0,2.1316282072803006e-14
R1384,Bolt,Economy,2026-06-12,15:43:00,15:52:00,8.999999999999968,1500-592,2790-045,5.5,5.04,3.78,9.0,3.197442310920451e-14
R1385,Bolt,Economy,2026-06-12,15:57:00,16:14:00,17.0000000000001,2790-138,2770-085,11.3,7.17,5.38,17.0,9.947598300641403e-14
R1386,Bolt,Economy,2026-06-12,16:17:00,16:26:00,8.999999999999968,2770-132,2780-254,3.3,4.24,3.18,9.0,3.197442310920451e-14
R1387,Bolt,Bolt,2026-06-12,16:32:00,16:42:00,9.999999999999805,2780-337,2770-038,3.8,3.7,3.96,10.0,1.9539925233402755e-13
R1388,Bolt,Bolt,2026-06-12,16:42:00,17:04:00,22.00000000000008,2770-038,1500-385,14.6,12.16,11.4,22.0,8.171241461241152e-14
R1389,Bolt,Economy,2026-06-12,17:24:00,17:39:00,14.999999999999947,1500-363,1495-043,8.4,7.73,5.8,15.0,5.3290705182007514e-14
R1390,Bolt,Economy,2026-06-12,17:46:00,17:56:00,10.000000000000124,1495-726,2770-008,5.4,5.68,4.26,10.0,1.2434497875801753e-13
R1391,Bolt,Economy,2026-06-12,18:00:00,18:06:00,6.0000000000001386,2770-199,2780-200,2.3,6.93,5.2,6.0,1.3855583347321954e-13
R1392,Bolt,Bolt,2026-06-12,18:46:00,19:03:00,17.0000000000001,2770-101,2775-094,9.9,8.65,6.49,17.0,9.947598300641403e-14
R1393,Bolt,Economy,2026-06-12,20:13:00,20:23:00,10.000000000000124,2720-324,1549-023,7.2,8.47,6.35,10.0,1.2434497875801753e-13
R1394,Bolt,Economy,2026-06-13,16:30:00,16:46:00,15.999999999999943,2680-455,1675-112,11.5,7.66,5.74,16.0,5.684341886080802e-14
R1395,Bolt,Economy,2026-06-13,17:14:00,17:29:00,15.000000000000107,1495-043,1649-021,10.1,7.02,5.26,15.0,1.0658141036401503e-13
R1396,Bolt,Economy,2026-06-13,17:34:00,17:48:00,14.00000000000011,1600-069,1700-008,7.2,5.57,4.18,14.0,1.1013412404281553e-13
R1397,Bolt,Bolt,2026-06-13,17:48:00,18:01:00,12.999999999999954,1700-008,1070-228,7.8,6.98,5.23,13.0,4.618527782440651e-14
R1398,Bolt,Bolt,2026-06-13,18:37:00,18:45:00,7.999999999999972,1400-032,1349-040,3.9,4.4,3.3,8.0,2.842170943040401e-14
R1399,Bolt,Economy,2026-06-13,19:23:00,19:37:00,13.99999999999995,1300-326,2720-099,9.7,8.01,6.01,14.0,4.973799150320701e-14
R1400,Uber,Uber X,2026-06-13,13:55:00,14:04:00,9.000000000000128,2695-829,1990-079,6.4,4.93,3.99,9.0,1.2789769243681803e-13
R1401,Uber,Uber X,2026-06-13,14:08:00,14:23:00,14.999999999999947,1990-079,1000-306,6.95,6.94,4.54,15.0,5.3290705182007514e-14
R1402,Uber,Uber X,2026-06-13,14:28:00,15:00:00,32.00000000000004,1000-239,2775-186,28.4,19.95,12.51,32.0,4.263256414560601e-14
R1403,Uber,Uber X,2026-06-13,15:02:00,15:33:00,31.00000000000005,2785-543,1700-008,26.81,15.55,11.1,31.0,4.973799150320701e-14
R1404,Uber,Uber X,2026-06-13,16:46:00,16:58:00,11.999999999999957,1500-392,1495-023,8.44,6.95,5.12,12.0,4.263256414560601e-14
R1405,Uber,Uber X,2026-06-13,18:01:00,18:20:00,18.999999999999932,1050-039,1400-038,13.43,8.95,5.82,19.0,6.750155989720952e-14
R1406,Uber,Uber X,2026-06-13,19:45:00,20:12:00,27.000000000000064,2724-510,2625-671,25.41,14.96,11.19,27.0,6.394884621840902e-14
R1407,Uber,Uber X,2026-06-13,20:21:00,20:26:00,4.999999999999822,2625-680,2625-005,2.12,8.97,6.44,5.0,1.7763568394002505e-13
R1408,Uber,Uber X,2026-06-14,13:07:00,13:24:00,16.99999999999994,2615-034,1700-008,18.48,11.96,7.77,17.0,6.039613253960852e-14
R1409,Uber,Uber X,2026-06-14,13:44:00,14:30:00,46.0,1990-517,1500-313,43.17,28.27,17.65,46.0,0.0
R1410,Uber,Uber X Priority,2026-06-14,14:38:00,14:46:00,8.000000000000131,1500-392,1600-034,5.24,7.04,4.54,8.0,1.3145040611561853e-13
R1411,Uber,Uber X,2026-06-14,14:47:00,15:00:00,12.999999999999954,1099-023,1300-277,7.02,5.95,4.2,13.0,4.618527782440651e-14
R1412,Uber,Uber X,2026-06-14,15:51:00,16:08:00,16.99999999999994,1300-276,2700-815,11.22,9.95,6.47,17.0,6.039613253960852e-14
R1413,Uber,Uber X,2026-06-14,16:09:00,16:19:00,10.000000000000124,2700-871,2610-232,5.59,4.94,4.55,10.0,1.2434497875801753e-13
R1414,Uber,Uber X,2026-06-14,16:29:00,16:37:00,7.999999999999972,2720-364,1500-423,5.65,4.95,3.64,8.0,2.842170943040401e-14
R1415,Uber,Uber X,2026-06-14,16:41:00,16:55:00,14.00000000000011,1500-423,1200-246,5.27,5.94,5.39,14.0,1.1013412404281553e-13
R1416,Uber,Uber X,2026-06-14,16:56:00,17:12:00,15.999999999999943,1200-246,1300-085,6.12,6.96,4.52,16.0,5.684341886080802e-14
R1417,Uber,Uber X,2026-06-14,17:12:00,17:41:00,29.000000000000057,1300-082,1700-008,13.96,11.94,7.76,29.0,5.684341886080802e-14
R1418,Uber,Uber X,2026-06-14,18:42:00,18:49:00,6.999999999999975,1800-316,1900-221,2.91,4.95,3.38,7.0,2.4868995751603507e-14
R1419,Uber,Uber X Priority,2026-06-14,18:50:00,18:59:00,9.000000000000128,1990-193,1700-330,5.05,6.41,4.12,9.0,1.2789769243681803e-13
R1420,Uber,Uber X,2026-06-14,20:37:00,20:57:00,19.99999999999993,1800-268,2625-588,19.3,12.96,8.42,20.0,7.105427357601002e-14
R1421,Bolt,Bolt,2026-06-14,19:17:00,19:31:00,13.99999999999995,1700-252,1885-064,6.5,4.27,4.0,14.0,4.973799150320701e-14
R1422,Bolt,Economy,2026-06-14,19:39:00,20:07:00,28.00000000000006,1990-233,1300-377,16.3,9.85,7.39,28.0,6.039613253960852e-14
R1423,Bolt,Bolt,2026-06-14,20:17:00,20:38:00,20.999999999999766,1300-501,1800-329,13.5,9.14,9.13,21.0,2.3447910280083306e-13
R1424,Bolt,Economy,2026-06-15,13:51:00,14:05:00,14.00000000000011,1050-240,1500-207,5.7,5.38,4.03,14.0,1.1013412404281553e-13
R1425,Bolt,Bolt,2026-06-15,14:11:00,14:27:00,15.999999999999943,1500-109,1050-046,7.3,5.53,4.77,16.0,5.684341886080802e-14
R1426,Bolt,Economy,2026-06-15,14:51:00,15:10:00,18.999999999999932,1600-203,10770-101,3.9,5.33,4.0,19.0,6.750155989720952e-14
R1427,Bolt,Bolt,2026-06-15,15:56:00,16:10:00,14.00000000000011,1400-091,1749-012,9.3,4.61,6.1,14.0,1.1013412404281553e-13
R1428,Bolt,Economy,2026-06-15,17:11:00,17:31:00,19.99999999999993,1600-168,2700-013,8.8,8.4,6.3,20.0,7.105427357601002e-14
R1429,Bolt,Economy,2026-06-15,17:34:00,17:49:00,15.000000000000107,2700-323,1600-141,10.1,6.99,5.76,15.0,1.0658141036401503e-13
R1430,Bolt,Economy,2026-06-15,17:59:00,18:10:00,11.00000000000012,1600-226,1600-098,2.9,6.16,4.62,11.0,1.2079226507921703e-13
R1431,Bolt,Economy,2026-06-15,20:07:00,20:15:00,7.999999999999972,1500-392,1099-051,5.4,4.85,4.0,8.0,2.842170943040401e-14
R1432,Bolt,Bolt,2026-06-15,20:21:00,20:28:00,6.999999999999815,1070-040,1600-218,2.1,4.4,3.3,7.0,1.8474111129762605e-13
R1433,Bolt,Bolt,2026-06-15,20:29:00,20:36:00,6.999999999999975,1600-198,1000-207,2.6,3.87,3.63,7.0,2.4868995751603507e-14
R1434,Uber,Uber X,2026-06-15,12:58:00,13:40:00,42.000000000000014,2625-434,1050-037,25.1,15.96,10.37,42.0,1.4210854715202004e-14
R1435,Uber,Uber X,2026-06-15,14:30:00,14:41:00,11.00000000000012,1050-010,1500-309,3.91,8.95,5.86,11.0,1.2079226507921703e-13
R1436,Uber,Uber X Priority,2026-06-15,15:10:00,15:20:00,10.000000000000124,1070-111,1400-1888,6.98,6.99,4.54,10.0,1.2434497875801753e-13
R1437,Uber,Uber X,2026-06-15,16:13:00,16:29:00,16.000000000000103,1750-142,1990-079,12.64,11.94,7.76,16.0,1.0302869668521453e-13
R1438,Uber,Uber X,2026-06-15,16:32:00,16:59:00,26.999999999999904,1990-079,1600-075,8.92,7.94,6.21,27.0,9.592326932761353e-14
R1439,Uber,Uber X,2026-06-15,18:11:00,18:37:00,26.000000000000068,1600-760,1350-297,9.27,9.95,8.74,26.0,6.750155989720952e-14
R1440,Uber,Uber X,2026-06-15,18:46:00,19:08:00,21.999999999999922,1350-248,1500-392,7.8,5.93,4.73,22.0,7.815970093361102e-14
R1441,Uber,Uber X Priority,2026-06-16,13:04:00,13:26:00,22.00000000000008,2625-407,1990-094,14.03,10.99,8.69,22.0,8.171241461241152e-14
R1442,Uber,Uber X,2026-06-16,13:29:00,13:42:00,12.999999999999954,1800-297,1500-023,7.87,5.94,4.18,13.0,4.618527782440651e-14
R1443,Uber,Uber X,2026-06-16,13:50:00,14:04:00,13.99999999999995,1500-392,2745-054,9.46,5.95,5.28,14.0,4.973799150320701e-14
R1444,Uber,Uber X,2026-06-16,14:06:00,14:17:00,10.999999999999961,2745-175,2720-519,7.12,4.93,4.1,11.0,3.907985046680551e-14
R1445,Uber,Uber X,2026-06-16,14:24:00,14:43:00,19.000000000000092,2720-249,1050-227,9.78,7.96,6.25,19.0,9.237055564881302e-14
R1446,Uber,Uber X,2026-06-16,14:49:00,15:12:00,22.99999999999992,1050-090,2700-592,12.67,9.96,7.68,23.0,8.171241461241152e-14
R1447,Uber,Uber X,2026-06-16,15:16:00,15:33:00,16.99999999999994,2650-077,1400-342,12.39,7.95,5.39,17.0,6.039613253960852e-14
R1448,Uber,Uber X,2026-06-16,16:21:00,16:50:00,28.999999999999897,1400-314,1990-079,22.4,24.96,19.42,29.0,1.0302869668521453e-13
R1449,Uber,Uber X Priority,2026-06-16,18:31:00,18:47:00,16.000000000000263,2610-118,1300-329,7.47,8.99,6.78,16.0,2.6290081223123707e-13
R1450,Uber,Uber X,2026-06-16,18:47:00,18:58:00,10.999999999999801,1300-052,2610-098,6.92,11.96,8.79,11.0,1.9895196601282805e-13
R1451,Bolt,Economy,2026-06-16,17:01:00,17:59:00,58.000000000000114,1990-233,2790-223,17.8,12.53,9.4,58.0,1.1368683772161603e-13
R1452,Bolt,Bolt,2026-06-16,18:11:00,18:24:00,12.999999999999954,2790-256,2610-189,3.2,5.43,4.29,13.0,4.618527782440651e-14
R1453,Bolt,Bolt,2026-06-16,19:45:00,20:03:00,18.000000000000096,2720-413,1300-257,7.6,7.72,5.79,18.0,9.592326932761353e-14
R1454,Bolt,Economy,2026-06-16,20:07:00,20:19:00,11.999999999999957,1349-040,1050-016,6.3,7.07,5.3,12.0,4.263256414560601e-14
R1455,Bolt,Economy,2026-06-16,20:26:00,20:36:00,10.000000000000124,1050-078,1600-615,4.4,4.15,3.11,10.0,1.2434497875801753e-13
R1456,Bolt,Bolt,2026-06-18,14:16:00,14:24:00,7.999999999999972,1300-120,1400-038,4.2,3.04,3.8,8.0,2.842170943040401e-14
R1457,Bolt,Bolt,2026-06-18,16:31:00,16:35:00,3.999999999999986,2775-416,2780-091,1.7,3.52,3.63,4.0,1.4210854715202004e-14
R1458,Bolt,Economy,2026-06-18,21:13:00,21:30:00,17.0000000000001,1990-100,2690-531,9.7,6.56,4.92,17.0,9.947598300641403e-14
R1459,Uber,Uber X,2026-06-18,12:53:00,13:11:00,18.000000000000096,2625-665,1700-008,16.66,8.94,8.02,18.0,9.592326932761353e-14
R1460,Uber,Uber X,2026-06-18,13:41:00,14:05:00,24.000000000000075,1700-008,1300-596,14.9,13.0,7.76,24.0,7.460698725481052e-14
R1461,Uber,Uber X Priority,2026-06-18,14:28:00,14:33:00,5.000000000000142,1495-143,1400-195,4.02,4.98,3.66,5.0,1.4210854715202004e-13
R1462,Uber,Uber X Priority,2026-06-18,14:34:00,14:46:00,12.000000000000117,1400-157,2795-084,4.31,5.98,3.96,12.0,1.1723955140041653e-13
R1463,Uber,Uber X Priority,2026-06-18,15:19:00,15:33:00,14.00000000000011,1495-064,2720-451,9.15,8.93,6.9,14.0,1.1013412404281553e-13
R1464,Uber,Uber X,2026-06-18,15:47:00,15:58:00,10.999999999999961,2720-364,1500-392,6.15,4.93,3.48,11.0,3.907985046680551e-14
R1465,Uber,Uber X,2026-06-18,15:58:00,16:22:00,24.000000000000075,1500-392,2775-750,19.71,11.6,7.76,24.0,7.460698725481052e-14
R1466,Uber,Uber X,2026-06-18,16:37:00,16:47:00,10.000000000000124,2785-812,2775-606,5.06,4.94,3.99,10.0,1.2434497875801753e-13
R1467,Uber,Uber X,2026-06-18,16:51:00,17:17:00,26.000000000000068,2775-562,1500-613,21.74,14.95,9.26,26.0,6.750155989720952e-14
R1468,Uber,Uber X,2026-06-18,17:37:00,17:51:00,13.99999999999995,1500-392,2610-123,4.68,9.96,7.61,14.0,4.973799150320701e-14
R1469,Uber,Uber X,2026-06-18,17:52:00,18:31:00,38.99999999999986,2610-038,2765-334,25.2,17.94,11.09,39.0,1.4210854715202004e-13
R1470,Uber,Uber X Priority,2026-06-18,18:38:00,19:02:00,24.000000000000075,2725-334,1300-598,20.75,16.99,10.0,24.0,7.460698725481052e-14
R1471,Uber,Uber X,2026-06-18,19:40:00,20:03:00,22.99999999999992,1300-360,1700-272,8.75,7.94,6.28,23.0,8.171241461241152e-14
R1472,Uber,Uber X,2026-06-18,20:09:00,20:19:00,10.000000000000124,1700-078,1990-094,4.49,3.96,3.57,10.0,1.2434497875801753e-13
R1473,Uber,Uber X,2026-06-19,15:00:00,15:18:00,18.000000000000096,2700-439,1750-157,11.81,7.93,6.86,18.0,9.592326932761353e-14
R1474,Uber,Uber X,2026-06-19,17:10:00,17:27:00,16.99999999999994,1750-142,2790-484,10.92,7.94,6.58,17.0,6.039613253960852e-14
R1475,Uber,Uber X Priority,2026-06-19,19:42:00,19:49:00,6.999999999999975,1495-028,1400-343,3.36,7.99,5.97,7.0,2.4868995751603507e-14
R1476,Uber,Uber X,2026-06-19,20:00:00,20:22:00,21.999999999999922,1300-014,1749-074,10.0,7.93,5.49,22.0,7.815970093361102e-14
R1477,Uber,Uber X,2026-06-19,20:53:00,21:12:00,18.999999999999932,1990-084,2625-125,13.88,8.93,6.06,19.0,6.750155989720952e-14
R1478,Bolt,Economy,2026-06-19,13:21:00,13:32:00,10.999999999999961,2615-094,2690-340,6.0,5.08,3.81,11.0,3.907985046680551e-14
R1479,Bolt,Economy,2026-06-19,13:41:00,14:03:00,22.00000000000008,2695-696,2720-369,19.2,11.65,8.74,22.0,8.171241461241152e-14
R1480,Bolt,Economy,2026-06-19,14:08:00,14:16:00,7.999999999999972,2700-434,2720-129,2.8,5.01,3.76,8.0,2.842170943040401e-14
R1481,Bolt,Economy,2026-06-19,14:20:00,14:33:00,13.000000000000114,2720-445,1400-139,7.1,5.62,4.21,13.0,1.1368683772161603e-13
R1482,Bolt,Bolt,2026-06-19,14:37:00,14:50:00,12.999999999999954,1400-315,2745-147,9.3,8.24,6.18,13.0,4.618527782440651e-14
R1483,Bolt,Economy,2026-06-19,16:09:00,16:16:00,6.999999999999975,1600-237,1500-039,2.2,4.24,3.18,7.0,2.4868995751603507e-14
R1484,Bolt,Bolt,2026-06-19,16:19:00,16:32:00,13.000000000000114,1500-392,1600-485,3.8,4.26,3.99,13.0,1.1368683772161603e-13
R1485,Bolt,Economy,2026-06-19,16:36:00,16:45:00,8.999999999999808,1600-461,1600-798,2.6,4.24,3.18,9.0,1.9184653865522705e-13
R1486,Bolt,Bolt,2026-06-19,16:50:00,17:00:00,10.000000000000124,1600-472,1750-184,2.9,3.39,3.63,10.0,1.2434497875801753e-13
R1487,Bolt,Bolt,2026-06-19,17:44:00,18:05:00,20.999999999999925,2790-188,1350-246,11.5,6.28,8.91,21.0,7.460698725481052e-14
R1488,Bolt,Economy,2026-06-19,18:09:00,18:39:00,29.999999999999893,1350-317,2775-508,17.3,13.43,10.17,30.0,1.0658141036401503e-13
R1489,Bolt,Bolt,2026-06-19,18:43:00,18:57:00,14.00000000000011,2775-508,2790-369,9.4,8.94,8.48,14.0,1.1013412404281553e-13
R1490,Bolt,Bolt,2026-06-19,18:59:00,19:09:00,9.999999999999805,2790-385,2795-246,5.7,4.16,4.29,10.0,1.9539925233402755e-13
R1491,Bolt,Economy,2026-06-19,19:12:00,19:22:00,10.000000000000124,2795-223,1495-143,3.8,5.9,4.42,10.0,1.2434497875801753e-13
R1492,Bolt,Economy,2026-06-19,21:19:00,21:25:00,6.0000000000001386,2625-266,2625-469,2.5,3.85,2.89,6.0,1.3855583347321954e-13
R1493,Bolt,Economy,2026-06-20,13:14:00,13:40:00,26.000000000000068,2625-395,1500-392,21.2,12.16,9.12,26.0,6.750155989720952e-14
R1494,Bolt,Bolt,2026-06-20,14:20:00,14:32:00,11.999999999999957,1500-328,1067-001,5.4,7.7,7.22,12.0,4.263256414560601e-14
R1495,Bolt,Economy,2026-06-20,14:41:00,14:51:00,9.999999999999964,1070-034,1400-049,7.7,6.79,5.09,10.0,3.552713678800501e-14
R1496,Bolt,Economy,2026-06-20,14:56:00,15:09:00,12.999999999999954,2790-138,2745-706,9.0,9.12,6.84,13.0,4.618527782440651e-14
R1497,Bolt,Economy,2026-06-20,16:01:00,16:22:00,21.000000000000085,2675-436,1495-064,17.9,10.08,7.56,21.0,8.526512829121202e-14
R1498,Bolt,Economy,2026-06-20,16:29:00,16:47:00,18.000000000000096,1400-206,1500-392,12.0,11.65,8.74,18.0,9.592326932761353e-14
R1499,Bolt,Economy,2026-06-20,17:07:00,17:17:00,10.000000000000124,1099-035,1400-054,6.0,6.65,4.99,10.0,1.2434497875801753e-13
R1500,Bolt,Economy,2026-06-20,17:23:00,17:33:00,10.000000000000124,1300-233,1300-501,3.4,6.78,5.08,10.0,1.2434497875801753e-13
R1501,Bolt,Economy,2026-06-20,18:09:00,18:18:00,9.000000000000128,1400-134,1495-137,3.5,5.78,4.33,9.0,1.2789769243681803e-13
R1502,Bolt,Bolt,2026-06-20,18:34:00,18:50:00,15.999999999999943,1400-034,1300-314,5.9,6.33,4.75,16.0,5.684341886080802e-14
R1503,Bolt,Economy,2026-06-20,19:34:00,19:50:00,15.999999999999943,1400-342,1500-268,8.2,5.97,4.48,16.0,5.684341886080802e-14
R1504,Bolt,Economy,2026-06-20,19:55:00,20:07:00,11.999999999999957,2700-309,1070-020,6.7,6.41,4.81,12.0,4.263256414560601e-14
R1505,Bolt,Economy,2026-06-20,20:21:00,20:41:00,19.99999999999993,1700-347,2625-009,15.4,10.53,7.9,20.0,7.105427357601002e-14
R1506,Uber,Uber X,2026-06-20,13:41:00,13:51:00,9.999999999999964,1500-392,2610-244,5.2,7.94,5.26,10.0,3.552713678800501e-14
R1507,Uber,Uber X Priority,2026-06-20,13:50:00,13:57:00,6.999999999999815,2610-095,1500-392,4.91,5.99,4.43,7.0,1.8474111129762605e-13
R1508,Uber,Uber X,2026-06-20,15:09:00,15:33:00,24.000000000000075,2745-788,1685-930,16.51,20.01,12.32,24.0,7.460698725481052e-14
R1509,Uber,Uber X,2026-06-20,15:44:00,15:49:00,4.999999999999982,2675-689,2675-533,2.95,4.93,4.05,5.0,1.7763568394002505e-14
R1510,Uber,Uber X,2026-06-20,16:50:00,16:56:00,6.0000000000001386,1500-392,1549-004,3.98,8.93,6.76,6.0,1.3855583347321954e-13
R1511,Uber,Uber X,2026-06-20,17:35:00,17:43:00,7.999999999999972,1300-474,1400-903,3.64,9.94,6.6,8.0,2.842170943040401e-14
R1512,Uber,Uber X,2026-06-20,18:18:00,18:26:00,7.999999999999972,2790-036,1400-038,5.76,6.94,5.65,8.0,2.842170943040401e-14
R1513,Uber,Uber X,2026-06-21,13:22:00,13:40:00,17.999999999999936,1800-101,2790-374,18.12,11.95,7.77,18.0,6.394884621840902e-14
R1514,Uber,Uber X,2026-06-21,14:28:00,14:42:00,13.99999999999995,1350-092,2730-226,13.28,15.94,10.36,14.0,4.973799150320701e-14
R1515,Uber,Uber X,2026-06-21,15:27:00,15:39:00,12.000000000000117,2775-271,2770-219,6.83,5.22,4.98,12.0,1.1723955140041653e-13
R1516,Uber,Uber X Priority,2026-06-21,16:32:00,16:43:00,10.999999999999801,2770-210,2790-065,7.68,10.98,7.86,11.0,1.9895196601282805e-13
R1517,Uber,Uber X,2026-06-21,16:49:00,16:54:00,4.999999999999982,2790-076,2790-089,2.42,6.95,5.4,5.0,1.7763568394002505e-14
R1518,Uber,Uber X,2026-06-21,17:26:00,17:42:00,15.999999999999943,1600-464,1300-278,10.63,8.94,5.81,16.0,5.684341886080802e-14
R1519,Uber,Uber X,2026-06-21,18:07:00,18:20:00,12.999999999999954,1070-069,1500-392,7.11,11.94,7.87,13.0,4.618527782440651e-14
R1520,Bolt,Economy,2026-06-21,12:53:00,13:13:00,20.00000000000009,2615-000,1990-233,20.0,11.82,8.86,20.0,8.881784197001252e-14
R1521,Bolt,Economy,2026-06-21,14:15:00,14:27:00,11.999999999999957,2795-069,1070-012,8.9,7.32,5.49,12.0,4.263256414560601e-14
R1522,Bolt,Economy,2026-06-21,15:03:00,15:23:00,19.99999999999993,2745-173,2775-643,17.7,13.19,11.06,20.0,7.105427357601002e-14
R1523,Bolt,Bolt,2026-06-21,17:08:00,17:26:00,17.999999999999936,2795-034,1600-404,11.3,9.66,9.06,18.0,6.394884621840902e-14
R1524,Bolt,Bolt,2026-06-21,17:53:00,18:06:00,13.000000000000114,1300-340,1070-036,7.0,6.75,8.06,13.0,1.1368683772161603e-13
R1525,Bolt,Economy,2026-06-21,18:37:00,18:49:00,11.999999999999957,1500-392,1495-149,8.7,6.06,4.54,12.0,4.263256414560601e-14
R1526,Bolt,Economy,2026-06-21,18:53:00,19:09:00,15.999999999999943,1495-044,2700-218,8.8,8.03,6.02,16.0,5.684341886080802e-14
R1527,Bolt,Economy,2026-06-21,19:48:00,19:57:00,8.999999999999808,2720-464,2745-243,6.2,6.05,4.54,9.0,1.9184653865522705e-13
R1528,Bolt,Economy,2026-06-21,19:59:00,20:21:00,22.00000000000008,2745-196,2675-284,19.2,11.51,8.63,22.0,8.171241461241152e-14
R1529,Bolt,Economy,2026-06-22,14:29:00,14:44:00,14.999999999999947,2720-053,1070-049,9.8,7.02,5.26,15.0,5.3290705182007514e-14
R1530,Bolt,Economy,2026-06-22,14:50:00,14:59:00,8.999999999999968,1070-159,1500-039,4.6,5.95,4.46,9.0,3.197442310920451e-14
R1531,Bolt,Economy,2026-06-22,15:21:00,15:37:00,16.000000000000103,2745-271,1500-392,11.2,7.47,6.16,16.0,1.0302869668521453e-13
R1532,Bolt,Bolt,2026-06-22,15:39:00,15:47:00,7.999999999999972,1500-392,1700-098,3.5,4.4,3.63,8.0,2.842170943040401e-14
R1533,Bolt,Economy,2026-06-22,16:33:00,16:49:00,15.999999999999943,1600-498,1495-023,9.5,7.86,5.89,16.0,5.684341886080802e-14
R1534,Bolt,Bolt,2026-06-22,16:53:00,17:16:00,23.000000000000078,1495-010,2720-118,10.2,10.04,7.53,23.0,7.815970093361102e-14
R1535,Bolt,Bolt,2026-06-22,17:23:00,17:36:00,13.000000000000114,2700-587,2790-208,4.6,3.82,4.09,13.0,1.1368683772161603e-13
R1536,Bolt,Bolt,2026-06-22,17:41:00,17:51:00,9.999999999999964,2790-045,2790-005,4.2,5.86,4.39,10.0,3.552713678800501e-14
R1537,Bolt,Bolt,2026-06-22,17:56:00,18:05:00,8.999999999999968,2790-249,2610-140,3.2,7.48,5.61,9.0,3.197442310920451e-14
R1538,Bolt,Economy,2026-06-22,19:58:00,20:09:00,10.999999999999961,1300-484,1500-392,6.9,7.85,5.89,11.0,3.907985046680551e-14
R1539,Bolt,Economy,2026-06-22,20:10:00,20:26:00,15.999999999999943,1500-392,2690-342,16.5,10.08,7.56,16.0,5.684341886080802e-14
R1540,Uber,Uber X,2026-06-22,13:07:00,13:45:00,37.999999999999865,2625-434,1050-037,22.8,17.94,11.66,38.0,1.3500311979441904e-13
R1541,Uber,Uber X,2026-06-22,13:53:00,14:11:00,18.000000000000096,1000-081,2700-358,9.79,7.95,5.17,18.0,9.592326932761353e-14
R1542,Uber,Uber X,2026-06-22,14:58:00,15:13:00,14.999999999999947,1500-185,2745-173,8.87,5.96,3.87,15.0,5.3290705182007514e-14
R1543,Uber,Uber X,2026-06-22,18:07:00,18:22:00,15.000000000000107,2610-016,1495-143,7.87,6.93,5.34,15.0,1.0658141036401503e-13
R1544,Uber,Uber X,2026-06-22,18:33:00,18:45:00,11.999999999999957,1495-003,1500-910,9.4,8.95,6.77,12.0,4.263256414560601e-14
R1545,Uber,Uber X,2026-06-22,18:51:00,19:09:00,17.999999999999776,1500-374,1300-085,9.26,10.84,7.46,18.0,2.2382096176443156e-13
R1546,Uber,Uber X,2026-06-23,16:31:00,16:38:00,6.999999999999975,1500-374,1099-051,3.33,6.96,6.11,7.0,2.4868995751603507e-14
R1547,Uber,Uber X,2026-06-23,16:45:00,16:57:00,11.999999999999957,1500-423,1600-616,4.42,6.94,6.16,12.0,4.263256414560601e-14
R1548,Uber,Uber X,2026-06-23,17:01:00,17:10:00,9.000000000000128,1600-768,1070-075,4.24,10.94,7.85,9.0,1.2789769243681803e-13
R1549,Uber,Uber X,2026-06-23,17:12:00,17:22:00,9.999999999999964,1070-029,1200-790,3.39,9.95,6.76,10.0,3.552713678800501e-14
R1550,Uber,Uber X,2026-06-23,17:28:00,18:04:00,36.00000000000003,1200-787,1495-063,8.83,18.59,12.9,36.0,2.842170943040401e-14
R1551,Uber,Uber X Priority,2026-06-23,18:19:00,18:26:00,7.000000000000135,2795-227,1449-005,4.58,10.99,9.2,7.0,1.3500311979441904e-13
R1552,Uber,Uber X,2026-06-23,18:37:00,18:45:00,7.999999999999972,1400-092,2790-045,5.84,5.93,4.92,8.0,2.842170943040401e-14
R1553,Uber,Uber X Priority,2026-06-23,19:10:00,19:16:00,5.999999999999819,2790-204,2720-797,3.32,4.98,3.52,6.0,1.8118839761882555e-13
R1554,Uber,Courier,2026-06-23,19:21:00,19:36:00,15.000000000000107,2720-797,1500-392,5.02,5.18,3.89,15.0,1.0658141036401503e-13
R1555,Uber,Uber X Priority,2026-06-23,19:36:00,19:48:00,11.999999999999957,1500-185,1495-072,9.12,6.99,4.61,12.0,4.263256414560601e-14
R1556,Uber,Uber X Priority,2026-06-23,20:44:00,21:05:00,20.999999999999925,1600-404,2615-034,23.61,13.98,9.09,21.0,7.460698725481052e-14
R1557,Bolt,Economy,2026-06-23,13:30:00,13:59:00,28.999999999999897,2625-085,1600-238,19.1,13.8,11.74,29.0,1.0302869668521453e-13
R1558,Bolt,Bolt,2026-06-23,14:04:00,14:24:00,19.99999999999993,1675-229,1400-157,10.2,6.6,6.19,20.0,7.105427357601002e-14
R1559,Bolt,Economy,2026-06-23,14:29:00,14:41:00,12.000000000000117,1400-220,1500-185,7.6,6.65,5.49,12.0,1.1723955140041653e-13
R1560,Bolt,Economy,2026-06-23,14:42:00,15:03:00,21.000000000000085,1500-392,1250-179,9.9,6.49,4.87,21.0,8.526512829121202e-14
R1561,Bolt,Bolt,2026-06-23,15:11:00,15:19:00,7.999999999999972,1350-300,1200-677,1.6,3.52,3.3,8.0,2.842170943040401e-14
R1562,Bolt,Economy,2026-06-23,15:32:00,15:53:00,20.999999999999925,1200-677,1600-515,10.1,8.52,6.39,21.0,7.460698725481052e-14
R1563,Bolt,Bolt,2026-06-23,20:15:00,20:34:00,18.999999999999932,1495-055,1700-342,13.1,8.49,7.37,19.0,6.750155989720952e-14
R1564,Bolt,Economy,2026-06-24,13:31:00,13:48:00,17.0000000000001,1990-211,1700-114,7.3,5.7,4.27,17.0,9.947598300641403e-14
R1565,Bolt,Economy,2026-06-24,14:11:00,14:24:00,12.999999999999954,1099-035,2720-413,8.9,5.11,4.21,13.0,4.618527782440651e-14
R1566,Bolt,Economy,2026-06-24,15:53:00,16:00:00,6.999999999999975,2780-145,2780-305,2.9,3.85,3.18,7.0,2.4868995751603507e-14
R1567,Bolt,Economy,2026-06-24,16:36:00,17:00:00,23.999999999999915,2780-285,1300-356,13.2,9.31,6.98,24.0,8.526512829121202e-14
R1568,Bolt,Economy,2026-06-24,17:29:00,17:44:00,14.999999999999947,1500-392,2790-099,9.3,8.28,6.21,15.0,5.3290705182007514e-14
R1569,Bolt,Economy,2026-06-24,18:59:00,19:30:00,30.99999999999989,1700-046,1300-534,9.6,6.91,5.18,31.0,1.1013412404281553e-13
R1570,Bolt,Economy,2026-06-24,19:59:00,20:21:00,22.00000000000008,1300-534,1700-305,13.3,10.0,7.5,22.0,8.171241461241152e-14
R1571,Uber,Uber X,2026-06-24,12:56:00,13:16:00,20.00000000000009,2625-390,1990-094,13.74,8.95,6.02,20.0,8.881784197001252e-14
R1572,Uber,Uber X Priority,2026-06-24,13:49:00,14:04:00,15.000000000000107,1700-305,1070-280,5.02,5.98,4.2,15.0,1.0658141036401503e-13
R1573,Uber,Uber X,2026-06-24,14:33:00,14:46:00,12.999999999999954,2610-103,2774-550,13.05,7.95,6.01,13.0,4.618527782440651e-14
R1574,Uber,Uber X,2026-06-24,14:54:00,15:04:00,9.999999999999964,2740-049,2780-125,5.08,4.23,3.46,10.0,3.552713678800501e-14
R1575,Uber,Uber X Priority,2026-06-24,16:09:00,16:16:00,6.999999999999975,2780-125,2770-031,2.21,4.97,3.62,7.0,2.4868995751603507e-14
R1576,Uber,Uber X Priority,2026-06-24,17:00:00,17:20:00,19.99999999999993,1300-470,1500-392,8.84,12.97,8.43,20.0,7.105427357601002e-14
R1577,Uber,Uber X,2026-06-24,17:40:00,17:55:00,14.999999999999947,2790-129,1300-258,7.26,8.95,5.82,15.0,5.3290705182007514e-14
R1578,Uber,Uber X Priority,2026-06-24,18:10:00,18:18:00,7.999999999999972,1300-314,1300-299,1.89,10.97,7.53,8.0,2.842170943040401e-14
R1579,Uber,Uber X,2026-06-24,18:22:00,18:47:00,25.00000000000007,1300-299,1700-162,10.08,14.93,11.84,25.0,7.105427357601002e-14
R1580,Uber,Uber X,2026-06-24,20:29:00,20:46:00,16.99999999999978,1990-083,2625-088,13.55,6.94,6.56,17.0,2.2026824808563106e-13
R1581,Uber,Uber X,2026-06-25,13:06:00,13:24:00,18.000000000000096,2615-279,1990-094,18.82,11.95,7.97,18.0,9.592326932761353e-14
R1582,Uber,Uber X,2026-06-25,13:31:00,13:46:00,15.000000000000107,1990-094,1500-392,10.76,6.93,4.74,15.0,1.0658141036401503e-13
R1583,Uber,Uber X Priority,2026-06-25,14:06:00,14:13:00,6.999999999999975,1500-392,1500-313,4.61,4.98,3.67,7.0,2.4868995751603507e-14
R1584,Uber,Uber X,2026-06-25,14:21:00,14:38:00,16.99999999999994,1500-313,1300-141,8.41,4.94,4.43,17.0,6.039613253960852e-14
R1585,Uber,Uber X,2026-06-25,14:39:00,14:58:00,18.999999999999932,1300-141,2650-390,10.42,8.96,5.82,19.0,6.750155989720952e-14
R1586,Uber,Uber X Priority,2026-06-25,16:49:00,16:56:00,7.000000000000135,2775-226,2775-621,3.36,4.98,3.92,7.0,1.3500311979441904e-13
R1587,Uber,Uber X,2026-06-25,17:53:00,18:02:00,9.000000000000128,2610-038,1500-561,5.48,4.95,4.46,9.0,1.2789769243681803e-13
R1588,Uber,Uber X,2026-06-25,19:50:00,20:07:00,17.0000000000001,1300-085,1749-009,11.0,8.94,6.58,17.0,9.947598300641403e-14
R1589,Bolt,Economy,2026-06-25,13:55:00,14:08:00,13.000000000000114,1675-631,1750-126,4.6,4.68,3.51,13.0,1.1368683772161603e-13
R1590,Bolt,Economy,2026-06-25,15:57:00,16:12:00,14.999999999999947,1500-629,1495-233,9.3,6.52,4.89,15.0,5.3290705182007514e-14
R1591,Bolt,Economy,2026-06-25,16:17:00,16:33:00,15.999999999999943,1495-135,2780-373,10.7,7.22,5.51,16.0,5.684341886080802e-14
R1592,Bolt,Economy,2026-06-25,16:39:00,16:51:00,12.000000000000117,2740-057,2775-256,8.0,6.44,5.0,12.0,1.1723955140041653e-13
R1593,Bolt,Bolt,2026-06-25,17:09:00,17:15:00,6.0000000000001386,2780-875,2780-213,2.2,3.52,3.63,6.0,1.3855583347321954e-13
R1594,Bolt,Economy,2026-06-25,17:20:00,17:46:00,25.999999999999908,2780-417,2610-175,14.5,10.44,7.93,26.0,9.237055564881302e-14
R1595,Bolt,Economy,2026-06-25,18:29:00,18:59:00,30.000000000000053,1649-021,1300-501,7.2,5.74,5.38,30.0,5.3290705182007514e-14
R1596,Bolt,Economy,2026-06-26,14:02:00,14:24:00,21.999999999999922,1950-089,1400-344,16.6,8.46,7.93,22.0,7.815970093361102e-14
R1597,Bolt,Economy,2026-06-26,15:45:00,16:04:00,18.999999999999932,2775-562,2790-338,11.3,7.93,6.66,19.0,6.750155989720952e-14
R1598,Bolt,Bolt,2026-06-26,16:12:00,16:35:00,23.000000000000078,1495-240,1600-428,13.5,8.66,6.49,23.0,7.815970093361102e-14
R1599,Bolt,Economy,2026-06-26,17:54:00,18:27:00,33.00000000000004,1495-138,2780-875,12.7,11.11,9.16,33.0,4.263256414560601e-14
R1600,Bolt,Bolt,2026-06-26,18:47:00,19:07:00,19.99999999999993,2780-181,2790-477,11.8,12.07,9.05,20.0,7.105427357601002e-14
R1601,Bolt,Bolt,2026-06-26,19:12:00,19:34:00,22.00000000000008,2790-215,1300-403,10.7,9.54,9.07,22.0,8.171241461241152e-14
R1602,Bolt,Bolt,2026-06-26,20:30:00,21:03:00,33.00000000000004,2795-071,2625-139,27.8,16.51,15.48,33.0,4.263256414560601e-14
R1603,Uber,Uber X,2026-06-26,13:22:00,13:50:00,28.00000000000006,2625-385,1900-077,18.91,11.96,8.48,28.0,6.039613253960852e-14
R1604,Uber,Uber X,2026-06-26,14:27:00,14:58:00,31.00000000000005,1400-038,2775-606,13.89,14.96,9.72,31.0,4.973799150320701e-14
R1605,Uber,Uber X,2026-06-26,16:44:00,16:51:00,6.999999999999975,1600-410,1500-392,4.29,5.18,3.3,7.0,2.4868995751603507e-14
R1606,Uber,Uber X Priority,2026-06-26,16:58:00,17:12:00,14.00000000000011,1500-392,1400-220,8.58,8.98,5.84,14.0,1.1013412404281553e-13
R1607,Uber,Uber X,2026-06-26,17:11:00,17:21:00,10.000000000000124,1400-407,2790-205,4.06,10.29,6.1,10.0,1.2434497875801753e-13
R1608,Uber,Uber X Priority,2026-06-26,17:35:00,17:41:00,6.0000000000001386,2790-236,1495-151,3.6,4.99,4.05,6.0,1.3855583347321954e-13
R1609,Uber,Uber X,2026-06-27,12:52:00,13:00:00,7.999999999999972,2615-034,2625-229,4.63,4.99,3.34,8.0,2.842170943040401e-14
R1610,Uber,Uber X,2026-06-27,14:08:00,14:19:00,10.999999999999961,2700-115,2720-299,3.77,4.95,4.02,11.0,3.907985046680551e-14
R1611,Uber,Uber X,2026-06-27,14:24:00,14:30:00,5.999999999999979,2720-373,2790-236,4.34,4.97,3.43,6.0,2.1316282072803006e-14
R1612,Uber,Uber X,2026-06-27,14:46:00,15:00:00,13.99999999999995,1500-458,1495-240,11.27,8.94,5.81,14.0,4.973799150320701e-14
R1613,Uber,Uber X,2026-06-27,15:04:00,15:12:00,7.999999999999972,1495-043,2790-125,3.7,4.06,3.94,8.0,2.842170943040401e-14
R1614,Uber,Uber X,2026-06-27,16:30:00,16:38:00,7.999999999999972,2610-218,2724-510,3.94,4.11,3.99,8.0,2.842170943040401e-14
R1615,Uber,Uber X,2026-06-27,16:47:00,16:58:00,10.999999999999801,2610-232,1600-428,7.15,5.87,5.72,11.0,1.9895196601282805e-13
R1616,Uber,Uber X,2026-06-27,20:06:00,20:23:00,16.99999999999994,1300-147,1600-609,10.67,7.95,7.21,17.0,6.039613253960852e-14
R1617,Uber,Uber X Priority,2026-06-27,20:25:00,20:33:00,7.999999999999972,1600-653,1750-006,3.61,5.99,4.45,8.0,2.842170943040401e-14
R1618,Uber,Uber X,2026-06-27,20:56:00,21:13:00,16.99999999999994,1600-404,2625-099,15.66,11.93,7.75,17.0,6.039613253960852e-14
R1619,Uber,Uber X,2026-06-27,21:07:00,21:16:00,8.999999999999968,2625-095,2615-170,5.47,4.94,3.52,9.0,3.197442310920451e-14
R1620,Bolt,Bolt,2026-06-27,13:14:00,13:41:00,27.000000000000064,2625-194,1700-217,17.1,8.98,8.42,27.0,6.394884621840902e-14
R1621,Bolt,Economy,2026-06-27,13:46:00,14:06:00,19.99999999999993,1700-217,2700-569,13.2,9.73,7.3,20.0,7.105427357601002e-14
R1622,Bolt,Economy,2026-06-27,14:37:00,14:48:00,10.999999999999961,2790-496,1500-392,6.4,4.78,3.58,11.0,3.907985046680551e-14
R1623,Bolt,Economy,2026-06-27,16:14:00,16:23:00,8.999999999999968,2790-098,2610-135,5.5,5.78,4.33,9.0,3.197442310920451e-14
R1624,Bolt,Economy,2026-06-27,17:23:00,17:34:00,10.999999999999961,1600-428,1675-158,5.2,4.87,3.65,11.0,3.907985046680551e-14
R1625,Bolt,Economy,2026-06-27,17:41:00,17:56:00,14.999999999999947,1675-158,1495-240,11.8,9.9,7.42,15.0,5.3290705182007514e-14
R1626,Bolt,Bolt,2026-06-27,17:58:00,18:07:00,9.000000000000128,1495-704,2795-227,2.8,4.4,3.3,9.0,1.2789769243681803e-13
R1627,Bolt,Economy,2026-06-27,18:42:00,19:07:00,25.00000000000007,1495-099,1700-008,14.7,9.64,7.23,25.0,7.105427357601002e-14
R1628,Bolt,Bolt,2026-06-27,19:07:00,19:24:00,16.99999999999978,1700-008,2610-031,9.9,7.59,6.32,17.0,2.2026824808563106e-13
R1629,Bolt,Bolt,2026-06-27,19:26:00,19:43:00,16.99999999999994,2610-179,1050-042,8.2,4.61,4.94,17.0,6.039613253960852e-14
R1630,Bolt,Bolt,2026-06-27,19:50:00,20:02:00,12.000000000000117,1070-095,1300-425,7.1,4.02,4.3,12.0,1.1723955140041653e-13
R1631,Bolt,Economy,2026-06-28,13:14:00,13:26:00,12.000000000000117,2615-216,2625-024,5.6,4.21,3.48,12.0,1.1723955140041653e-13
R1632,Bolt,Economy,2026-06-28,13:34:00,14:08:00,34.00000000000004,2625-399,1300-083,29.8,16.48,12.36,34.0,4.263256414560601e-14
R1633,Bolt,Economy,2026-06-28,14:39:00,14:53:00,13.99999999999995,1200-163,1300-103,5.0,7.2,5.94,14.0,4.973799150320701e-14
R1634,Bolt,Economy,2026-06-28,15:32:00,15:45:00,12.999999999999954,1649-021,2745-896,11.8,7.55,5.66,13.0,4.618527782440651e-14
R1635,Bolt,Bolt,2026-06-28,15:47:00,15:57:00,9.999999999999964,2730-051,2760-064,8.1,7.06,6.7,10.0,3.552713678800501e-14
R1636,Bolt,Economy,2026-06-28,16:00:00,16:06:00,6.0000000000001386,2760-073,2760-064,1.8,7.7,5.77,6.0,1.3855583347321954e-13
R1637,Bolt,Bolt,2026-06-28,16:57:00,17:04:00,7.000000000000135,1300-341,1350-353,2.8,7.48,5.61,7.0,1.3500311979441904e-13
R1638,Bolt,Bolt,2026-06-28,17:19:00,17:41:00,22.00000000000008,1300-352,1700-008,10.8,12.45,9.34,22.0,8.171241461241152e-14
R1639,Bolt,Bolt,2026-06-28,17:41:00,17:54:00,12.999999999999794,1700-008,1500-235,7.4,8.75,7.06,13.0,2.0605739337042905e-13
R1640,Bolt,Bolt,2026-06-28,18:23:00,18:34:00,11.00000000000012,1300-313,2790-045,6.9,5.88,4.41,11.0,1.2079226507921703e-13
R1641,Bolt,Bolt,2026-06-28,19:03:00,19:13:00,9.999999999999805,1070-017,1300-499,6.8,4.02,3.76,10.0,1.9539925233402755e-13
R1642,Bolt,Economy,2026-06-28,19:19:00,19:38:00,18.999999999999932,1300-499,1600-203,9.3,5.91,4.93,19.0,6.750155989720952e-14
R1643,Bolt,Bolt,2026-06-28,20:16:00,20:31:00,14.999999999999947,1700-090,2685-140,8.9,9.39,7.04,15.0,5.3290705182007514e-14
R1644,Uber,Uber X,2026-06-28,14:06:00,14:13:00,6.999999999999975,1300-082,1300-501,3.23,4.93,3.63,7.0,2.4868995751603507e-14
R1645,Uber,Uber X Priority,2026-06-28,14:13:00,14:22:00,8.999999999999968,1300-501,1200-850,3.13,5.98,4.04,9.0,3.197442310920451e-14
R1646,Uber,Uber X,2026-06-28,15:01:00,15:11:00,9.999999999999964,1300-150,2720-252,7.0,7.95,5.17,10.0,3.552713678800501e-14
R1647,Uber,Uber X,2026-06-28,15:15:00,15:26:00,11.00000000000012,2700-386,1500-423,6.8,5.96,4.53,11.0,1.2079226507921703e-13
R1648,Uber,Uber X,2026-06-28,16:09:00,16:25:00,16.000000000000103,2790-415,1300-105,10.68,6.95,6.04,16.0,1.0302869668521453e-13
R1649,Uber,Uber X,2026-06-28,17:54:00,18:10:00,16.000000000000263,1500-392,1300-313,9.6,7.93,5.15,16.0,2.6290081223123707e-13
R1650,Uber,Uber X,2026-06-28,18:30:00,18:41:00,10.999999999999961,2790-077,1070-283,9.14,5.94,5.2,11.0,3.907985046680551e-14
R1651,Uber,Uber X Priority,2026-06-28,19:57:00,20:05:00,7.999999999999972,1600-086,1700-094,3.46,5.98,4.12,8.0,2.842170943040401e-14
R1652,Uber,Uber X,2026-06-29,14:54:00,15:03:00,8.999999999999968,1500-392,1700-090,3.98,5.93,4.1,9.0,3.197442310920451e-14
R1653,Uber,Uber X Priority,2026-06-29,15:09:00,15:23:00,13.99999999999995,1700-049,1070-103,4.55,9.98,6.75,14.0,4.973799150320701e-14
R1654,Uber,Uber X,2026-06-29,16:55:00,17:21:00,26.000000000000068,2735-521,2610-185,12.14,8.94,5.83,26.0,6.750155989720952e-14
R1655,Uber,Uber X,2026-06-29,17:28:00,17:44:00,16.000000000000103,2610-185,1700-049,8.21,13.96,9.46,16.0,1.0302869668521453e-13
R1656,Bolt,Economy,2026-06-29,13:24:00,13:46:00,22.00000000000008,2625-616,1600-416,21.3,12.19,9.14,22.0,8.171241461241152e-14
R1657,Bolt,Economy,2026-06-29,14:01:00,14:18:00,16.99999999999994,1675-109,1350-348,10.5,7.78,5.83,17.0,6.039613253960852e-14
R1658,Bolt,Bolt,2026-06-29,14:26:00,14:40:00,13.99999999999995,1200-610,1649-021,6.1,8.47,6.6,14.0,4.973799150320701e-14
R1659,Bolt,Economy,2026-06-29,14:45:00,14:56:00,10.999999999999961,1600-001,1500-392,2.3,5.83,4.37,11.0,3.907985046680551e-14
R1660,Bolt,Economy,2026-06-29,15:40:00,15:55:00,14.999999999999947,1250-050,2790-144,7.8,7.55,6.23,15.0,5.3290705182007514e-14
R1661,Bolt,Bolt,2026-06-29,16:24:00,16:36:00,12.000000000000277,2790-045,2700-702,5.1,5.87,5.5,12.0,2.7711166694643907e-13
R1662,Bolt,Bolt,2026-06-29,16:38:00,16:52:00,14.00000000000011,2700-595,2735-430,7.9,7.72,6.58,14.0,1.1013412404281553e-13
R1663,Bolt,Bolt,2026-06-29,18:08:00,18:20:00,11.999999999999957,1649-035,1300-125,5.7,8.91,7.35,12.0,4.263256414560601e-14
R1664,Bolt,Bolt,2026-06-29,18:26:00,18:54:00,27.9999999999999,1300-546,2610-017,6.5,6.82,7.24,28.0,9.947598300641403e-14
R1665,Bolt,Economy,2026-06-29,19:17:00,19:32:00,15.000000000000107,2610-017,2760-093,11.1,8.69,6.52,15.0,1.0658141036401503e-13
R1666,Bolt,Economy,2026-06-29,19:37:00,20:03:00,26.000000000000068,2770-179,1200-109,16.1,11.04,8.28,26.0,6.750155989720952e-14
R1667,Bolt,Economy,2026-06-29,20:12:00,20:36:00,24.000000000000075,1200-479,1750-401,8.2,8.15,6.72,24.0,7.460698725481052e-14
R1668,Bolt,Economy,2026-06-30,14:39:00,14:51:00,11.999999999999957,2735-671,2770-219,7.2,5.84,4.38,12.0,4.263256414560601e-14
R1669,Bolt,Bolt,2026-06-30,15:16:00,15:29:00,12.999999999999794,1495-122,1300-477,8.0,4.19,4.48,13.0,2.0605739337042905e-13
R1670,Bolt,Economy,2026-06-30,15:34:00,15:58:00,23.999999999999915,1300-190,1600-206,8.9,9.8,7.35,24.0,8.526512829121202e-14
R1671,Bolt,Economy,2026-06-30,16:22:00,16:32:00,10.000000000000124,1700-093,1600-275,2.6,5.01,4.14,10.0,1.2434497875801753e-13
R1672,Bolt,Bolt,2026-06-30,16:41:00,16:51:00,10.000000000000124,1600-214,1500-038,4.2,5.53,4.36,10.0,1.2434497875801753e-13
R1673,Bolt,Bolt,2026-06-30,16:55:00,17:17:00,22.00000000000008,1500-445,1300-063,9.8,8.78,6.93,22.0,8.171241461241152e-14
R1674,Bolt,Bolt,2026-06-30,17:34:00,18:10:00,36.00000000000019,1300-300,2745-755,13.3,13.64,14.61,36.0,1.9184653865522705e-13
R1675,Bolt,Bolt,2026-06-30,19:08:00,19:27:00,19.000000000000092,2740-245,2745-164,12.8,8.04,9.61,19.0,9.237055564881302e-14
R1676,Bolt,Economy,2026-06-30,20:36:00,20:49:00,12.999999999999954,1990-265,2625-026,12.3,8.33,6.25,13.0,4.618527782440651e-14
R1677,Uber,Uber X Priority,2026-06-30,13:10:00,13:20:00,10.000000000000124,2615-399,2625-623,5.29,4.99,3.74,10.0,1.2434497875801753e-13
R1678,Uber,Uber X,2026-06-30,13:28:00,14:00:00,32.00000000000004,2625-623,2790-249,30.4,16.04,11.08,32.0,4.263256414560601e-14
R1679,Uber,Uber X,2026-06-30,13:59:00,14:15:00,16.000000000000103,2790-129,2730-036,13.03,8.96,5.56,16.0,1.0302869668521453e-13
R1680,Uber,Uber X,2026-06-30,14:53:00,15:08:00,14.999999999999947,2780-292,1495-002,11.08,10.93,7.35,15.0,5.3290705182007514e-14
R1681,Uber,Uber X,2026-06-30,18:12:00,18:34:00,22.00000000000008,2745-756,1500-462,8.68,7.94,5.84,22.0,8.171241461241152e-14
R1682,Uber,Uber X,2026-06-30,18:37:00,18:57:00,19.99999999999993,2610-192,2740-113,12.65,10.95,7.9,20.0,7.105427357601002e-14
R1683,Uber,Uber X,2026-06-30,19:51:00,20:19:00,27.9999999999999,2745-067,1990-280,18.3,11.93,9.24,28.0,9.947598300641403e-14
R1684,Uber,Uber X Priority,2026-07-02,13:38:00,13:47:00,8.999999999999968,1990-094,2685-141,4.36,5.98,4.53,9.0,3.197442310920451e-14
R1685,Uber,Uber X,2026-07-02,13:55:00,14:24:00,29.000000000000057,2685-141,1169-050,14.52,12.95,8.65,29.0,5.684341886080802e-14
R1686,Uber,Uber X Priority,2026-07-02,14:55:00,15:02:00,6.999999999999975,1300-070,1349-008,2.48,8.98,6.59,7.0,2.4868995751603507e-14
R1687,Uber,Uber X,2026-07-02,15:09:00,15:18:00,9.000000000000128,1400-038,1495-131,4.46,7.96,6.13,9.0,1.2789769243681803e-13
R1688,Uber,Uber X,2026-07-02,15:34:00,15:47:00,12.999999999999954,1495-072,2650-186,10.23,10.95,8.47,13.0,4.618527782440651e-14
R1689,Uber,Share,2026-07-02,16:40:00,16:47:00,6.999999999999975,1600-681,1500-392,4.28,7.92,6.88,7.0,2.4868995751603507e-14
R1690,Uber,Uber X,2026-07-02,16:54:00,17:09:00,14.999999999999947,1500-650,1400-009,8.93,15.94,10.36,15.0,5.3290705182007514e-14
R1691,Uber,Uber X,2026-07-02,17:14:00,17:34:00,19.99999999999993,1495-209,1200--831,9.18,14.94,11.79,20.0,7.105427357601002e-14
R1692,Uber,Uber X,2026-07-02,17:40:00,17:52:00,11.999999999999957,1300-501,1400-038,4.95,9.94,7.4,12.0,4.263256414560601e-14
R1693,Uber,Uber X,2026-07-02,19:43:00,20:00:00,17.0000000000001,1500-204,1700-008,7.25,7.96,6.65,17.0,9.947598300641403e-14
R1694,Uber,Uber X,2026-07-02,20:05:00,20:23:00,18.000000000000096,1700-008,2625-719,15.1,15.16,9.7,18.0,9.592326932761353e-14
R1695,Bolt,Economy,2026-07-02,13:01:00,13:12:00,10.999999999999801,2615-129,2625-108,5.4,4.26,3.19,11.0,1.9895196601282805e-13
R1696,Bolt,Economy,2026-07-02,13:26:00,13:42:00,15.999999999999943,2625-161,1990-291,11.8,8.61,6.46,16.0,5.684341886080802e-14
R1697,Bolt,Bolt,2026-07-02,14:35:00,14:56:00,20.999999999999925,1150-241,1300-504,8.6,14.43,11.9,21.0,7.460698725481052e-14
R1698,Bolt,Economy,2026-07-02,16:00:00,16:21:00,21.000000000000085,2650-230,1600-404,8.3,9.77,7.33,21.0,8.526512829121202e-14
R1699,Bolt,Economy,2026-07-02,18:09:00,18:18:00,9.000000000000128,1400-071,2610-088,7.0,6.33,4.75,9.0,1.2789769243681803e-13
R1700,Bolt,Bolt,2026-07-02,18:25:00,18:34:00,8.999999999999968,2610-055,2720-449,3.7,4.98,4.66,9.0,3.197442310920451e-14
R1701,Bolt,Bolt,2026-07-02,18:36:00,18:48:00,11.999999999999957,2720-119,2790-045,4.0,5.17,6.08,12.0,4.263256414560601e-14
R1702,Bolt,Bolt,2026-07-02,18:50:00,18:56:00,5.999999999999979,2790-045,2790-251,2.5,4.4,4.29,6.0,2.1316282072803006e-14
R1703,Bolt,Economy,2026-07-02,19:25:00,19:30:00,4.999999999999982,2790-045,2610-265,2.1,7.32,5.49,5.0,1.7763568394002505e-14
R1704,Bolt,Economy,2026-07-02,19:33:00,19:40:00,7.000000000000135,2610-070,1600-152,4.7,5.62,4.21,7.0,1.3500311979441904e-13
R1705,Bolt,Bolt,2026-07-03,14:24:00,14:50:00,26.000000000000068,1700-008,1350-001,10.2,10.47,7.8,26.0,6.750155989720952e-14
R1706,Bolt,Bolt,2026-07-03,14:54:00,15:10:00,15.999999999999943,1350-177,1500-458,9.9,12.38,9.28,16.0,5.684341886080802e-14
R1707,Bolt,Bolt,2026-07-03,15:52:00,16:00:00,7.999999999999972,1500-204,1600-064,2.4,4.8,5.14,8.0,2.842170943040401e-14
R1708,Bolt,Economy,2026-07-03,16:04:00,16:17:00,13.000000000000114,1600-136,2610-122,6.9,6.01,4.51,13.0,1.1368683772161603e-13
R1709,Bolt,Bolt,2026-07-03,16:21:00,16:28:00,6.999999999999815,2790-138,1495-701,4.7,6.61,5.63,7.0,1.8474111129762605e-13
R1710,Bolt,Bolt,2026-07-03,17:00:00,17:23:00,22.99999999999992,1600-209,1300-065,9.8,10.3,8.13,23.0,8.171241461241152e-14
R1711,Bolt,Economy,2026-07-03,17:28:00,17:37:00,9.000000000000128,1300-087,1300-472,3.1,6.16,5.08,9.0,1.2789769243681803e-13
R1712,Bolt,Bolt,2026-07-03,17:44:00,18:45:00,60.99999999999994,1300-120,1070-112,6.8,15.74,18.56,61.0,5.684341886080802e-14
R1713,Bolt,Bolt,2026-07-03,18:46:00,19:00:00,13.99999999999995,1070-103,1300-413,6.6,5.6,6.0,14.0,4.973799150320701e-14
R1714,Bolt,Bolt,2026-07-03,19:27:00,19:36:00,9.000000000000128,1300-418,2610-017,4.7,4.16,4.45,9.0,1.2789769243681803e-13
R1715,Bolt,Bolt,2026-07-03,19:43:00,19:50:00,6.999999999999975,2790-256,1495-742,4.9,5.48,4.62,7.0,2.4868995751603507e-14
R1716,Bolt,Bolt,2026-07-03,19:55:00,20:01:00,5.999999999999819,2760-186,2770-123,3.1,6.34,4.75,6.0,1.8118839761882555e-13
R1717,Bolt,Bolt,2026-07-03,20:06:00,20:13:00,6.999999999999815,2770-048,2780-181,4.5,6.85,5.14,7.0,1.8474111129762605e-13
R1718,Bolt,Economy,2026-07-03,20:32:00,21:08:00,35.99999999999987,2775-604,1990-233,27.3,19.7,14.77,36.0,1.2789769243681803e-13
R1719,Bolt,Economy,2026-07-03,21:12:00,21:23:00,10.999999999999961,1990-291,2695-691,6.8,5.76,4.32,11.0,3.907985046680551e-14
R1720,Uber,Uber X,2026-07-03,13:03:00,13:13:00,9.999999999999964,2615-173,2625-022,6.45,5.93,4.45,10.0,3.552713678800501e-14
R1721,Uber,Uber X,2026-07-03,13:16:00,13:24:00,7.999999999999972,2625-013,2625-644,4.25,6.93,5.98,8.0,2.842170943040401e-14
R1722,Uber,Uber X,2026-07-03,13:36:00,13:41:00,4.999999999999982,2625-644,2625-685,1.57,6.44,5.48,5.0,1.7763568394002505e-14
R1723,Uber,Uber X,2026-07-03,13:48:00,13:53:00,4.999999999999822,2625-585,2625-173,2.9,7.94,6.0,5.0,1.7763568394002505e-13
R1724,Uber,Uber X,2026-07-03,13:52:00,14:11:00,18.999999999999932,2625-099,1700-008,13.14,17.96,11.7,19.0,6.750155989720952e-14
R1725,Uber,Uber X,2026-07-03,15:13:00,15:19:00,5.999999999999979,1600-100,1500-458,2.38,9.93,6.79,6.0,2.1316282072803006e-14
R1726,Uber,Uber X,2026-07-03,16:26:00,16:41:00,14.999999999999947,1400-206,1549-023,8.96,14.94,11.26,15.0,5.3290705182007514e-14
R1727,Uber,Uber X,2026-07-04,13:48:00,13:58:00,9.999999999999964,2745-148,1495-688,9.6,9.94,7.16,10.0,3.552713678800501e-14
R1728,Uber,Uber X,2026-07-04,15:23:00,15:33:00,10.000000000000124,1300-148,1350-175,4.64,9.94,6.76,10.0,1.2434497875801753e-13
R1729,Uber,Uber X,2026-07-04,16:26:00,16:37:00,10.999999999999961,1600-513,2700-183,5.26,5.94,4.48,11.0,3.907985046680551e-14
R1730,Uber,Uber X Priority,2026-07-04,18:26:00,18:35:00,8.999999999999808,1400-172,2790-101,6.41,6.47,4.12,9.0,1.9184653865522705e-13
R1731,Uber,Uber X,2026-07-04,19:04:00,19:13:00,8.999999999999968,2795-047,1500-392,8.69,6.93,5.18,9.0,3.197442310920451e-14
R1732,Uber,Uber X,2026-07-04,19:17:00,19:27:00,9.999999999999964,1500-392,1600-124,5.12,6.96,4.52,10.0,3.552713678800501e-14
R1733,Uber,Uber X,2026-07-04,19:33:00,19:46:00,12.999999999999954,1600-081,1350-353,7.54,7.96,6.28,13.0,4.618527782440651e-14
R1734,Bolt,Bolt,2026-07-04,12:55:00,13:19:00,24.000000000000075,2625-489,1750-407,18.7,9.51,10.18,24.0,7.460698725481052e-14
R1735,Bolt,Bolt,2026-07-04,13:20:00,13:25:00,4.999999999999982,1750-407,1750-137,1.6,4.36,3.63,5.0,1.7763568394002505e-14
R1736,Bolt,Bolt,2026-07-04,13:33:00,13:50:00,17.0000000000001,1750-314,2700-446,11.0,5.95,6.37,17.0,9.947598300641403e-14
R1737,Bolt,Bolt,2026-07-04,14:19:00,14:28:00,8.999999999999968,1495-021,2790-264,4.7,5.82,5.46,9.0,3.197442310920451e-14
R1738,Bolt,Bolt,2026-07-04,14:35:00,14:44:00,8.999999999999808,2790-045,1300-087,4.7,3.09,3.86,9.0,1.9184653865522705e-13
R1739,Bolt,Bolt,2026-07-04,14:47:00,14:59:00,11.999999999999957,1300-188,1500-588,6.6,4.81,5.15,12.0,4.263256414560601e-14
R1740,Bolt,Economy,2026-07-04,15:04:00,15:22:00,18.000000000000096,1500-558,1300-019,8.9,9.04,6.78,18.0,9.592326932761353e-14
R1741,Bolt,Bolt,2026-07-04,15:46:00,16:06:00,20.00000000000009,1350-181,1600-531,8.9,9.25,7.3,20.0,8.881784197001252e-14
R1742,Bolt,Bolt,2026-07-04,16:47:00,16:58:00,10.999999999999801,2700-710,2745-340,3.9,4.31,4.62,11.0,1.9895196601282805e-13
R1743,Bolt,Economy,2026-07-04,17:01:00,17:17:00,16.000000000000263,2745-800,2735-062,4.1,8.11,6.69,16.0,2.6290081223123707e-13
R1744,Bolt,Economy,2026-07-04,17:22:00,17:35:00,12.999999999999954,2735-521,2720-444,10.9,6.75,5.06,13.0,4.618527782440651e-14
R1745,Bolt,Economy,2026-07-04,17:39:00,17:54:00,14.999999999999947,2700-794,1500-392,7.6,7.61,5.71,15.0,5.3290705182007514e-14
R1746,Bolt,Economy,2026-07-04,17:58:00,18:14:00,16.000000000000263,1500-392,1300-404,8.7,7.59,5.69,16.0,2.6290081223123707e-13
R1747,Bolt,Economy,2026-07-04,19:58:00,20:12:00,14.00000000000011,1300-474,1700-191,7.8,7.31,5.48,14.0,1.1013412404281553e-13
R1748,Bolt,Bolt,2026-07-04,20:28:00,20:52:00,24.000000000000075,1700-337,2625-594,17.3,12.59,11.93,24.0,7.460698725481052e-14
R1749,Bolt,Economy,2026-07-05,13:08:00,13:30:00,22.00000000000008,2625-407,1950-448,16.4,8.74,8.19,22.0,8.171241461241152e-14
R1750,Bolt,Bolt,2026-07-05,13:36:00,13:52:00,16.000000000000103,1950-003,100-141,6.5,5.96,5.17,16.0,1.0302869668521453e-13
R1751,Bolt,Economy,2026-07-05,14:33:00,14:49:00,15.999999999999943,1500-392,1990-291,9.1,7.08,5.31,16.0,5.684341886080802e-14
R1752,Bolt,Bolt,2026-07-05,16:28:00,16:47:00,19.000000000000252,1300-534,1700-008,12.7,9.18,8.61,19.0,2.5224267119483557e-13
R1753,Bolt,Bolt,2026-07-05,16:52:00,17:10:00,17.999999999999936,1700-008,1000-101,6.0,13.08,10.31,18.0,6.394884621840902e-14
R1754,Bolt,Bolt,2026-07-05,17:13:00,17:27:00,14.00000000000011,1000-101,2610-122,7.7,6.86,6.43,14.0,1.1013412404281553e-13
R1755,Bolt,Economy,2026-07-05,17:31:00,17:36:00,5.000000000000142,2790-044,2790-074,1.7,5.39,4.04,5.0,1.4210854715202004e-13
R1756,Bolt,Economy,2026-07-05,18:05:00,18:21:00,16.000000000000103,2795-050,1600-404,11.6,8.42,6.31,16.0,1.0302869668521453e-13
R1757,Bolt,Economy,2026-07-05,19:53:00,20:22:00,29.000000000000057,1300-389,1800-142,17.5,11.38,8.53,29.0,5.684341886080802e-14
R1758,Bolt,Economy,2026-07-05,20:25:00,20:45:00,19.99999999999993,1990-094,2615-314,19.1,16.08,12.06,20.0,7.105427357601002e-14
R1759,Uber,Uber X,2026-07-05,13:54:00,14:06:00,11.999999999999957,1000-229,1500-458,5.18,8.95,6.4,12.0,4.263256414560601e-14
R1760,Uber,Uber X,2026-07-05,14:10:00,14:15:00,4.999999999999982,1600-001,1500-392,2.82,6.1,4.71,5.0,1.7763568394002505e-14
R1761,Uber,Uber X Priority,2026-07-05,14:47:00,14:55:00,7.999999999999972,1800-399,2685-127,4.28,6.99,5.68,8.0,2.842170943040401e-14
R1762,Uber,Uber X,2026-07-05,14:58:00,15:17:00,18.999999999999932,1800-182,2790-175,17.13,9.95,6.9,19.0,6.750155989720952e-14
R1763,Uber,Uber X,2026-07-05,15:54:00,16:03:00,9.000000000000128,2790-045,1400-378,4.9,5.94,4.54,9.0,1.2789769243681803e-13
R1764,Uber,Uber X,2026-07-05,17:41:00,17:50:00,8.999999999999808,2790-229,2795-202,3.82,6.96,5.86,9.0,1.9184653865522705e-13
R1765,Uber,Uber X,2026-07-05,19:04:00,19:12:00,7.999999999999972,1750-006,1600-621,3.54,6.08,4.39,8.0,2.842170943040401e-14
R1766,Uber,Uber X Priority,2026-07-05,19:20:00,19:32:00,12.000000000000277,1600-498,1300-256,8.34,7.98,6.2,12.0,2.7711166694643907e-13
R1767,Uber,Uber X Priority,2026-07-06,19:45:00,19:54:00,8.999999999999968,1600-661,1500-154,5.39,10.98,8.35,9.0,3.197442310920451e-14
R1768,Uber,Uber X,2026-07-06,20:05:00,20:11:00,6.0000000000001386,1500-134,1500-392,2.6,6.95,5.86,6.0,1.3855583347321954e-13
R1769,Uber,Uber X,2026-07-06,20:11:00,20:15:00,3.999999999999986,1500-392,1500-331,2.26,6.93,5.86,4.0,1.4210854715202004e-14
R1770,Bolt,Bolt,2026-07-06,13:19:00,13:40:00,20.999999999999925,2625-187,1750-026,16.2,8.36,8.95,21.0,7.460698725481052e-14
R1771,Bolt,Bolt,2026-07-06,13:44:00,13:57:00,12.999999999999954,1750-423,1990-016,11.6,9.82,7.36,13.0,4.618527782440651e-14
R1772,Bolt,Bolt,2026-07-06,14:03:00,14:26:00,22.99999999999992,1990-094,1750-294,7.9,11.73,9.26,23.0,8.171241461241152e-14
R1773,Bolt,Bolt,2026-07-06,14:31:00,14:42:00,10.999999999999801,1600-782,1070-034,5.6,3.84,4.53,11.0,1.9895196601282805e-13
R1774,Bolt,Economy,2026-07-06,14:46:00,14:58:00,11.999999999999957,1600-898,1500-417,2.8,7.35,5.51,12.0,4.263256414560601e-14
R1775,Bolt,Economy,2026-07-06,15:03:00,15:11:00,7.999999999999972,1500-454,1070-064,2.9,5.78,4.33,8.0,2.842170943040401e-14
R1776,Bolt,Bolt,2026-07-06,15:13:00,15:24:00,11.00000000000012,1070-093,1300-501,5.4,6.64,4.98,11.0,1.2079226507921703e-13
R1777,Bolt,Economy,2026-07-06,15:29:00,15:50:00,21.000000000000085,1300-513,2780-343,12.7,13.14,9.85,21.0,8.526512829121202e-14
R1778,Bolt,Bolt,2026-07-06,16:21:00,16:31:00,9.999999999999964,2780-082,2770-161,4.0,4.18,4.3,10.0,3.552713678800501e-14
R1779,Bolt,Bolt,2026-07-06,16:48:00,16:57:00,8.999999999999808,2770-131,2795-069,8.2,7.78,5.93,9.0,1.9184653865522705e-13
R1780,Bolt,Bolt,2026-07-06,17:02:00,17:07:00,4.999999999999982,2795-118,1495-037,2.3,6.9,5.44,5.0,1.7763568394002505e-14
R1781,Bolt,Economy,2026-07-06,17:09:00,17:17:00,8.000000000000291,1495-001,1400-157,2.7,6.55,5.4,8.0,2.913225216616411e-13
R1782,Bolt,Bolt,2026-07-06,17:19:00,17:31:00,11.999999999999957,1400-157,1300-245,4.7,8.49,6.37,12.0,4.263256414560601e-14
R1783,Bolt,Bolt,2026-07-06,17:37:00,18:11:00,33.99999999999988,1300-094,1700-008,11.8,16.0,12.0,34.0,1.2079226507921703e-13
R1784,Bolt,Bolt,2026-07-06,18:22:00,18:38:00,15.999999999999943,1700-106,1600-662,5.2,9.01,7.95,16.0,5.684341886080802e-14
R1785,Bolt,Bolt,2026-07-06,18:44:00,18:47:00,3.000000000000149,1600-448,1600-548,1.0,6.55,5.4,3.0,1.4921397450962104e-13
R1786,Bolt,Bolt,2026-07-06,19:37:00,19:45:00,7.999999999999972,1600-297,1600-606,2.4,6.16,6.6,8.0,2.842170943040401e-14
R1787,Bolt,Economy,2026-07-06,20:26:00,20:38:00,11.999999999999957,1500-392,1800-399,8.9,8.9,7.34,12.0,4.263256414560601e-14
R1788,Bolt,Economy,2026-07-06,20:42:00,20:59:00,17.0000000000001,1990-095,2625-252,19.1,8.88,6.66,17.0,9.947598300641403e-14
R1789,Bolt,Bolt,2026-07-07,14:26:00,14:39:00,13.000000000000114,2790-049,1300-194,8.7,6.7,6.28,13.0,1.1368683772161603e-13
R1790,Bolt,Bolt,2026-07-07,14:47:00,14:57:00,9.999999999999964,1300-166,1500-392,5.3,3.72,4.26,10.0,3.552713678800501e-14
R1791,Bolt,Bolt,2026-07-07,15:52:00,16:06:00,14.00000000000011,1495-096,1349-019,5.0,6.41,6.04,14.0,1.1013412404281553e-13
R1792,Bolt,Economy,2026-07-07,16:13:00,16:28:00,14.999999999999947,1300-086,1350-152,6.0,8.67,6.75,15.0,5.3290705182007514e-14
R1793,Bolt,Economy,2026-07-07,16:29:00,16:38:00,8.999999999999968,1350-225,1070-169,1.6,4.62,3.81,9.0,3.197442310920451e-14
R1794,Bolt,Economy,2026-07-07,16:41:00,16:46:00,4.999999999999982,1250-047,1200-661,1.1,4.62,3.81,5.0,1.7763568394002505e-14
R1795,Bolt,Economy,2026-07-07,17:03:00,17:35:00,31.999999999999886,1200-661,1400-195,8.1,9.66,7.24,32.0,1.1368683772161603e-13
R1796,Bolt,Bolt,2026-07-07,17:37:00,17:47:00,9.999999999999964,1400-391,2610-135,4.2,8.51,6.38,10.0,3.552713678800501e-14
R1797,Bolt,Economy,2026-07-07,19:13:00,19:33:00,20.00000000000009,1500-392,1700-008,6.0,6.0,4.5,20.0,8.881784197001252e-14
R1798,Bolt,Economy,2026-07-07,19:37:00,19:47:00,10.000000000000124,1700-141,2685-876,4.6,5.99,4.49,10.0,1.2434497875801753e-13
R1799,Bolt,Bolt,2026-07-07,19:52:00,19:56:00,3.999999999999986,1885-026,19900-254,1.8,4.12,3.86,4.0,1.4210854715202004e-14
R1800,Bolt,Economy,2026-07-07,20:02:00,20:10:00,7.999999999999972,1990-094,1885-073,1.8,4.51,3.72,8.0,2.842170943040401e-14
R1801,Bolt,Economy,2026-07-07,20:14:00,20:20:00,5.999999999999979,1990-094,1990-070,1.4,5.01,3.76,6.0,2.1316282072803006e-14
R1802,Bolt,Bolt,2026-07-07,20:25:00,20:34:00,8.999999999999808,1800-254,1600-034,5.0,4.56,3.88,9.0,1.9184653865522705e-13
R1803,Bolt,Bolt,2026-07-07,21:16:00,21:44:00,28.00000000000006,1990-094,2625-088,13.4,6.88,8.19,28.0,6.039613253960852e-14
R1804,Bolt,Bolt,2026-07-07,21:46:00,21:55:00,9.000000000000128,2625-219,2625-477,2.9,3.87,3.3,9.0,1.2789769243681803e-13
R1805,Uber,Uber X,2026-07-07,13:18:00,13:50:00,32.00000000000004,2625-421,2745-774,36.45,18.93,14.48,32.0,4.263256414560601e-14
R1806,Uber,Share,2026-07-07,13:54:00,13:59:00,4.999999999999822,2745-774,2730-053,3.42,4.9,4.41,5.0,1.7763568394002505e-13
R1807,Uber,Uber X Priority,2026-07-07,14:04:00,14:12:00,7.999999999999972,2730-195,2720-093,6.45,9.98,7.09,8.0,2.842170943040401e-14
R1808,Uber,Uber X,2026-07-07,15:01:00,15:13:00,11.999999999999957,1500-911,1495-165,10.22,6.96,4.52,12.0,4.263256414560601e-14
R1809,Uber,Uber X,2026-07-07,17:49:00,18:04:00,14.999999999999947,2610-171,1500-561,8.56,8.96,6.96,15.0,5.3290705182007514e-14
R1810,Uber,Uber X,2026-07-07,18:07:00,18:19:00,11.999999999999957,1070-060,1500-392,4.25,9.94,6.7,12.0,4.263256414560601e-14
R1811,Uber,Uber X Priority,2026-07-08,12:59:00,13:11:00,12.000000000000117,2615-173,2625-218,6.56,5.0,4.85,12.0,1.1723955140041653e-13
R1812,Uber,Uber X,2026-07-08,15:35:00,15:48:00,12.999999999999954,2610-116,1700-093,8.7,7.93,5.2,13.0,4.618527782440651e-14
R1813,Uber,Uber X,2026-07-08,18:39:00,18:52:00,13.000000000000114,1495-043,1500-392,8.87,10.59,6.9,13.0,1.1368683772161603e-13
R1814,Uber,Uber X,2026-07-08,20:14:00,20:39:00,24.99999999999991,1400-206,1700-008,13.09,9.94,7.05,25.0,8.881784197001252e-14
R1815,Bolt,Economy,2026-07-08,13:20:00,13:45:00,24.99999999999991,2625-245,2675-560,21.2,15.37,11.53,25.0,8.881784197001252e-14
R1816,Bolt,Bolt,2026-07-08,13:49:00,14:10:00,21.000000000000085,2675-634,1350-021,15.1,7.54,8.7,21.0,8.526512829121202e-14
R1817,Bolt,Economy,2026-07-08,14:15:00,14:25:00,9.999999999999964,1300-125,1300-267,4.3,5.68,4.73,10.0,3.552713678800501e-14
R1818,Bolt,Bolt,2026-07-08,14:30:00,14:37:00,7.000000000000135,1300-534,1300-488,1.6,4.58,4.29,7.0,1.3500311979441904e-13
R1819,Bolt,Bolt,2026-07-08,14:41:00,14:51:00,9.999999999999964,1300-514,1070-085,5.8,6.41,6.86,10.0,3.552713678800501e-14
R1820,Bolt,Bolt,2026-07-08,14:57:00,15:04:00,6.999999999999975,1250-068,1250-096,1.4,3.96,4.08,7.0,2.4868995751603507e-14
R1821,Bolt,Bolt,2026-07-08,15:10:00,15:27:00,16.99999999999994,1200-647,2790-138,8.7,9.43,7.07,17.0,6.039613253960852e-14
R1822,Bolt,Bolt,2026-07-08,16:17:00,16:39:00,21.999999999999922,1600-206,2745-169,12.2,11.85,8.89,22.0,7.815970093361102e-14
R1823,Bolt,Bolt,2026-07-08,16:39:00,16:53:00,13.99999999999995,2745-068,2770-071,9.8,7.52,6.6,14.0,4.973799150320701e-14
R1824,Bolt,Economy,2026-07-08,16:57:00,17:19:00,22.00000000000008,2770-194,1500-392,16.3,12.73,9.65,22.0,8.171241461241152e-14
R1825,Bolt,Bolt,2026-07-08,17:36:00,17:42:00,5.999999999999819,1500-544,2720-330,2.0,4.93,4.62,6.0,1.8118839761882555e-13
R1826,Bolt,Bolt,2026-07-08,17:45:00,17:58:00,12.999999999999794,2720-252,2795-124,7.6,10.2,7.65,13.0,2.0605739337042905e-13
R1827,Bolt,Economy,2026-07-08,19:19:00,19:40:00,21.000000000000085,1500-392,1300-114,8.8,9.65,7.24,21.0,8.526512829121202e-14
R1828,Bolt,Bolt,2026-07-08,19:42:00,19:46:00,3.999999999999986,1300-243,1300-446,1.7,4.4,3.63,4.0,1.4210854715202004e-14
R1829,Bolt,Bolt,2026-07-10,12:44:00,13:15:00,31.00000000000005,2615-164,1070-128,25.0,12.73,11.93,31.0,4.973799150320701e-14
R1830,Bolt,Economy,2026-07-10,14:00:00,14:11:00,10.999999999999961,2785-578,2795-208,10.9,8.81,6.78,11.0,3.907985046680551e-14
R1831,Bolt,Economy,2026-07-10,14:15:00,14:26:00,10.999999999999961,2790-228,1500-332,6.5,6.17,4.63,11.0,3.907985046680551e-14
R1832,Bolt,Bolt,2026-07-10,14:28:00,14:36:00,7.999999999999972,1500-040,1500-714,2.5,4.4,3.3,8.0,2.842170943040401e-14
R1833,Bolt,Economy,2026-07-10,15:33:00,15:42:00,8.999999999999968,1600-083,1070-212,4.0,7.19,5.39,9.0,3.197442310920451e-14
R1834,Bolt,Economy,2026-07-10,16:21:00,16:39:00,17.999999999999936,1050-056,1500-392,6.2,7.43,5.57,18.0,6.394884621840902e-14
R1835,Bolt,Bolt,2026-07-10,16:40:00,16:57:00,16.99999999999978,1500-392,1400-157,7.5,7.99,5.99,17.0,2.2026824808563106e-13
R1836,Bolt,Bolt,2026-07-10,17:00:00,17:16:00,15.999999999999943,1400-091,1300-321,3.0,4.22,3.96,16.0,5.684341886080802e-14
R1837,Bolt,Bolt,2026-07-10,17:22:00,17:35:00,12.999999999999954,1400-209,1300-472,3.2,6.93,5.2,13.0,4.618527782440651e-14
R1838,Bolt,Bolt,2026-07-10,18:34:00,18:57:00,22.99999999999992,1349-028,2795-070,7.1,6.61,7.08,23.0,8.171241461241152e-14
R1839,Bolt,Economy,2026-07-10,19:14:00,19:33:00,18.999999999999932,1495-132,2745-327,10.6,9.64,7.23,19.0,6.750155989720952e-14
R1840,Uber,Uber X,2026-07-10,13:17:00,13:38:00,20.999999999999925,1070-073,2775-520,20.76,16.94,10.56,21.0,7.460698725481052e-14
R1841,Uber,Uber X,2026-07-10,14:42:00,14:52:00,10.000000000000124,1500-359,1500-423,3.43,5.94,4.39,10.0,1.2434497875801753e-13
R1842,Uber,Uber X,2026-07-10,15:42:00,15:50:00,7.999999999999972,1070-157,1300-299,5.09,7.93,5.64,8.0,2.842170943040401e-14
R1843,Uber,Uber X Priority,2026-07-10,15:57:00,16:09:00,11.999999999999957,1350-353,1069-413,5.69,11.99,7.8,12.0,4.263256414560601e-14
R1844,Uber,Uber X,2026-07-10,19:32:00,20:05:00,32.99999999999972,2745-234,1150-023,16.87,11.93,9.97,33.0,2.7711166694643907e-13
R1845,Uber,Uber X,2026-07-10,20:17:00,20:24:00,6.999999999999815,1000-016,1700-008,3.75,5.95,4.29,7.0,1.8474111129762605e-13
R1846,Uber,Uber X,2026-07-10,20:41:00,20:55:00,13.99999999999995,1800-399,2690-357,10.17,9.94,6.9,14.0,4.973799150320701e-14
R1847,Uber,Uber X,2026-07-10,20:53:00,20:58:00,4.999999999999822,2690-190,2625-116,2.55,3.95,3.0,5.0,1.7763568394002505e-13
R1848,Uber,Uber X,2026-07-11,13:48:00,14:01:00,12.999999999999954,1800-399,1600-276,7.61,7.37,6.84,13.0,4.618527782440651e-14
R1849,Uber,Uber X Priority,2026-07-11,16:04:00,16:17:00,13.000000000000114,1600-042,1700-008,5.35,8.99,6.24,13.0,1.1368683772161603e-13
R1850,Uber,Share,2026-07-11,16:59:00,17:16:00,16.99999999999994,1250-175,2745-123,13.09,8.91,7.8,17.0,6.039613253960852e-14
R1851,Uber,Uber X,2026-07-11,17:42:00,17:59:00,17.0000000000001,2745-225,1500-194,11.7,10.95,8.33,17.0,9.947598300641403e-14
R1852,Uber,Uber X,2026-07-11,18:05:00,18:17:00,12.000000000000117,1500-423,2790-045,7.02,10.95,7.12,12.0,1.1723955140041653e-13
R1853,Uber,Uber X Priority,2026-07-11,19:44:00,19:53:00,8.999999999999808,2790-045,1500-050,5.73,5.98,4.81,9.0,1.9184653865522705e-13
R1854,Uber,Uber X,2026-07-11,19:52:00,20:06:00,13.99999999999995,1500-050,1700-306,8.33,6.95,4.66,14.0,4.973799150320701e-14
R1855,Bolt,Bolt,2026-07-11,13:25:00,13:42:00,16.99999999999994,2615-094,1990-118,18.5,7.49,9.37,17.0,6.039613253960852e-14
R1856,Bolt,Economy,2026-07-11,14:18:00,14:25:00,6.999999999999975,1700-093,1600-042,3.2,4.62,3.81,7.0,2.4868995751603507e-14
R1857,Bolt,Economy,2026-07-11,14:34:00,14:46:00,12.000000000000117,1649-021,1700-008,6.5,5.7,4.27,12.0,1.1723955140041653e-13
R1858,Bolt,Bolt,2026-07-11,14:51:00,15:02:00,10.999999999999961,1700-317,1070-020,4.8,4.53,4.36,11.0,3.907985046680551e-14
R1859,Bolt,Economy,2026-07-11,15:06:00,15:18:00,12.000000000000117,1070-034,1700-305,7.5,6.17,4.63,12.0,1.1723955140041653e-13
R1860,Bolt,Bolt,2026-07-11,15:50:00,16:07:00,17.0000000000001,2685-370,1649-021,9.8,5.2,6.5,17.0,9.947598300641403e-14
R1861,Bolt,Economy,2026-07-11,16:33:00,16:50:00,16.99999999999994,1700-331,1500-175,7.1,6.36,5.25,17.0,6.039613253960852e-14
R1862,Bolt,Bolt,2026-07-11,16:53:00,17:08:00,15.000000000000107,1500-544,1250-252,6.0,9.6,8.27,15.0,1.0658141036401503e-13
R1863,Bolt,Economy,2026-07-11,20:22:00,20:33:00,11.00000000000012,1700-011,1990-094,6.2,6.41,4.81,11.0,1.2079226507921703e-13
R1864,Bolt,Bolt,2026-07-11,20:37:00,20:51:00,13.99999999999995,1990-094,2695-640,8.2,6.9,5.69,14.0,4.973799150320701e-14
R1865,Bolt,Economy,2026-07-12,13:22:00,13:44:00,21.999999999999922,2615-216,1950-080,20.1,13.91,10.43,22.0,7.815970093361102e-14
R1866,Bolt,Economy,2026-07-12,13:57:00,14:08:00,11.00000000000012,1700-180,2610-102,8.2,6.6,4.95,11.0,1.2079226507921703e-13
R1867,Bolt,Bolt,2026-07-12,16:03:00,16:13:00,9.999999999999805,2780-017,2775-590,4.3,3.93,4.05,10.0,1.9539925233402755e-13
R1868,Bolt,Bolt,2026-07-12,16:37:00,16:48:00,11.00000000000012,2775-502,2770-071,5.2,5.19,4.28,11.0,1.2079226507921703e-13
R1869,Bolt,Bolt,2026-07-12,17:03:00,17:21:00,18.000000000000096,2770-082,1400-127,9.1,5.75,6.16,18.0,9.592326932761353e-14
R1870,Bolt,Bolt,2026-07-12,18:24:00,18:36:00,12.000000000000117,1250-149,1300-553,4.5,5.97,4.48,12.0,1.1723955140041653e-13
R1871,Bolt,Economy,2026-07-12,19:25:00,19:45:00,19.99999999999993,1500-392,1885-026,9.9,8.14,6.1,20.0,7.105427357601002e-14
R1872,Bolt,Economy,2026-07-12,20:09:00,20:25:00,16.000000000000263,1990-233,2690-291,10.9,7.5,5.62,16.0,2.6290081223123707e-13
R1873,Bolt,Economy,2026-07-12,20:30:00,20:45:00,15.000000000000107,2695-709,2625-583,9.9,7.38,6.08,15.0,1.0658141036401503e-13
R1874,Uber,Uber X,2026-07-12,14:07:00,14:17:00,9.999999999999964,2790-215,1300-270,6.43,4.95,4.08,10.0,3.552713678800501e-14
R1875,Uber,Uber X,2026-07-12,14:20:00,14:29:00,8.999999999999968,1300-086,1300-501,3.4,4.95,3.38,9.0,3.197442310920451e-14
R1876,Uber,Uber X Priority,2026-07-12,14:36:00,14:54:00,18.000000000000096,1300-501,1700-008,11.69,12.97,8.43,18.0,9.592326932761353e-14
R1877,Uber,Uber X,2026-07-12,15:09:00,15:33:00,24.000000000000075,1700-008,2780-174,22.89,19.17,11.39,24.0,7.460698725481052e-14
R1878,Uber,Uber X,2026-07-12,17:22:00,17:40:00,18.000000000000096,2795-159,1700-008,13.31,10.93,7.98,18.0,9.592326932761353e-14
R1879,Uber,Uber X,2026-07-12,17:48:00,18:09:00,20.999999999999925,1700-008,1150-006,7.59,9.0,6.34,21.0,7.460698725481052e-14
R1880,Uber,Uber X,2026-07-12,18:37:00,18:51:00,14.00000000000011,1300-256,1500-613,9.96,6.94,4.51,14.0,1.1013412404281553e-13
R1881,Uber,Uber X,2026-07-13,16:22:00,16:38:00,15.999999999999943,1500-392,1300-181,9.36,7.95,5.61,16.0,5.684341886080802e-14
R1882,Uber,Uber X,2026-07-13,17:01:00,17:20:00,19.000000000000092,1300-078,1500-392,8.75,9.96,6.82,19.0,9.237055564881302e-14
R1883,Uber,Uber X,2026-07-13,17:33:00,17:48:00,14.999999999999947,1500-392,1600-616,3.89,7.95,6.84,15.0,5.3290705182007514e-14
R1884,Uber,Uber X,2026-07-13,18:48:00,19:01:00,12.999999999999954,1500-420,1495-107,8.53,7.96,6.51,13.0,4.618527782440651e-14
R1885,Uber,Uber X,2026-07-13,19:13:00,19:32:00,19.000000000000252,1495-701,1050-133,12.03,7.96,5.9,19.0,2.5224267119483557e-13
R1886,Uber,Uber X,2026-07-13,19:49:00,20:16:00,27.000000000000064,1050-110,2685-002,11.63,8.96,5.82,27.0,6.394884621840902e-14
R1887,Uber,Uber X,2026-07-13,20:19:00,20:30:00,10.999999999999961,2685-162,1990-094,5.81,5.45,5.3,11.0,3.907985046680551e-14
R1888,Bolt,Bolt,2026-07-13,13:31:00,13:41:00,9.999999999999964,2615-205,2625-162,5.9,3.74,4.52,10.0,3.552713678800501e-14
R1889,Bolt,Economy,2026-07-13,13:47:00,14:12:00,25.00000000000007,2625-587,1990-196,19.3,11.89,8.92,25.0,7.105427357601002e-14
R1890,Bolt,Economy,2026-07-13,14:14:00,14:31:00,17.0000000000001,1990-001,1050-099,7.7,8.31,6.23,17.0,9.947598300641403e-14
R1891,Bolt,Economy,2026-07-13,14:42:00,15:02:00,20.00000000000009,1050-016,1700-305,6.7,7.68,5.88,20.0,8.881784197001252e-14
R1892,Bolt,Bolt,2026-07-13,15:07:00,15:22:00,15.000000000000107,1700-008,1500-392,6.9,6.69,5.57,15.0,1.0658141036401503e-13
R1893,Bolt,Economy,2026-07-13,15:24:00,15:37:00,12.999999999999954,1500-392,2730-141,9.7,6.63,4.97,13.0,4.618527782440651e-14
R1894,Bolt,Economy,2026-07-13,15:42:00,15:55:00,12.999999999999954,2745-763,1500-392,11.1,8.61,6.46,13.0,4.618527782440651e-14
R1895,Bolt,Bolt,2026-07-13,18:05:00,18:22:00,17.0000000000001,1750-148,1500-135,5.6,5.53,5.18,17.0,9.947598300641403e-14
R1896,Bolt,Bolt,2026-07-13,20:47:00,21:02:00,15.000000000000107,1800-224,2615-275,17.6,7.97,8.3,15.0,1.0658141036401503e-13
R1897,Bolt,Economy,2026-07-14,14:34:00,14:51:00,17.0000000000001,2610-088,1500-287,6.3,5.62,4.21,17.0,9.947598300641403e-14
R1898,Bolt,Economy,2026-07-14,15:05:00,15:25:00,19.99999999999993,1700-162,1350-215,8.2,6.99,5.24,20.0,7.105427357601002e-14
R1899,Bolt,Economy,2026-07-14,15:33:00,15:47:00,13.99999999999995,1350-206,1500-081,5.8,5.88,4.41,14.0,4.973799150320701e-14
R1900,Bolt,Economy,2026-07-14,15:52:00,16:10:00,18.000000000000096,1500-554,1300-225,9.8,7.07,5.3,18.0,9.592326932761353e-14
R1901,Bolt,Economy,2026-07-14,16:44:00,17:02:00,17.999999999999936,1300-551,1495-059,8.8,10.54,7.9,18.0,6.394884621840902e-14
R1902,Bolt,Economy,2026-07-14,17:05:00,17:13:00,7.999999999999972,1400-208,2790-045,5.2,6.91,5.18,8.0,2.842170943040401e-14
R1903,Bolt,Economy,2026-07-14,17:13:00,17:23:00,10.000000000000124,2790-045,1300-536,5.0,5.34,4.0,10.0,1.2434497875801753e-13
R1904,Bolt,Bolt,2026-07-14,17:31:00,17:36:00,5.000000000000142,1300-481,1300-195,1.0,4.68,4.39,5.0,1.4210854715202004e-13
R1905,Bolt,Economy,2026-07-14,17:38:00,17:57:00,19.000000000000092,1300-118,2700-310,7.4,7.99,5.99,19.0,9.237055564881302e-14
R1906,Bolt,Economy,2026-07-14,18:09:00,18:23:00,13.99999999999995,2700-665,1400-157,8.1,7.57,5.68,14.0,4.973799150320701e-14
R1907,Bolt,Bolt,2026-07-14,18:31:00,18:44:00,13.000000000000114,1400-225,1500-588,7.0,6.59,5.62,13.0,1.1368683772161603e-13
R1908,Bolt,Economy,2026-07-14,20:54:00,21:15:00,21.000000000000085,1800-399,2625-410,14.1,9.05,6.79,21.0,8.526512829121202e-14
R1909,Uber,Uber X,2026-07-14,13:28:00,13:35:00,6.999999999999975,2690-377,2695-066,5.2,3.95,3.67,7.0,2.4868995751603507e-14
R1910,Uber,Uber X,2026-07-14,13:38:00,14:01:00,23.000000000000078,1990-514,1350-297,21.39,11.93,8.94,23.0,7.815970093361102e-14
R1911,Uber,Uber X,2026-07-14,14:00:00,14:10:00,9.999999999999964,1070-082,2790-021,8.79,5.89,4.13,10.0,3.552713678800501e-14
R1912,Uber,Uber X Priority,2026-07-14,14:47:00,14:55:00,7.999999999999972,1500-359,1600-768,3.95,4.99,3.67,8.0,2.842170943040401e-14
R1913,Uber,Uber X,2026-07-14,19:18:00,19:36:00,18.000000000000096,1500-392,2700-703,8.91,11.93,8.77,18.0,9.592326932761353e-14
R1914,Uber,Uber X Priority,2026-07-14,19:42:00,19:55:00,13.000000000000114,2700-337,1600-759,8.73,7.98,5.65,13.0,1.1368683772161603e-13
R1915,Uber,Uber X,2026-07-14,19:57:00,20:11:00,14.00000000000011,1600-759,1990-083,7.69,7.94,5.54,14.0,1.1013412404281553e-13
R1916,Uber,Uber X Priority,2026-07-16,13:35:00,13:38:00,2.9999999999999893,2690-340,2690-584,1.49,4.97,3.85,3.0,1.0658141036401503e-14
R1917,Uber,Uber X Priority,2026-07-16,13:58:00,14:09:00,10.999999999999961,2695-056,2685-404,5.07,5.98,3.89,11.0,3.907985046680551e-14
R1918,Uber,Uber X Priority,2026-07-16,14:23:00,14:33:00,10.000000000000124,2685-349,2685-233,4.06,5.79,3.67,10.0,1.2434497875801753e-13
R1919,Uber,Uber X,2026-07-16,14:46:00,15:07:00,20.999999999999925,1990-527,1649-003,10.58,7.95,5.89,21.0,7.460698725481052e-14
R1920,Uber,Uber X Priority,2026-07-16,15:13:00,15:25:00,11.999999999999957,1649-035,1500-392,3.27,4.98,3.67,12.0,4.263256414560601e-14
R1921,Uber,Uber X Priority,2026-07-16,15:46:00,15:57:00,10.999999999999961,2700-324,2790-232,9.21,6.98,5.03,11.0,3.907985046680551e-14
R1922,Uber,Uber X,2026-07-16,16:49:00,17:04:00,15.000000000000107,1600-157,1350-335,7.62,7.93,5.95,15.0,1.0658141036401503e-13
R1923,Uber,Uber X,2026-07-16,17:34:00,17:52:00,18.000000000000096,1400-203,1350-075,6.86,11.95,9.17,18.0,9.592326932761353e-14
R1924,Uber,Uber X,2026-07-16,20:29:00,20:43:00,13.99999999999979,1990-083,2625-116,12.52,7.95,5.44,14.0,2.0961010704922955e-13
R1925,Bolt,Bolt,2026-07-16,13:52:00,14:02:00,9.999999999999964,2690-315,2695-052,6.0,4.9,4.22,10.0,3.552713678800501e-14
R1926,Bolt,Bolt,2026-07-16,15:34:00,15:49:00,14.999999999999947,1500-995,2745-086,8.4,7.34,5.5,15.0,5.3290705182007514e-14
R1927,Bolt,Economy,2026-07-16,16:24:00,16:39:00,15.000000000000107,2790-159,1500-392,8.7,6.36,4.77,15.0,1.0658141036401503e-13
R1928,Bolt,Bolt,2026-07-16,17:23:00,17:30:00,6.999999999999975,1300-501,1400-206,3.4,6.33,5.56,7.0,2.4868995751603507e-14
R1929,Bolt,Economy,2026-07-16,18:09:00,18:25:00,16.000000000000103,1250-017,1300-086,5.4,6.54,5.39,16.0,1.0302869668521453e-13
R1930,Bolt,Bolt,2026-07-16,18:30:00,18:47:00,17.0000000000001,1400-903,1675-108,8.1,7.51,5.99,17.0,9.947598300641403e-14
R1931,Bolt,Bolt,2026-07-16,19:51:00,20:08:00,16.99999999999994,2650-324,1700-008,15.7,7.93,7.43,17.0,6.039613253960852e-14
R1932,Bolt,Bolt,2026-07-16,20:13:00,20:30:00,17.0000000000001,1700-008,1800-142,3.3,6.96,5.6,17.0,9.947598300641403e-14
R1933,Bolt,Bolt,2026-07-17,16:40:00,16:55:00,14.999999999999947,1300-443,2720-165,7.3,6.94,6.51,15.0,5.3290705182007514e-14
R1934,Bolt,Bolt,2026-07-17,18:32:00,18:45:00,12.999999999999954,2795-006,1400-124,6.6,5.13,4.09,13.0,4.618527782440651e-14
R1935,Uber,Uber X,2026-07-17,13:21:00,13:38:00,16.99999999999994,2625-176,1990-079,12.29,7.99,5.32,17.0,6.039613253960852e-14
R1936,Uber,Uber X,2026-07-17,13:43:00,13:46:00,3.000000000000149,1990-079,1998-018,1.42,4.95,3.38,3.0,1.4921397450962104e-13
R1937,Uber,Uber X Priority,2026-07-17,13:51:00,14:01:00,10.000000000000124,1990-007,1700-197,4.53,5.98,4.12,10.0,1.2434497875801753e-13
R1938,Uber,Uber X,2026-07-17,14:07:00,14:17:00,9.999999999999964,1700-213,1050-167,2.16,3.39,3.3,10.0,3.552713678800501e-14
R1939,Uber,Uber X,2026-07-17,14:19:00,14:26:00,6.999999999999975,1050-020,1050-191,1.4,6.96,5.78,7.0,2.4868995751603507e-14
R1940,Uber,Uber X,2026-07-17,14:31:00,14:43:00,11.999999999999957,1050-195,1700-008,5.44,7.94,5.16,12.0,4.263256414560601e-14
R1941,Uber,Uber X,2026-07-17,14:51:00,15:16:00,25.00000000000007,1700-008,2720-824,14.86,14.01,8.42,25.0,7.105427357601002e-14
R1942,Uber,Uber X,2026-07-17,15:41:00,15:53:00,11.999999999999957,2720-093,1600-297,8.11,6.94,5.22,12.0,4.263256414560601e-14
R1943,Uber,Uber X,2026-07-17,16:06:00,16:27:00,20.999999999999925,1750-163,1300-294,13.68,8.19,7.95,21.0,7.460698725481052e-14
R1944,Uber,Uber X,2026-07-17,16:58:00,17:06:00,8.000000000000131,2700-342,1495-001,8.02,5.95,5.02,8.0,1.3145040611561853e-13
R1945,Uber,Uber X,2026-07-17,17:22:00,17:34:00,11.999999999999957,1400-038,1300-049,5.42,8.94,6.24,12.0,4.263256414560601e-14
R1946,Uber,Uber X,2026-07-17,17:50:00,17:59:00,9.000000000000128,1350-049,1070-034,5.4,10.95,8.29,9.0,1.2789769243681803e-13
R1947,Uber,Uber X,2026-07-17,18:01:00,18:15:00,13.99999999999995,1070-372,1495-151,9.04,6.93,4.5,14.0,4.973799150320701e-14
R1948,Uber,Uber X,2026-07-17,20:04:00,20:16:00,11.999999999999957,1400-204,1067-001,8.3,7.95,5.66,12.0,4.263256414560601e-14
R1949,Uber,Uber X,2026-07-17,20:24:00,20:40:00,16.000000000000103,1700-345,2690-347,14.45,9.95,7.24,16.0,1.0302869668521453e-13
R1950,Uber,Uber X,2026-07-18,13:13:00,13:33:00,19.99999999999993,2625-140,1500-392,18.83,11.95,8.81,20.0,7.105427357601002e-14
R1951,Uber,Uber X,2026-07-18,13:44:00,13:58:00,14.00000000000011,1500-038,1990-079,9.13,9.94,6.46,14.0,1.1013412404281553e-13
R1952,Uber,Uber X,2026-07-18,14:03:00,14:29:00,25.999999999999908,1990-094,2780-046,24.47,16.95,10.76,26.0,9.237055564881302e-14
R1953,Uber,Uber X,2026-07-18,15:57:00,16:07:00,10.000000000000124,1300-590,1495-043,4.44,4.93,3.7,10.0,1.2434497875801753e-13
R1954,Uber,Uber X,2026-07-18,16:34:00,16:51:00,17.0000000000001,2790-489,2775-102,15.19,9.95,6.9,17.0,9.947598300641403e-14
R1955,Uber,Uber X,2026-07-18,17:00:00,17:11:00,10.999999999999961,2785-417,2770-219,7.52,6.09,4.03,11.0,3.907985046680551e-14
R1956,Uber,Uber X Priority,2026-07-18,18:58:00,19:06:00,8.000000000000131,1500-377,2614-520,4.96,4.24,4.12,8.0,1.3145040611561853e-13
R1957,Uber,Uber X,2026-07-18,19:34:00,19:44:00,10.000000000000124,2610-171,1500-459,5.37,4.93,3.34,10.0,1.2434497875801753e-13
R1958,Uber,Uber X Priority,2026-07-18,19:46:00,19:55:00,9.000000000000128,1600-223,1700-008,6.16,8.97,6.44,9.0,1.2789769243681803e-13
R1959,Uber,Uber X,2026-07-18,20:27:00,20:48:00,21.000000000000085,1990-079,2660-001,17.44,11.96,7.77,21.0,8.526512829121202e-14
R1960,Bolt,Economy,2026-07-18,14:49:00,15:10:00,20.999999999999925,2770-018,1200-464,16.0,11.93,9.05,21.0,7.460698725481052e-14
R1961,Bolt,Economy,2026-07-18,15:20:00,15:36:00,15.999999999999943,1200-358,1300-019,8.5,8.97,6.73,16.0,5.684341886080802e-14
R1962,Bolt,Economy,2026-07-18,17:23:00,17:50:00,26.999999999999904,2740-176,1700-008,19.0,12.98,9.73,27.0,9.592326932761353e-14
R1963,Bolt,Economy,2026-07-18,18:41:00,18:56:00,14.999999999999947,1800-241,1500-345,12.2,7.98,5.98,15.0,5.3290705182007514e-14
R1964,Bolt,Economy,2026-07-19,15:27:00,15:41:00,14.00000000000011,1400-069,1067-001,8.7,6.84,5.13,14.0,1.1013412404281553e-13
R1965,Bolt,Bolt,2026-07-19,15:46:00,16:13:00,26.999999999999904,1050-062,1800-094,6.1,7.63,6.58,27.0,9.592326932761353e-14
R1966,Bolt,Bolt,2026-07-19,17:07:00,17:19:00,11.999999999999957,1300-012,1600-226,7.7,8.53,6.65,12.0,4.263256414560601e-14
R1967,Bolt,Economy,2026-07-19,19:09:00,19:26:00,17.0000000000001,2760-061,1600-001,14.0,12.93,9.7,17.0,9.947598300641403e-14
R1968,Bolt,Bolt,2026-07-19,19:30:00,19:41:00,10.999999999999961,1600-134,1700-262,3.4,6.31,4.73,11.0,3.907985046680551e-14
R1969,Bolt,Economy,2026-07-19,20:17:00,20:30:00,12.999999999999794,1600-060,1990-197,7.1,6.97,5.75,13.0,2.0605739337042905e-13
R1970,Uber,Uber X,2026-07-19,12:58:00,13:22:00,24.000000000000075,2615-205,2735-080,33.77,22.94,13.66,24.0,7.460698725481052e-14
R1971,Uber,Uber X,2026-07-19,13:20:00,13:42:00,21.999999999999922,2735-429,1700-199,21.56,15.95,10.37,22.0,7.815970093361102e-14
R1972,Uber,Uber X Priority,2026-07-19,13:53:00,13:59:00,5.999999999999979,1950-039,1800-079,3.09,5.97,4.77,6.0,2.1316282072803006e-14
R1973,Uber,Uber X,2026-07-19,13:59:00,14:09:00,10.000000000000124,1700-154,1500-392,6.1,5.93,4.41,10.0,1.2434497875801753e-13
R1974,Uber,Uber X,2026-07-19,14:19:00,14:32:00,12.999999999999954,1500-459,1300-501,7.67,6.94,4.96,13.0,4.618527782440651e-14
R1975,Uber,Uber X Priority,2026-07-19,14:39:00,14:50:00,10.999999999999961,1300-501,1099-031,6.1,7.99,5.19,11.0,3.907985046680551e-14
R1976,Uber,Uber X,2026-07-19,14:50:00,15:03:00,12.999999999999954,1070-035,1300-086,7.72,7.46,4.52,13.0,4.618527782440651e-14
R1977,Uber,Uber X,2026-07-19,16:33:00,16:53:00,19.99999999999993,2685-378,1300-105,17.1,11.94,7.76,20.0,7.105427357601002e-14
R1978,Uber,Uber X,2026-07-19,17:19:00,17:33:00,14.00000000000011,1500-423,1495-742,11.72,8.94,5.81,14.0,1.1013412404281553e-13
R1979,Uber,Uber X,2026-07-19,17:34:00,17:50:00,15.999999999999943,2760-126,1500-244,13.45,14.93,11.06,16.0,5.684341886080802e-14
R1980,Uber,Uber X,2026-07-19,18:10:00,18:27:00,16.99999999999978,1500-621,1990-079,12.99,7.95,5.85,17.0,2.2026824808563106e-13
R1981,Uber,Uber X,2026-07-19,18:27:00,18:49:00,22.00000000000008,1990-0779,2790-370,19.22,11.2,7.46,22.0,8.171241461241152e-14
R1982,Uber,Uber X,2026-07-19,20:40:00,20:58:00,17.999999999999776,1990-079,2615-034,19.32,12.96,8.41,18.0,2.2382096176443156e-13
R1983,Uber,Uber X,2026-07-20,14:03:00,14:15:00,11.999999999999957,1600-428,2790-045,9.38,5.93,3.85,12.0,4.263256414560601e-14
R1984,Uber,Uber X Priority,2026-07-20,14:19:00,14:36:00,16.99999999999994,2790-045,1350-352,10.74,7.98,5.19,17.0,6.039613253960852e-14
R1985,Uber,Uber X,2026-07-20,14:34:00,14:51:00,17.0000000000001,1350-175,1700-008,12.75,12.94,8.41,17.0,9.947598300641403e-14
R1986,Uber,Uber X,2026-07-20,15:04:00,15:14:00,9.999999999999964,1700-008,1500-615,7.8,7.95,6.05,10.0,3.552713678800501e-14
R1987,Uber,Share,2026-07-20,15:15:00,15:25:00,9.999999999999964,1500-085,1495-043,7.91,4.34,4.22,10.0,3.552713678800501e-14
R1988,Uber,Uber X Priority,2026-07-20,16:00:00,16:14:00,14.00000000000011,1495-049,1300-598,5.96,5.98,4.24,14.0,1.1013412404281553e-13
R1989,Uber,Share,2026-07-20,16:18:00,16:30:00,11.999999999999957,1400-038,1500-561,10.85,7.91,6.09,12.0,4.263256414560601e-14
R1990,Uber,Uber X,2026-07-20,16:37:00,16:58:00,20.999999999999925,1600-312,1300-085,9.23,9.94,7.51,21.0,7.460698725481052e-14
R1991,Uber,Uber X,2026-07-20,18:11:00,18:32:00,21.000000000000085,2685-356,1500-423,9.82,7.96,7.04,21.0,8.526512829121202e-14
R1992,Uber,Uber X,2026-07-20,18:42:00,18:51:00,9.000000000000128,1600-137,1070-008,3.86,5.98,4.03,9.0,1.2789769243681803e-13
R1993,Uber,Uber X,2026-07-20,19:01:00,19:10:00,9.000000000000128,1070-009,2794-075,6.23,4.95,3.49,9.0,1.2789769243681803e-13
R1994,Uber,Uber X Priority,2026-07-20,19:17:00,19:23:00,5.999999999999979,2610-017,2790-065,5.11,5.99,3.89,6.0,2.1316282072803006e-14
R1995,Uber,Uber X,2026-07-20,19:21:00,19:29:00,7.999999999999972,2790-564,1500-260,7.35,5.95,3.87,8.0,2.842170943040401e-14
R1996,Bolt,Bolt,2026-07-20,13:05:00,13:44:00,38.99999999999986,2625-389,1050-041,22.1,13.06,12.25,39.0,1.4210854715202004e-13
R1997,Bolt,Bolt,2026-07-20,13:49:00,14:02:00,13.000000000000114,1050-205,1750-139,4.2,4.7,4.13,13.0,1.1368683772161603e-13
R1998,Bolt,Bolt,2026-07-20,17:06:00,17:40:00,34.00000000000004,1400-209,1700-305,13.8,12.99,9.74,34.0,4.263256414560601e-14
R1999,Bolt,Bolt,2026-07-20,19:48:00,20:03:00,14.999999999999947,1500-265,1700-162,7.5,6.81,5.23,15.0,5.3290705182007514e-14
R2000,Bolt,Economy,2026-07-20,20:16:00,20:32:00,16.000000000000103,1600-404,1990-233,7.5,5.65,4.24,16.0,1.0302869668521453e-13
R2001,Bolt,Bolt,2026-07-20,21:11:00,21:32:00,21.000000000000085,1990-094,2625-021,14.2,9.98,7.48,21.0,8.526512829121202e-14
R2002,Bolt,Economy,2026-07-21,16:17:00,16:26:00,8.999999999999968,2790-138,1070-165,6.3,6.37,4.78,9.0,3.197442310920451e-14
R2003,Bolt,Bolt,2026-07-21,19:17:00,19:32:00,15.000000000000107,1500-515,1400-277,8.0,8.74,6.55,15.0,1.0658141036401503e-13
R2004,Bolt,Bolt,2026-07-21,19:50:00,20:05:00,14.999999999999947,1350-201,1500-461,7.5,5.14,4.81,15.0,5.3290705182007514e-14
R2005,Uber,Uber X,2026-07-21,13:11:00,13:31:00,19.99999999999993,2625-384,1990-079,13.13,7.95,5.28,20.0,7.105427357601002e-14
R2006,Uber,Uber X,2026-07-21,13:21:00,13:42:00,20.999999999999925,1800-399,2614-520,19.91,5.73,5.56,21.0,7.460698725481052e-14
R2007,Uber,Uber X,2026-07-21,13:58:00,14:18:00,19.99999999999993,2720-008,2690-204,18.05,7.95,6.81,20.0,7.105427357601002e-14
R2008,Uber,Uber X,2026-07-21,14:25:00,14:52:00,27.000000000000064,1998-028,1050-139,9.81,7.94,5.92,27.0,6.394884621840902e-14
R2009,Uber,Uber X,2026-07-21,14:52:00,15:16:00,24.000000000000075,1000-127,2700-416,13.42,9.93,6.45,24.0,7.460698725481052e-14
R2010,Uber,Uber X,2026-07-21,15:43:00,15:58:00,14.999999999999947,2700-416,1400-061,12.51,7.94,6.47,15.0,5.3290705182007514e-14
R2011,Uber,Uber X Priority,2026-07-21,16:28:00,16:41:00,13.000000000000114,1070-247,2720-048,7.36,8.35,5.82,13.0,1.1368683772161603e-13
R2012,Uber,Uber X,2026-07-21,16:56:00,17:07:00,10.999999999999961,2720-806,1400-038,8.64,5.93,4.91,11.0,3.907985046680551e-14
R2013,Uber,Uber X Priority,2026-07-21,17:17:00,17:27:00,9.999999999999805,1400-038,1495-211,3.44,10.98,8.03,10.0,1.9539925233402755e-13
R2014,Uber,Uber X,2026-07-21,17:28:00,17:45:00,17.0000000000001,1495-043,2770-120,7.84,8.93,7.55,17.0,9.947598300641403e-14
R2015,Uber,Uber X Priority,2026-07-21,18:08:00,18:22:00,14.00000000000011,2770-219,2790-052,9.36,10.97,6.87,14.0,1.1013412404281553e-13
R2016,Uber,Uber X,2026-07-21,18:22:00,18:36:00,13.99999999999995,2790-012,1500-105,5.97,5.15,5.0,14.0,4.973799150320701e-14
R2017,Uber,Uber X,2026-07-21,19:34:00,19:44:00,10.000000000000124,1400-015,1350-236,6.31,5.94,4.23,10.0,1.2434497875801753e-13
R2018,Uber,Uber X Priority,2026-07-21,20:06:00,20:15:00,8.999999999999968,1500-458,1050-190,3.48,4.98,3.67,9.0,3.197442310920451e-14
R2019,Uber,Uber X Priority,2026-07-21,20:15:00,20:42:00,26.999999999999904,1700-122,2625-625,22.93,12.98,9.76,27.0,9.592326932761353e-14
R2020,Uber,Uber X,2026-07-23,13:27:00,13:51:00,23.999999999999915,2615-.044,1070-034,24.16,13.95,9.39,24.0,8.526512829121202e-14
R2021,Uber,Uber X,2026-07-23,13:55:00,14:18:00,23.000000000000078,1070-060,1300-011,7.91,6.96,5.05,23.0,7.815970093361102e-14
R2022,Uber,Uber X Priority,2026-07-23,14:22:00,14:30:00,7.999999999999972,1400-036,1495-043,4.23,4.98,3.67,8.0,2.842170943040401e-14
R2023,Uber,Uber X,2026-07-23,15:20:00,15:37:00,16.99999999999994,2745-209,1500-392,9.27,5.95,4.99,17.0,6.039613253960852e-14
R2024,Uber,Uber X Priority,2026-07-23,15:49:00,16:03:00,14.00000000000011,1500-392,1069-413,5.41,6.17,3.89,14.0,1.1013412404281553e-13
R2025,Uber,Uber X,2026-07-23,15:58:00,16:11:00,13.000000000000114,1050-010,1500-530,5.94,4.94,3.9,13.0,1.1368683772161603e-13
R2026,Uber,Uber X,2026-07-23,17:35:00,17:48:00,13.000000000000114,1500-038,1400-038,8.85,7.95,6.33,13.0,1.1368683772161603e-13
R2027,Uber,Uber X,2026-07-23,19:31:00,19:56:00,25.00000000000007,2735-370,1750-417,21.56,14.28,8.25,25.0,7.105427357601002e-14
R2028,Bolt,Economy,2026-07-23,14:40:00,14:58:00,18.000000000000096,1495-067,2700-671,9.6,7.98,5.98,18.0,9.592326932761353e-14
R2029,Bolt,Economy,2026-07-23,16:26:00,16:48:00,22.00000000000008,2700-671,1300-159,8.2,7.57,5.68,22.0,8.171241461241152e-14
R2030,Bolt,Bolt,2026-07-23,16:55:00,17:08:00,12.999999999999954,1300-025,1749-016,6.8,6.97,6.05,13.0,4.618527782440651e-14
R2031,Bolt,Bolt,2026-07-23,17:27:00,17:34:00,6.999999999999975,1600-209,1500-030,2.4,4.62,3.46,7.0,2.4868995751603507e-14
R2032,Bolt,Economy,2026-07-23,18:19:00,18:33:00,14.00000000000011,1300-044,2795-080,8.6,7.32,5.49,14.0,1.1013412404281553e-13
R2033,Bolt,Bolt,2026-07-23,18:35:00,19:05:00,30.000000000000053,1495-159,2735-082,15.6,9.92,9.3,30.0,5.3290705182007514e-14
R2034,Bolt,Economy,2026-07-24,13:03:00,13:09:00,5.999999999999979,2615-044,2615-062,2.1,4.3,3.54,6.0,2.1316282072803006e-14
R2035,Bolt,Bolt,2026-07-24,14:01:00,14:13:00,11.999999999999957,1250-263,1600-296,5.7,5.53,4.36,12.0,4.263256414560601e-14
R2036,Bolt,Economy,2026-07-24,14:52:00,15:02:00,9.999999999999964,1300-578,1400-270,2.3,4.62,3.81,10.0,3.552713678800501e-14
R2037,Bolt,Bolt,2026-07-24,15:07:00,15:18:00,11.00000000000012,1400-078,1300-141,3.7,4.6,4.08,11.0,1.2079226507921703e-13
R2038,Bolt,Bolt,2026-07-24,15:22:00,15:37:00,14.999999999999947,1300-285,1495-169,6.9,6.42,5.8,15.0,5.3290705182007514e-14
R2039,Bolt,Bolt,2026-07-24,16:42:00,16:51:00,9.000000000000128,1400-257,2790-102,5.7,5.78,4.33,9.0,1.2789769243681803e-13
R2040,Bolt,Bolt,2026-07-24,16:55:00,17:07:00,11.999999999999957,2790-077,2700-794,5.2,4.49,4.63,12.0,4.263256414560601e-14
R2041,Bolt,Economy,2026-07-24,17:42:00,17:56:00,14.00000000000011,1350-147,1300-161,4.5,4.53,3.4,14.0,1.1013412404281553e-13
R2042,Bolt,Bolt,2026-07-24,17:58:00,18:10:00,12.000000000000277,1300-551,1500-380,6.5,5.99,4.83,12.0,2.7711166694643907e-13
R2043,Bolt,Bolt,2026-07-24,18:35:00,18:50:00,15.000000000000107,1200-807,1070-063,3.8,5.42,5.08,15.0,1.0658141036401503e-13
R2044,Bolt,Economy,2026-07-24,19:56:00,20:23:00,26.999999999999904,2770-533,2675-229,22.0,16.52,12.49,27.0,9.592326932761353e-14
R2045,Uber,Uber X,2026-07-24,13:09:00,13:29:00,19.99999999999993,2615-357,1750-204,21.88,16.98,11.0,20.0,7.105427357601002e-14
R2046,Uber,Uber X,2026-07-24,13:29:00,13:45:00,15.999999999999943,1750-004,1350-094,9.86,6.95,5.42,16.0,5.684341886080802e-14
R2047,Uber,Uber X,2026-07-24,14:18:00,14:33:00,15.000000000000107,1500-423,1300-006,8.18,9.95,6.47,15.0,1.0658141036401503e-13
R2048,Uber,Uber X Priority,2026-07-24,15:38:00,15:50:00,11.999999999999957,1495-151,1350-297,8.37,8.98,6.09,12.0,4.263256414560601e-14
R2049,Uber,Uber X,2026-07-24,15:57:00,16:09:00,11.999999999999957,1350-297,1300-408,4.49,4.94,4.31,12.0,4.263256414560601e-14
R2050,Uber,Uber X,2026-07-24,17:12:00,17:31:00,18.999999999999932,2700-319,1350-128,10.84,8.93,6.36,19.0,6.750155989720952e-14
R2051,Uber,Uber X,2026-07-24,18:09:00,18:22:00,13.000000000000114,1500-045,1350-122,5.9,7.02,5.12,13.0,1.1368683772161603e-13
R2052,Uber,Uber X,2026-07-24,18:53:00,19:15:00,22.00000000000008,1050-204,2780-003,17.06,11.93,7.49,22.0,8.171241461241152e-14
R2053,Uber,Uber X,2026-07-25,13:00:00,13:09:00,9.000000000000128,2615-034,2625-407,2.72,3.96,3.6,9.0,1.2789769243681803e-13
R2054,Uber,Uber X,2026-07-25,13:14:00,13:36:00,22.00000000000008,2625-407,1700-033,17.27,11.95,8.1,22.0,8.171241461241152e-14
R2055,Uber,Uber X,2026-07-25,13:46:00,14:05:00,18.999999999999932,1700-122,1495-019,12.76,8.94,5.81,19.0,6.750155989720952e-14
R2056,Uber,Uber X,2026-07-25,14:34:00,14:46:00,12.000000000000117,2700-589,1600-827,5.02,3.94,3.37,12.0,1.1723955140041653e-13
R2057,Uber,Uber X,2026-07-25,15:11:00,15:26:00,15.000000000000107,1050-151,1495-107,11.19,8.95,5.82,15.0,1.0658141036401503e-13
R2058,Uber,Uber X,2026-07-25,15:53:00,16:13:00,19.99999999999993,1495-081,1700-125,14.23,10.96,7.32,20.0,7.105427357601002e-14
R2059,Uber,Uber X,2026-07-25,17:09:00,17:23:00,14.00000000000011,2770-203,1500-392,15.27,9.51,7.74,14.0,1.1013412404281553e-13
R2060,Uber,Uber X,2026-07-25,17:39:00,17:54:00,14.999999999999947,1500-392,1750-171,5.47,5.96,4.39,15.0,5.3290705182007514e-14
R2061,Uber,Uber X,2026-07-25,19:09:00,19:28:00,18.999999999999932,1200-479,1500-392,11.62,7.94,5.27,19.0,6.750155989720952e-14
R2062,Uber,Uber X,2026-07-25,19:27:00,19:40:00,13.000000000000114,1500-392,1300-279,9.74,6.95,5.13,13.0,1.1368683772161603e-13
R2063,Bolt,Economy,2026-07-25,14:18:00,14:34:00,15.999999999999943,1495-022,2700-584,9.2,6.99,5.24,16.0,5.684341886080802e-14
R2064,Bolt,Economy,2026-07-25,14:53:00,15:02:00,8.999999999999968,1600-746,1600-096,5.6,5.7,4.27,9.0,3.197442310920451e-14
R2065,Bolt,Bolt,2026-07-25,16:26:00,16:38:00,11.999999999999957,1600-096,1600-530,5.6,5.23,4.23,12.0,4.263256414560601e-14
R2066,Bolt,Bolt,2026-07-25,17:01:00,17:18:00,17.0000000000001,1600-530,2790-307,13.0,7.98,7.48,17.0,9.947598300641403e-14
R2067,Bolt,Economy,2026-07-25,18:43:00,19:11:00,28.00000000000022,2685-334,1200-066,16.9,11.9,8.92,28.0,2.2026824808563106e-13
R2068,Bolt,Bolt,2026-07-25,19:57:00,20:10:00,13.000000000000114,1300-514,1350-167,4.8,4.99,4.11,13.0,1.1368683772161603e-13
R2069,Bolt,Economy,2026-07-25,20:20:00,20:35:00,14.999999999999947,1070-049,1849-030,10.6,7.53,5.65,15.0,5.3290705182007514e-14
R2070,Bolt,Bolt,2026-07-25,20:45:00,21:05:00,19.99999999999993,1700-008,2615-051,17.9,11.41,10.69,20.0,7.105427357601002e-14
R2071,Bolt,Bolt,2026-07-26,13:50:00,13:59:00,8.999999999999808,1500-392,1700-235,5.6,4.98,3.73,9.0,1.9184653865522705e-13
R2072,Bolt,Bolt,2026-07-26,14:06:00,14:16:00,9.999999999999964,1700-094,1500-200,4.3,4.6,3.63,10.0,3.552713678800501e-14
R2073,Bolt,Economy,2026-07-26,16:02:00,16:20:00,17.999999999999776,1250-136,1700-274,5.3,5.62,4.21,18.0,2.2382096176443156e-13
R2074,Bolt,Bolt,2026-07-26,17:53:00,18:09:00,15.999999999999943,2610-132,1700-305,9.4,6.9,6.12,16.0,5.684341886080802e-14
R2075,Bolt,Bolt,2026-07-26,18:43:00,19:14:00,31.00000000000021,1700-008,1100-413,8.0,11.0,9.52,31.0,2.0961010704922955e-13
R2076,Bolt,Bolt,2026-07-26,20:09:00,20:26:00,17.0000000000001,1070-046,1700-008,12.1,7.93,6.55,17.0,9.947598300641403e-14
R2077,Uber,Uber X,2026-07-26,13:18:00,13:38:00,19.99999999999993,2625-022,1500-392,18.98,10.95,8.53,20.0,7.105427357601002e-14
R2078,Uber,Uber X,2026-07-26,14:22:00,14:33:00,11.00000000000012,1070-060,1500-087,5.35,4.94,3.97,11.0,1.2079226507921703e-13
R2079,Uber,Uber X,2026-07-26,14:39:00,14:50:00,10.999999999999961,1500-596,1600-097,4.81,3.95,3.62,11.0,3.907985046680551e-14
R2080,Uber,Uber X,2026-07-26,15:12:00,15:21:00,8.999999999999968,1600-191,1500-536,6.3,5.94,4.54,9.0,3.197442310920451e-14
R2081,Uber,Uber X,2026-07-26,15:26:00,15:40:00,13.99999999999995,2610-654,1350-353,10.2,6.93,4.5,14.0,4.973799150320701e-14
R2082,Uber,Uber X,2026-07-26,15:43:00,15:52:00,8.999999999999968,1300-501,1070-100,4.75,9.95,6.47,9.0,3.197442310920451e-14
R2083,Uber,Uber X,2026-07-26,16:37:00,16:53:00,15.999999999999943,1700-090,1300-120,8.37,6.96,5.1,16.0,5.684341886080802e-14
R2084,Uber,Uber X,2026-07-26,17:05:00,17:17:00,12.000000000000277,1300-149,1549-023,8.33,6.96,4.52,12.0,2.7711166694643907e-13
R2085,Uber,Uber X,2026-07-26,17:30:00,17:39:00,8.999999999999968,1600-209,2610-172,5.34,6.04,3.87,9.0,3.197442310920451e-14
R2086,Uber,Uber X Priority,2026-07-26,19:23:00,19:33:00,9.999999999999964,1100-148,1250-001,1.71,5.99,4.04,10.0,3.552713678800501e-14
R2087,Uber,Uber X,2026-07-26,19:33:00,19:42:00,8.999999999999968,1250-001,1070-110,2.67,4.96,3.3,9.0,3.197442310920451e-14
R2088,Uber,Uber X,2026-07-26,21:06:00,21:20:00,13.99999999999979,1990-254,2625-022,11.16,7.93,5.53,14.0,2.0961010704922955e-13
R2089,Uber,Uber X,2026-07-27,14:39:00,14:56:00,16.99999999999994,1749-024,1495-111,11.18,7.44,7.23,17.0,6.039613253960852e-14
R2090,Uber,Uber X,2026-07-27,16:07:00,16:16:00,8.999999999999808,1400-416,2610-202,6.41,5.95,5.19,9.0,1.9184653865522705e-13
R2091,Uber,Uber X,2026-07-27,16:22:00,16:33:00,10.999999999999961,2720-212,1099-016,4.38,4.43,4.31,11.0,3.907985046680551e-14
R2092,Uber,Uber X,2026-07-27,16:44:00,17:02:00,17.999999999999936,1070-212,1400-203,9.0,7.94,5.16,18.0,6.394884621840902e-14
R2093,Bolt,Bolt,2026-07-27,13:28:00,13:52:00,24.000000000000075,2625-481,1700-008,19.0,15.91,13.75,24.0,7.460698725481052e-14
R2094,Bolt,Bolt,2026-07-27,13:52:00,14:09:00,16.99999999999994,1700-008,1900-254,4.6,7.91,5.93,17.0,6.039613253960852e-14
R2095,Bolt,Bolt,2026-07-27,14:12:00,14:26:00,13.99999999999995,1900-254,1700-008,4.5,3.63,4.28,14.0,4.973799150320701e-14
R2096,Bolt,Bolt,2026-07-27,15:03:00,15:22:00,19.000000000000092,1495-122,1500-392,9.6,7.9,6.86,19.0,9.237055564881302e-14
R2097,Bolt,Economy,2026-07-27,15:23:00,15:38:00,15.000000000000107,1500-392,1300-547,9.1,6.63,4.97,15.0,1.0658141036401503e-13
R2098,Bolt,Economy,2026-07-27,16:05:00,16:09:00,3.999999999999986,1300-547,1300-389,0.7,4.62,3.81,4.0,1.4210854715202004e-14
R2099,Bolt,Economy,2026-07-27,17:10:00,17:27:00,16.99999999999994,1400-211,1500-185,8.7,9.99,7.49,17.0,6.039613253960852e-14
R2100,Bolt,Bolt,2026-07-27,17:48:00,18:01:00,12.999999999999954,1500-236,2610-017,5.1,4.39,3.54,13.0,4.618527782440651e-14
R2101,Bolt,Economy,2026-07-27,18:05:00,18:17:00,12.000000000000117,1500-663,1495-094,7.8,5.99,4.49,12.0,1.1723955140041653e-13
R2102,Bolt,Bolt,2026-07-27,18:24:00,18:41:00,17.0000000000001,1495-043,1500-328,8.4,7.43,7.67,17.0,9.947598300641403e-14
R2103,Bolt,Economy,2026-07-27,19:15:00,19:32:00,17.0000000000001,1500-259,1000-112,8.3,6.97,5.23,17.0,9.947598300641403e-14
R2104,Bolt,Bolt,2026-07-27,19:36:00,19:44:00,7.999999999999972,1000-112,1600-033,2.9,4.28,3.37,8.0,2.842170943040401e-14
R2105,Bolt,Bolt,2026-07-27,19:51:00,20:02:00,10.999999999999961,1600-083,1700-305,4.4,4.9,5.06,11.0,3.907985046680551e-14
R2106,Bolt,Bolt,2026-07-27,20:09:00,20:31:00,22.00000000000008,1700-008,2625-159,18.7,8.97,8.41,22.0,8.171241461241152e-14
R2107,Bolt,Economy,2026-07-31,14:20:00,14:53:00,33.00000000000004,2710-569,1350-208,25.5,17.99,13.49,33.0,4.263256414560601e-14
R2108,Bolt,Economy,2026-07-31,15:01:00,15:14:00,12.999999999999954,1070-173,1400-034,7.0,4.97,4.66,13.0,4.618527782440651e-14
R2109,Bolt,Bolt,2026-07-31,17:06:00,17:12:00,5.999999999999979,1300-300,1400-107,2.1,6.91,5.18,6.0,2.1316282072803006e-14
R2110,Bolt,Bolt,2026-07-31,17:41:00,17:50:00,8.999999999999808,1350-211,1300-610,2.0,5.51,4.13,9.0,1.9184653865522705e-13
R2111,Bolt,Economy,2026-07-31,17:55:00,18:01:00,5.999999999999979,1300-610,1350-256,2.0,7.32,5.49,6.0,2.1316282072803006e-14
R2112,Bolt,Economy,2026-07-31,18:05:00,18:25:00,20.00000000000009,1350-023,1500-392,8.6,6.99,5.24,20.0,8.881784197001252e-14
R2113,Bolt,Economy,2026-07-31,18:29:00,18:49:00,19.99999999999993,1500-392,2790-349,12.0,9.97,8.23,20.0,7.105427357601002e-14
R2114,Uber,Uber X,2026-07-31,13:07:00,13:27:00,19.99999999999993,2625-414,1990-079,13.41,8.95,6.12,20.0,7.105427357601002e-14
R2115,Uber,Uber X,2026-07-31,13:36:00,14:11:00,35.000000000000036,1800-399,2710-569,35.1,21.91,12.52,35.0,3.552713678800501e-14
R2116,Uber,Uber X,2026-07-31,15:42:00,16:04:00,21.999999999999922,1400-298,1700-099,14.71,13.33,9.09,22.0,7.815970093361102e-14
R2117,Uber,Uber X,2026-07-31,16:06:00,16:22:00,15.999999999999943,1700-066,2724-002,10.68,7.95,6.28,16.0,5.684341886080802e-14
R2118,Uber,Uber X,2026-07-31,16:38:00,16:54:00,15.999999999999943,2610-316,1349-019,8.36,6.26,6.08,16.0,5.684341886080802e-14
R2119,Uber,Uber X Priority,2026-07-31,17:09:00,17:26:00,17.0000000000001,1400-157,1350-302,8.19,14.98,10.19,17.0,9.947598300641403e-14
R2120,Uber,Uber X,2026-07-31,19:13:00,19:29:00,16.000000000000103,2790-022,1400-153,7.3,8.49,8.31,16.0,1.0302869668521453e-13
R2121,Uber,Uber X Priority,2026-07-31,19:36:00,20:04:00,27.9999999999999,1400-177,1990-233,15.79,13.97,9.92,28.0,9.947598300641403e-14
R2122,Uber,Uber X Priority,2026-07-31,20:28:00,20:37:00,9.000000000000128,1800-399,2694-001,9.41,8.98,6.18,9.0,1.2789769243681803e-13
R2123,Uber,Uber X,2026-08-01,13:59:00,14:16:00,17.0000000000001,1150-176,1300-501,5.26,6.94,4.91,17.0,9.947598300641403e-14
R2124,Uber,Uber X,2026-08-01,19:21:00,19:34:00,12.999999999999954,1300-546,1500-392,7.78,5.94,5.14,13.0,4.618527782440651e-14
R2125,Uber,Uber X,2026-08-01,20:23:00,20:38:00,14.999999999999947,1600-404,2625-177,15.61,10.14,7.73,15.0,5.3290705182007514e-14
R2126,Bolt,Bolt,2026-08-01,13:12:00,13:21:00,9.000000000000128,2615-151,2615-000,3.8,7.84,5.88,9.0,1.2789769243681803e-13
R2127,Bolt,Economy,2026-08-01,13:27:00,13:58:00,31.00000000000005,2615-065,1050-129,24.4,15.9,11.92,31.0,4.973799150320701e-14
R2128,Bolt,Bolt,2026-08-01,14:28:00,14:38:00,9.999999999999964,1350-260,1099-035,4.2,5.63,4.22,10.0,3.552713678800501e-14
R2129,Bolt,Bolt,2026-08-01,14:40:00,14:53:00,13.000000000000114,1070-165,1300-487,4.1,4.62,3.81,13.0,1.1368683772161603e-13
R2130,Bolt,Economy,2026-08-01,14:58:00,15:13:00,14.999999999999947,1300-334,2795-165,9.8,5.71,4.28,15.0,5.3290705182007514e-14
R2131,Bolt,Bolt,2026-08-01,15:41:00,15:44:00,2.9999999999999893,2795-248,1495-098,1.2,4.05,3.37,3.0,1.0658141036401503e-14
R2132,Bolt,Economy,2026-08-01,15:55:00,16:11:00,16.000000000000103,1495-001,1070-051,9.3,6.9,5.17,16.0,1.0302869668521453e-13
R2133,Bolt,Economy,2026-08-01,16:15:00,16:24:00,8.999999999999808,1070-149,1300-038,6.1,6.31,4.73,9.0,1.9184653865522705e-13
R2134,Bolt,Economy,2026-08-01,16:27:00,16:39:00,11.999999999999957,1300-049,2610-114,8.6,5.91,4.43,12.0,4.263256414560601e-14
R2135,Bolt,Bolt,2026-08-01,17:08:00,17:13:00,4.999999999999822,2610-195,2720-203,1.9,4.62,3.46,5.0,1.7763568394002505e-13
R2136,Bolt,Economy,2026-08-01,17:15:00,17:39:00,23.999999999999915,2720-138,1070-219,11.3,9.93,7.45,24.0,8.526512829121202e-14
R2137,Bolt,Economy,2026-08-01,17:52:00,18:06:00,14.00000000000011,1070-219,1300-255,3.8,4.84,3.63,14.0,1.1013412404281553e-13
R2138,Bolt,Bolt,2026-08-01,18:36:00,18:39:00,2.9999999999998295,1300-255,1300-141,0.9,4.62,3.46,3.0,1.7053025658242404e-13
R2139,Bolt,Economy,2026-08-01,18:50:00,19:02:00,12.000000000000117,1300-365,2610-055,7.1,5.91,4.43,12.0,1.1723955140041653e-13
R2140,Bolt,Economy,2026-08-01,19:06:00,19:18:00,11.999999999999957,2790-143,1300-501,6.2,6.6,4.95,12.0,4.263256414560601e-14
R2141,Bolt,Economy,2026-08-01,19:41:00,19:51:00,10.000000000000124,1500-392,2724-510,8.1,7.93,5.95,10.0,1.2434497875801753e-13
R2142,Bolt,Economy,2026-08-01,19:58:00,20:17:00,19.000000000000252,2790-143,1000-134,9.6,7.9,5.92,19.0,2.5224267119483557e-13
R2143,Bolt,Bolt,2026-08-01,20:23:00,20:31:00,7.999999999999972,1000-134,1600-149,3.8,4.92,4.1,8.0,2.842170943040401e-14
R2144,Bolt,Bolt,2026-08-02,13:05:00,13:11:00,5.999999999999979,2615-216,2625-410,3.2,4.74,3.55,6.0,2.1316282072803006e-14
R2145,Bolt,Economy,2026-08-02,13:55:00,14:04:00,9.000000000000128,1500-392,1700-125,5.6,5.97,4.48,9.0,1.2789769243681803e-13
R2146,Bolt,Economy,2026-08-02,14:05:00,14:31:00,26.000000000000068,1700-111,1500-392,8.0,7.6,5.7,26.0,6.750155989720952e-14
R2147,Bolt,Economy,2026-08-02,14:34:00,14:48:00,14.00000000000011,1500-185,1300-425,8.7,6.99,5.24,14.0,1.1013412404281553e-13
R2148,Bolt,Economy,2026-08-02,14:52:00,15:03:00,10.999999999999961,1400-081,1500-392,7.3,5.92,4.44,11.0,3.907985046680551e-14
R2149,Bolt,Economy,2026-08-02,15:03:00,15:11:00,7.999999999999972,1500-392,1500-111,2.2,4.3,3.22,8.0,2.842170943040401e-14
R2150,Bolt,Bolt,2026-08-02,15:19:00,15:32:00,13.000000000000114,1500-672,1300-268,6.6,6.4,5.33,13.0,1.1368683772161603e-13
R2151,Bolt,Economy,2026-08-02,15:40:00,15:51:00,10.999999999999961,1300-501,1400-034,4.8,6.99,5.76,11.0,3.907985046680551e-14
R2152,Bolt,Bolt,2026-08-02,15:52:00,16:04:00,11.999999999999957,1400-034,1300-343,5.2,5.91,4.43,12.0,4.263256414560601e-14
R2153,Bolt,Bolt,2026-08-02,16:32:00,16:37:00,4.999999999999822,1300-111,1400-206,1.5,5.68,5.39,5.0,1.7763568394002505e-13
R2154,Bolt,Economy,2026-08-02,16:41:00,16:57:00,15.999999999999943,1400-285,1600-207,11.8,9.93,7.45,16.0,5.684341886080802e-14
R2155,Bolt,Bolt,2026-08-02,17:00:00,17:08:00,7.999999999999972,1600-031,1600-448,4.3,4.92,4.06,8.0,2.842170943040401e-14
R2156,Bolt,Bolt,2026-08-02,17:10:00,17:21:00,11.00000000000012,1600-297,1500-274,6.5,5.98,4.48,11.0,1.2079226507921703e-13
R2157,Bolt,Economy,2026-08-02,17:32:00,17:46:00,13.99999999999979,1500-306,1300-474,7.3,5.97,4.48,14.0,2.0961010704922955e-13
R2158,Bolt,Bolt,2026-08-02,17:48:00,17:59:00,10.999999999999961,1300-501,1400-034,5.0,4.93,4.62,11.0,3.907985046680551e-14
R2159,Bolt,Bolt,2026-08-02,18:25:00,18:46:00,20.999999999999925,1250-199,1700-008,7.5,9.98,7.48,21.0,7.460698725481052e-14
R2160,Bolt,Bolt,2026-08-02,19:23:00,19:39:00,15.999999999999943,1750-006,1350-411,9.8,9.91,7.43,16.0,5.684341886080802e-14
R2161,Bolt,Bolt,2026-08-02,19:46:00,20:05:00,18.999999999999932,1350-411,1700-305,11.9,8.98,6.73,19.0,6.750155989720952e-14
R2162,Bolt,Bolt,2026-08-02,20:12:00,20:36:00,24.000000000000075,1700-008,2625-710,16.7,11.65,12.01,24.0,7.460698725481052e-14
R2163,Uber,Uber X,2026-08-02,13:08:00,13:25:00,17.0000000000001,2625-391,1990-079,13.38,8.93,6.18,17.0,9.947598300641403e-14
R2164,Uber,Uber X,2026-08-02,13:34:00,13:45:00,10.999999999999961,1990-083,1500-392,8.59,7.94,5.9,11.0,3.907985046680551e-14
R2165,Uber,Uber X Priority,2026-08-02,18:07:00,18:17:00,10.000000000000124,1400-038,1250-015,5.8,8.98,5.84,10.0,1.2434497875801753e-13
R2166,Uber,Uber X,2026-08-03,13:00:00,13:19:00,19.000000000000092,2615-292,1998-018,19.33,10.95,8.53,19.0,9.237055564881302e-14
R2167,Uber,Uber X,2026-08-03,14:18:00,14:38:00,19.99999999999993,1000-009,1495-050,13.5,7.94,6.48,20.0,7.105427357601002e-14
R2168,Uber,Uber X,2026-08-03,14:45:00,15:00:00,14.999999999999947,1495-050,1500-392,8.68,5.94,5.58,15.0,5.3290705182007514e-14
R2169,Uber,Share,2026-08-03,16:20:00,16:33:00,13.000000000000114,2610-143,1700-162,7.63,5.07,4.92,13.0,1.1368683772161603e-13
R2170,Uber,Share,2026-08-03,17:43:00,18:00:00,17.0000000000001,1700-162,2794-059,8.23,6.14,5.59,17.0,9.947598300641403e-14
R2171,Uber,Courier,2026-08-03,18:30:00,18:43:00,12.999999999999794,2610-057,1300-332,5.92,5.73,4.94,13.0,2.0605739337042905e-13
R2172,Uber,Uber X,2026-08-03,18:50:00,18:59:00,9.000000000000128,1300-294,1400-365,2.22,3.95,3.3,9.0,1.2789769243681803e-13
R2173,Uber,Uber X,2026-08-03,19:32:00,19:49:00,16.99999999999978,1600-154,1350-075,6.68,6.96,5.37,17.0,2.2026824808563106e-13
R2174,Bolt,Bolt,2026-08-03,13:32:00,13:44:00,11.999999999999957,1950-004,1700-008,2.7,5.4,4.46,12.0,4.263256414560601e-14
R2175,Bolt,Bolt,2026-08-03,13:51:00,14:12:00,21.000000000000085,1700-008,1050-065,9.4,9.52,7.01,21.0,8.526512829121202e-14
R2176,Bolt,Bolt,2026-08-03,15:11:00,15:26:00,15.000000000000107,1500-039,1300-566,9.0,7.9,6.17,15.0,1.0658141036401503e-13
R2177,Bolt,Economy,2026-08-03,15:29:00,15:39:00,10.000000000000124,1300-566,2610-127,5.8,5.41,4.06,10.0,1.2434497875801753e-13
R2178,Bolt,Economy,2026-08-03,16:09:00,16:15:00,6.0000000000001386,2610-078,2610-017,3.6,5.01,4.14,6.0,1.3855583347321954e-13
R2179,Bolt,Economy,2026-08-03,16:51:00,17:11:00,19.99999999999993,1050-190,1300-300,9.0,7.97,5.98,20.0,7.105427357601002e-14
R2180,Bolt,Economy,2026-08-03,17:24:00,17:39:00,14.999999999999947,1300-125,1500-995,8.4,6.97,5.23,15.0,5.3290705182007514e-14
R2181,Bolt,Economy,2026-08-03,19:12:00,19:26:00,14.00000000000011,1400-204,1500-501,7.1,6.31,4.73,14.0,1.1013412404281553e-13
R2182,Bolt,Bolt,2026-08-03,20:02:00,20:10:00,7.999999999999972,1070-324,1067-001,3.6,3.69,3.46,8.0,2.842170943040401e-14
R2183,Bolt,Economy,2026-08-03,20:14:00,20:26:00,11.999999999999957,1050-124,1800-065,6.1,5.21,3.91,12.0,4.263256414560601e-14
R2184,Bolt,Economy,2026-08-03,20:57:00,21:15:00,17.999999999999936,1885-051,2615-333,18.3,10.97,8.23,18.0,6.394884621840902e-14
R2185,Bolt,Economy,2026-08-04,13:16:00,13:43:00,26.999999999999904,2615-354,1170-201,22.6,16.5,12.37,27.0,9.592326932761353e-14
R2186,Bolt,Economy,2026-08-04,13:49:00,14:11:00,22.00000000000008,1170-063,1600-821,11.5,8.97,6.73,22.0,8.171241461241152e-14
R2187,Bolt,Bolt,2026-08-04,14:21:00,14:44:00,22.99999999999992,1600-253,1300-300,11.5,6.92,7.42,23.0,8.171241461241152e-14
R2188,Bolt,Bolt,2026-08-04,15:15:00,15:25:00,9.999999999999964,1300-109,2610-088,6.5,5.73,4.3,10.0,3.552713678800501e-14
R2189,Bolt,Bolt,2026-08-04,17:22:00,17:33:00,11.00000000000012,1300-263,1400-034,4.6,5.72,4.29,11.0,1.2079226507921703e-13
R2190,Bolt,Bolt,2026-08-04,18:41:00,19:02:00,21.000000000000085,1500-392,1350-030,8.4,5.97,6.15,21.0,8.526512829121202e-14
R2191,Bolt,Bolt,2026-08-04,19:14:00,19:39:00,24.99999999999991,1350-382,1700-008,11.2,7.15,7.66,25.0,8.881784197001252e-14
R2192,Bolt,Bolt,2026-08-04,19:40:00,20:02:00,21.999999999999922,1700-008,2625-615,14.7,13.08,9.81,22.0,7.815970093361102e-14
R2193,Uber,Uber X Priority,2026-08-04,15:37:00,15:45:00,7.999999999999972,2720-705,1495-131,6.77,5.99,4.1,8.0,2.842170943040401e-14
R2194,Uber,Uber X Priority,2026-08-04,15:48:00,15:59:00,10.999999999999961,1495-236,1300-383,5.98,4.99,4.61,11.0,3.907985046680551e-14
R2195,Uber,Uber X,2026-08-04,16:03:00,16:29:00,25.999999999999908,1300-300,2650-174,14.36,8.94,7.33,26.0,9.237055564881302e-14
R2196,Uber,Uber X,2026-08-04,16:34:00,17:01:00,26.999999999999904,2650-066,1300-343,14.58,8.07,7.29,27.0,9.592326932761353e-14
R2197,Uber,Uber X,2026-08-04,18:07:00,18:18:00,11.00000000000012,1495-120,1500-650,8.59,7.99,7.78,11.0,1.2079226507921703e-13
R2198,Uber,Uber X,2026-08-06,12:16:00,12:31:00,14.999999999999947,1400-092,1050-124,10.31,5.95,5.17,15.0,5.3290705182007514e-14
R2199,Uber,Uber X,2026-08-06,12:40:00,12:54:00,13.99999999999995,1050-196,2720-418,10.5,7.93,5.15,14.0,4.973799150320701e-14
R2200,Uber,Uber X,2026-08-06,12:59:00,13:05:00,6.0000000000001386,2610-143,1070-146,5.84,3.93,3.44,6.0,1.3855583347321954e-13
R2201,Uber,Uber X,2026-08-06,14:30:00,14:58:00,28.00000000000006,2625-209,1500-423,21.44,12.29,8.38,28.0,6.039613253960852e-14
R2202,Uber,Uber X Priority,2026-08-06,15:24:00,15:37:00,12.999999999999954,1300-149,1070-034,5.75,5.99,4.34,13.0,4.618527782440651e-14
R2203,Uber,Uber X,2026-08-06,15:53:00,16:15:00,22.00000000000008,1070-067,1495-744,13.82,9.22,5.82,22.0,8.171241461241152e-14
R2204,Uber,Uber X Priority,2026-08-06,17:41:00,17:51:00,9.999999999999964,2790-045,1400-206,5.2,5.98,4.54,10.0,3.552713678800501e-14
R2205,Uber,Uber X,2026-08-06,17:51:00,18:07:00,15.999999999999943,1400-308,1500-359,8.87,11.94,7.76,16.0,5.684341886080802e-14
R2206,Uber,Uber X,2026-08-06,18:20:00,18:31:00,10.999999999999961,1500-359,2720-299,4.97,4.8,3.55,11.0,3.907985046680551e-14
R2207,Uber,Uber X,2026-08-06,18:38:00,18:48:00,9.999999999999964,1500-621,2790-044,4.91,3.97,3.85,10.0,3.552713678800501e-14
R2208,UBer,Uber X,2026-08-06,18:45:00,18:59:00,14.00000000000011,1495-021,1600-075,11.24,7.39,6.38,14.0,1.1013412404281553e-13
R2209,Uber,Uber X,2026-08-06,20:12:00,20:35:00,22.99999999999992,1600-777,2625-411,20.22,11.94,8.09,23.0,8.171241461241152e-14
R2210,Bolt,Bolt,2026-08-06,14:00:00,14:24:00,23.999999999999915,1070-070,2625-024,21.2,12.53,11.74,24.0,8.526512829121202e-14
R2211,Bolt,Economy,2026-08-06,15:14:00,15:26:00,12.000000000000117,1070-996,1300-414,6.6,4.99,3.74,12.0,1.1723955140041653e-13
R2212,Bolt,Bolt,2026-08-06,16:28:00,16:39:00,11.00000000000012,1495-688,1400-282,4.2,8.2,6.94,11.0,1.2079226507921703e-13
R2213,Bolt,Economy,2026-08-06,16:44:00,16:52:00,7.999999999999972,1400-297,1300-164,4.5,6.93,5.2,8.0,2.842170943040401e-14
R2214,Bolt,Bolt,2026-08-06,17:25:00,17:38:00,12.999999999999794,1300-369,2700-100,7.8,6.93,5.84,13.0,2.0605739337042905e-13
R2215,Bolt,Bolt,2026-08-07,14:37:00,14:42:00,4.999999999999822,1400-069,1300-192,1.8,4.28,3.37,5.0,1.7763568394002505e-13
R2216,Bolt,Bolt,2026-08-07,14:46:00,15:15:00,28.999999999999897,1300-605,1700-305,12.7,12.91,12.1,29.0,1.0302869668521453e-13
R2217,Bolt,Bolt,2026-08-07,16:30:00,16:38:00,7.999999999999972,1500-471,1500-392,3.1,3.96,3.71,8.0,2.842170943040401e-14
R2218,Bolt,Economy,2026-08-07,16:45:00,17:02:00,17.0000000000001,1500-392,1300-510,9.6,7.97,5.98,17.0,9.947598300641403e-14
R2219,Bolt,Bolt,2026-08-07,17:06:00,17:17:00,11.00000000000012,1300-019,1300-278,2.6,5.92,4.44,11.0,1.2079226507921703e-13
R2220,Bolt,Bolt,2026-08-07,17:52:00,18:04:00,11.999999999999957,1500-675,1300-386,5.5,6.31,4.73,12.0,4.263256414560601e-14
R2221,Bolt,Bolt,2026-08-07,18:06:00,18:17:00,10.999999999999961,1300-017,1070-002,6.2,6.91,5.18,11.0,3.907985046680551e-14
R2222,Bolt,Bolt,2026-08-07,18:49:00,19:07:00,18.000000000000096,1070-034,2685-012,11.2,8.98,7.66,18.0,9.592326932761353e-14
R2223,Bolt,Bolt,2026-08-07,19:09:00,19:23:00,14.00000000000011,2680-175,1649-035,8.9,7.9,6.24,14.0,1.1013412404281553e-13
R2224,Bolt,Economy,2026-08-07,19:24:00,19:39:00,15.000000000000107,1649-035,1800-177,7.3,6.52,4.89,15.0,1.0658141036401503e-13
R2225,Bolt,Economy,2026-08-07,20:07:00,20:20:00,12.999999999999954,1849-033,2690-351,10.8,7.41,6.12,13.0,4.618527782440651e-14
R2226,Uber,Share,2026-08-07,13:05:00,13:51:00,45.99999999999984,2625-450,1400-159,37.34,26.52,21.9,46.0,1.6342482922482304e-13
R2227,Uber,Uber X,2026-08-07,14:03:00,14:12:00,8.999999999999968,1300-085,1300-501,3.39,6.93,4.5,9.0,3.197442310920451e-14
R2228,Uber,Uber X,2026-08-07,14:15:00,14:21:00,5.999999999999979,1300-474,1400-206,2.72,4.95,3.3,6.0,2.1316282072803006e-14
R2229,Uber,Uber X Priority,2026-08-07,15:20:00,15:36:00,15.999999999999943,1700-008,1500-110,11.19,12.05,7.83,16.0,5.684341886080802e-14
R2230,Uber,Uber X Priority,2026-08-07,17:19:00,17:31:00,11.999999999999957,1300-291,1500-618,6.75,8.98,6.91,12.0,4.263256414560601e-14
R2231,Uber,Uber X,2026-08-08,13:15:00,13:36:00,20.999999999999925,2615-332,1900-391,22.07,16.93,11.0,21.0,7.460698725481052e-14
R2232,Uber,Share,2026-08-08,13:51:00,14:11:00,20.00000000000009,1500-639,2780-100,16.61,8.71,8.47,20.0,8.881784197001252e-14
R2233,Uber,Uber X,2026-08-08,14:52:00,14:58:00,5.999999999999979,2780-235,2670-188,3.68,3.95,3.25,6.0,2.1316282072803006e-14
R2234,Uber,Uber X,2026-08-08,15:11:00,15:21:00,9.999999999999964,2795-095,1500-650,8.82,7.08,5.9,10.0,3.552713678800501e-14
R2235,Uber,Uber X,2026-08-08,15:30:00,15:47:00,16.99999999999994,2650-074,1350-353,10.22,7.94,5.76,17.0,6.039613253960852e-14
R2236,Uber,Uber X Priority,2026-08-08,16:49:00,17:02:00,13.000000000000114,1400-165,2745-012,11.0,10.99,8.12,13.0,1.1368683772161603e-13
R2237,Uber,Uber X,2026-08-08,17:05:00,17:14:00,9.000000000000128,2745-290,1500-416,9.13,5.95,4.43,9.0,1.2789769243681803e-13
R2238,Uber,Uber X Priority,2026-08-08,19:16:00,19:22:00,6.0000000000001386,1300-443,1300-110,2.02,5.98,4.04,6.0,1.3855583347321954e-13
R2239,Uber,Uber X,2026-08-08,19:49:00,20:07:00,18.000000000000096,1800-039,2625-594,15.89,10.94,7.11,18.0,9.592326932761353e-14
R2240,Bolt,Bolt,2026-08-08,13:47:00,13:56:00,9.000000000000128,1950-027,1885-004,4.0,5.53,4.36,9.0,1.2789769243681803e-13
R2241,Bolt,Bolt,2026-08-08,14:02:00,14:20:00,17.999999999999936,1885-071,1500-096,14.7,6.99,7.71,18.0,6.394884621840902e-14
R2242,Bolt,Economy,2026-08-08,16:01:00,16:11:00,10.000000000000124,1350-021,1300-087,3.9,6.65,4.99,10.0,1.2434497875801753e-13
R2243,Bolt,Bolt,2026-08-08,17:34:00,17:48:00,14.00000000000011,1500-392,1070-065,7.3,5.41,4.51,14.0,1.1013412404281553e-13
R2244,Bolt,Bolt,2026-08-08,18:01:00,18:12:00,10.999999999999961,1350-330,1300-472,3.7,4.05,3.37,11.0,3.907985046680551e-14
R2245,Bolt,Economy,2026-08-08,18:20:00,18:34:00,14.00000000000011,1350-319,1495-087,6.8,6.99,5.24,14.0,1.1013412404281553e-13
R2246,Bolt,Bolt,2026-08-08,18:39:00,18:50:00,11.00000000000012,1400-200,1300-472,4.8,4.01,4.3,11.0,1.2079226507921703e-13
R2247,Bolt,Bolt,2026-08-08,19:30:00,19:52:00,22.00000000000008,1300-362,1990-083,14.2,9.99,8.41,22.0,8.171241461241152e-14
R2248,Bolt,Economy,2026-08-09,13:42:00,13:47:00,4.999999999999982,2625-139,2625-432,2.4,7.32,6.04,5.0,1.7763568394002505e-14
R2249,Bolt,Economy,2026-08-09,13:56:00,13:59:00,2.9999999999998295,2625-135,2625-168,1.0,4.3,3.54,3.0,1.7053025658242404e-13
R2250,Bolt,Bolt,2026-08-09,16:03:00,16:17:00,13.99999999999995,1300-464,2790-045,7.4,4.56,4.7,14.0,4.973799150320701e-14
R2251,Bolt,Economy,2026-08-09,16:17:00,16:27:00,9.999999999999964,2790-045,1400-289,5.5,5.51,4.13,10.0,3.552713678800501e-14
R2252,Bolt,Bolt,2026-08-09,16:53:00,17:00:00,7.000000000000135,2610-122,1400-350,4.6,4.05,3.37,7.0,1.3500311979441904e-13
R2253,Bolt,Bolt,2026-08-09,17:03:00,17:12:00,8.999999999999968,1400-209,1400-034,2.5,5.85,4.39,9.0,3.197442310920451e-14
R2254,Bolt,Bolt,2026-08-09,17:20:00,17:34:00,13.99999999999995,1400-145,1300-472,6.4,5.93,4.45,14.0,4.973799150320701e-14
R2255,Bolt,Economy,2026-08-09,17:34:00,17:44:00,10.000000000000124,1300-553,1400-034,4.8,5.51,4.13,10.0,1.2434497875801753e-13
R2256,Bolt,Bolt,2026-08-09,17:45:00,17:56:00,10.999999999999961,1400-071,2720-295,9.4,7.63,5.72,11.0,3.907985046680551e-14
R2257,Uber,Uber X,2026-08-09,13:18:00,13:29:00,10.999999999999961,2615-106,2625-214,5.89,4.95,3.71,11.0,3.907985046680551e-14
R2258,Uber,Uber X Priority,2026-08-09,13:49:00,13:52:00,3.000000000000149,2625-435,2625-116,1.33,4.98,3.74,3.0,1.4921397450962104e-13
R2259,Uber,Uber X,2026-08-09,13:53:00,14:11:00,18.000000000000096,2625-575,1990-233,14.78,8.95,7.62,18.0,9.592326932761353e-14
R2260,Uber,Uber X,2026-08-09,14:25:00,14:52:00,27.000000000000064,1800-039,1070-100,10.93,9.96,8.18,27.0,6.394884621840902e-14
R2261,Uber,Uber X,2026-08-09,14:56:00,15:12:00,15.999999999999943,1250-051,1300-469,6.48,6.93,4.5,16.0,5.684341886080802e-14
R2262,Uber,Uber X,2026-08-09,15:09:00,15:21:00,11.999999999999957,1400-206,1300-501,3.58,5.95,3.87,12.0,4.263256414560601e-14
R2263,Uber,Uber X,2026-08-09,15:26:00,15:30:00,3.999999999999986,1300-501,1300-049,1.47,4.96,3.3,4.0,1.4210854715202004e-14
R2264,Uber,Share,2026-08-09,16:23:00,16:37:00,13.99999999999995,1495-109,2610-264,8.58,5.06,4.91,14.0,4.973799150320701e-14
R2265,Uber,Uber X,2026-08-09,18:09:00,18:20:00,10.999999999999961,2610-036,1300-192,7.08,6.94,5.53,11.0,3.907985046680551e-14
R2266,Uber,Uber X,2026-08-09,18:32:00,18:37:00,4.999999999999982,1300-250,1300-360,1.59,4.95,3.38,5.0,1.7763568394002505e-14
R2267,Uber,Uber X,2026-08-09,18:58:00,19:12:00,13.99999999999995,1400-165,1500-230,8.55,5.93,5.38,14.0,4.973799150320701e-14
R2268,Uber,Uber X,2026-08-09,19:26:00,19:32:00,6.0000000000001386,1500-392,2700-310,3.32,4.93,3.9,6.0,1.3855583347321954e-13
R2269,Uber,Uber X,2026-08-09,19:55:00,20:12:00,16.99999999999994,2720-295,1800-237,12.92,8.95,6.55,17.0,6.039613253960852e-14
R2270,Uber,Uber X,2026-08-09,20:14:00,20:23:00,8.999999999999968,2685-331,1990-233,4.53,4.12,4.0,9.0,3.197442310920451e-14
R2271,Uber,Uber X,2026-08-09,20:36:00,20:55:00,18.999999999999932,1800-039,2625-244,16.95,9.96,7.35,19.0,6.750155989720952e-14
R2272,Uber,Uber X,2026-08-10,16:45:00,17:02:00,17.0000000000001,1500-458,1350-352,8.65,6.96,6.08,17.0,9.947598300641403e-14
R2273,Uber,Uber X Priority,2026-08-10,17:11:00,17:29:00,18.000000000000096,1400-038,1495-064,6.31,6.5,4.68,18.0,9.592326932761353e-14
R2274,Uber,Uber X Priority,2026-08-10,17:43:00,17:54:00,10.999999999999961,2795-181,1400-206,4.68,4.97,4.47,11.0,3.907985046680551e-14
R2275,Uber,Uber X Priority,2026-08-10,19:19:00,19:33:00,13.99999999999995,1495-207,1300-141,6.96,6.97,6.11,14.0,4.973799150320701e-14
R2276,Uber,Uber X,2026-08-10,19:42:00,19:58:00,15.999999999999943,1300-181,1050-052,7.68,5.95,5.11,16.0,5.684341886080802e-14
R2277,Uber,Uber X,2026-08-10,20:33:00,20:50:00,16.99999999999978,1990-094,2625-046,13.63,8.95,6.13,17.0,2.2026824808563106e-13
R2278,Bolt,Economy,2026-08-10,12:59:00,13:39:00,40.000000000000014,2625-112,1100-039,22.1,10.97,11.75,40.0,1.4210854715202004e-14
R2279,Bolt,Bolt,2026-08-10,13:40:00,13:57:00,16.99999999999994,1100-039,1070-230,3.9,7.05,5.94,17.0,6.039613253960852e-14
R2280,Bolt,Bolt,2026-08-10,14:02:00,14:17:00,14.999999999999947,1070-129,1400-175,8.0,6.93,6.02,15.0,5.3290705182007514e-14
R2281,Bolt,Economy,2026-08-10,14:29:00,14:44:00,14.999999999999947,1300-004,2720-222,9.0,5.97,4.48,15.0,5.3290705182007514e-14
R2282,Bolt,Economy,2026-08-10,14:49:00,14:54:00,4.999999999999982,2720-508,2610-195,2.5,4.59,5.4,5.0,1.7763568394002505e-14
R2283,Bolt,Economy,2026-08-10,14:58:00,15:12:00,13.99999999999995,2720-272,1400-034,9.5,6.51,4.88,14.0,4.973799150320701e-14
R2284,Bolt,Bolt,2026-08-10,15:14:00,15:25:00,10.999999999999961,1400-034,1300-474,4.5,4.9,3.67,11.0,3.907985046680551e-14
R2285,Bolt,Economy,2026-08-10,15:30:00,15:47:00,16.99999999999994,1300-474,2790-045,8.4,8.53,6.4,17.0,6.039613253960852e-14
R2286,Bolt,Bolt,2026-08-10,16:31:00,16:40:00,9.000000000000128,2610-122,1500-392,5.1,5.41,4.06,9.0,1.2789769243681803e-13
R2287,Bolt,Economy,2026-08-10,18:52:00,19:05:00,12.999999999999954,1300-152,1500-392,9.0,6.99,5.24,13.0,4.618527782440651e-14
R2288,Bolt,Economy,2026-08-10,19:07:00,19:22:00,14.999999999999947,1500-392,2795-005,10.0,8.3,6.84,15.0,5.3290705182007514e-14
R2289,Bolt,Economy,2026-08-10,20:18:00,20:35:00,16.99999999999994,1600-207,1800-399,7.3,5.31,3.98,17.0,6.039613253960852e-14
R2290,Bolt,Bolt,2026-08-11,15:57:00,16:05:00,7.999999999999972,1400-301,1070-103,5.6,5.7,4.5,8.0,2.842170943040401e-14
R2291,Bolt,Bolt,2026-08-11,16:38:00,16:47:00,9.000000000000128,1350-352,1400-034,4.0,5.63,4.22,9.0,1.2789769243681803e-13
R2292,Bolt,Economy,2026-08-11,16:50:00,17:14:00,24.000000000000075,1400-071,1800-208,17.2,13.53,11.17,24.0,7.460698725481052e-14
R2293,Bolt,Bolt,2026-08-11,18:42:00,18:51:00,9.000000000000128,1050-221,1700-162,3.2,5.6,5.71,9.0,1.2789769243681803e-13
R2294,Bolt,Bolt,2026-08-11,18:55:00,19:06:00,10.999999999999961,1750-018,1600-660,3.4,5.05,4.37,11.0,3.907985046680551e-14
R2295,Uber,Uber X,2026-08-11,13:12:00,13:26:00,14.00000000000011,2615-055,2625-162,6.45,5.56,5.41,14.0,1.1013412404281553e-13
R2296,Uber,Uber X,2026-08-11,13:48:00,14:18:00,29.999999999999893,2625-162,1169-045,17.84,10.94,8.75,30.0,1.0658141036401503e-13
R2297,Uber,Uber X,2026-08-11,14:25:00,14:51:00,26.000000000000068,1050-100,2775-788,19.95,13.65,8.99,26.0,6.750155989720952e-14
R2298,Uber,Uber X,2026-08-11,14:59:00,15:16:00,17.0000000000001,2780-146,1449-005,15.34,8.95,6.54,17.0,9.947598300641403e-14
R2299,Uber,Uber X,2026-08-11,16:04:00,16:19:00,15.000000000000107,1070-086,1200-715,4.33,5.99,4.21,15.0,1.0658141036401503e-13
R2300,Uber,Uber X,2026-08-11,17:48:00,18:10:00,22.00000000000008,1800-106,2790-134,15.23,9.93,7.54,22.0,8.171241461241152e-14
R2301,Uber,Uber X,2026-08-11,18:06:00,18:20:00,13.99999999999979,2790-011,1500-423,8.51,6.32,5.57,14.0,2.0961010704922955e-13
R2302,Uber,Uber X,2026-08-11,19:15:00,19:24:00,8.999999999999808,1600-531,1500-267,6.59,4.95,3.78,9.0,1.9184653865522705e-13
R2303,Uber,Uber X,2026-08-11,19:29:00,19:41:00,11.999999999999957,1500-613,1495-034,9.49,6.96,5.22,12.0,4.263256414560601e-14
R2304,Uber,Uber X,2026-08-13,13:11:00,13:17:00,5.999999999999979,2625-468,2625-265,3.36,3.96,3.67,6.0,2.1316282072803006e-14
R2305,Uber,Uber X,2026-08-13,13:36:00,13:59:00,22.99999999999992,2625-097,1050-160,19.66,11.95,9.15,23.0,8.171241461241152e-14
R2306,Uber,Share,2026-08-13,15:21:00,15:30:00,9.000000000000128,1649-014,1500-392,4.74,3.34,3.25,9.0,1.2789769243681803e-13
R2307,Uber,Uber X,2026-08-13,16:04:00,16:15:00,11.00000000000012,1500-392,2790-045,6.38,5.99,4.07,11.0,1.2079226507921703e-13
R2308,Uber,Uber X,2026-08-13,16:14:00,16:25:00,10.999999999999961,2790-045,1300-096,7.54,4.93,4.24,11.0,3.907985046680551e-14
R2309,Uber,Uber X,2026-08-13,16:28:00,16:41:00,13.000000000000114,1300-314,1069-413,6.14,8.94,5.81,13.0,1.1368683772161603e-13
R2310,Uber,Uber X,2026-08-13,17:53:00,18:03:00,9.999999999999964,1250-252,1350-352,2.98,3.94,3.8,10.0,3.552713678800501e-14
R2311,Uber,Uber X,2026-08-13,18:10:00,18:14:00,3.999999999999986,1300-352,1300-100,1.6,4.95,3.3,4.0,1.4210854715202004e-14
R2312,Uber,Uber X Priority,2026-08-13,18:20:00,18:30:00,10.000000000000124,1300-598,1400-061,7.23,7.97,5.33,10.0,1.2434497875801753e-13
R2313,Uber,Uber X Priority,2026-08-13,18:59:00,19:11:00,11.999999999999957,2610-031,1600-891,7.02,5.99,4.99,12.0,4.263256414560601e-14
R2314,Uber,Uber X,2026-08-13,19:15:00,19:30:00,14.999999999999947,1600-660,1350-353,8.72,7.96,5.99,15.0,5.3290705182007514e-14
R2315,Uber,Uber X,2026-08-13,19:46:00,19:57:00,10.999999999999961,1300-284,1070-294,5.34,4.95,4.66,11.0,3.907985046680551e-14
R2316,Uber,Uber X Priority,2026-08-13,20:01:00,20:08:00,7.000000000000135,1070-030,1000-073,2.78,4.99,3.67,7.0,1.3500311979441904e-13
R2317,Bolt,Economy,2026-08-13,14:10:00,14:21:00,10.999999999999961,1000-091,1350-033,3.8,5.99,5.11,11.0,3.907985046680551e-14
R2318,Bolt,Bolt,2026-08-13,14:22:00,14:38:00,15.999999999999943,1350-097,2700-356,10.7,8.63,7.99,16.0,5.684341886080802e-14
R2319,Bolt,Economy,2026-08-13,15:06:00,15:19:00,12.999999999999954,2720-698,1649-028,7.2,5.66,4.66,13.0,4.618527782440651e-14
R2320,Bolt,Economy,2026-08-13,16:53:00,17:07:00,14.00000000000011,1050-111,1500-392,6.3,5.93,4.45,14.0,1.1013412404281553e-13
R2321,Bolt,Bolt,2026-08-13,17:38:00,17:53:00,15.000000000000107,1500-911,1350-324,8.6,8.31,6.48,15.0,1.0658141036401503e-13
R2322,Bolt,Economy,2026-08-13,20:27:00,20:46:00,18.999999999999932,1050-189,2625-266,17.5,9.93,8.2,19.0,6.750155989720952e-14
R2323,Bolt,Economy,2026-08-14,13:57:00,14:22:00,25.00000000000007,1990-094,1300-501,15.5,8.93,8.43,25.0,7.105427357601002e-14
R2324,Bolt,Bolt,2026-08-14,14:24:00,14:39:00,15.000000000000107,1300-501,1400-034,5.1,5.92,4.44,15.0,1.0658141036401503e-13
R2325,Bolt,Bolt,2026-08-14,14:52:00,15:10:00,17.999999999999936,1300-571,1050-047,9.3,12.5,9.87,18.0,6.394884621840902e-14
R2326,Bolt,Economy,2026-08-14,15:21:00,15:42:00,21.000000000000085,1070-128,1700-008,8.5,11.13,8.35,21.0,8.526512829121202e-14
R2327,Bolt,Bolt,2026-08-14,15:42:00,15:52:00,9.999999999999964,1700-008,2685-223,4.0,6.08,5.57,10.0,3.552713678800501e-14
R2328,Bolt,Economy,2026-08-14,16:12:00,16:30:00,18.000000000000096,1800-006,1500-435,11.1,8.9,6.67,18.0,9.592326932761353e-14
R2329,Bolt,Bolt,2026-08-14,17:13:00,17:34:00,21.000000000000085,2795-183,1350-352,9.2,5.97,5.59,21.0,8.526512829121202e-14
R2330,Bolt,Bolt,2026-08-14,17:37:00,17:49:00,11.999999999999957,1300-052,1500-024,7.4,6.6,5.21,12.0,4.263256414560601e-14
R2331,Bolt,Economy,2026-08-14,18:49:00,19:14:00,25.00000000000007,1300-366,2780-417,12.7,9.99,7.49,25.0,7.105427357601002e-14
R2332,Bolt,Economy,2026-08-14,19:21:00,19:55:00,34.00000000000004,2780-253,1500-039,18.8,12.4,9.3,34.0,4.263256414560601e-14
R2333,Bolt,Economy,2026-08-14,20:00:00,20:11:00,10.999999999999961,1500-392,1050-124,5.0,5.0,3.75,11.0,3.907985046680551e-14
R2334,Uber,Uber X,2026-08-14,13:11:00,13:24:00,12.999999999999954,2625-265,1900-233,8.73,7.43,7.15,13.0,4.618527782440651e-14
R2335,Uber,Uber X,2026-08-14,14:39:00,14:48:00,8.999999999999968,1400-256,1300-085,3.45,5.96,3.87,9.0,3.197442310920451e-14
R2336,Uber,Uber X Priority,2026-08-14,16:28:00,16:42:00,14.00000000000011,1500-851,1495-718,8.98,8.98,5.98,14.0,1.1013412404281553e-13
R2337,Uber,Uber X,2026-08-14,17:59:00,18:18:00,19.000000000000092,1500-392,1300-360,8.56,8.95,7.34,19.0,9.237055564881302e-14
R2338,Uber,Uber X,2026-08-14,20:13:00,20:42:00,29.000000000000057,1000-049,2615-115,22.11,14.95,9.72,29.0,5.684341886080802e-14
R2339,Uber,Uber X,2026-08-15,12:56:00,13:02:00,5.999999999999979,2615-170,2625-454,3.51,3.95,3.43,6.0,2.1316282072803006e-14
R2340,Uber,Uber X,2026-08-15,13:11:00,13:30:00,18.999999999999932,2625-649,1900-233,17.67,10.33,10.03,19.0,6.750155989720952e-14
R2341,Uber,Uber X,2026-08-15,14:28:00,14:50:00,22.00000000000008,1990-095,1070-216,13.36,9.94,6.98,22.0,8.171241461241152e-14
R2342,Uber,Uber X,2026-08-15,14:52:00,15:06:00,13.99999999999995,1250-071,2790-206,10.3,6.96,4.52,14.0,4.973799150320701e-14
R2343,Uber,Uber X,2026-08-15,15:16:00,15:23:00,6.999999999999815,1495-152,1400-101,3.75,3.96,3.44,7.0,1.8474111129762605e-13
R2344,Uber,Uber X,2026-08-15,17:04:00,17:08:00,3.999999999999986,1400-101,1300-085,1.67,4.95,3.38,4.0,1.4210854715202004e-14
R2345,Uber,Uber X,2026-08-15,18:30:00,18:46:00,15.999999999999943,2795-165,1600-683,12.59,9.95,6.47,16.0,5.684341886080802e-14
R2346,Uber,Uber X,2026-08-15,18:50:00,19:08:00,17.999999999999936,1750-217,2615-107,20.03,11.96,9.12,18.0,6.394884621840902e-14
R2347,Bolt,Economy,2026-08-15,13:43:00,14:05:00,22.00000000000008,1990-125,1070-010,13.2,10.68,8.01,22.0,8.171241461241152e-14
R2348,Bolt,Bolt,2026-08-15,14:09:00,14:19:00,9.999999999999964,1070-101,1500-039,6.7,5.99,4.99,10.0,3.552713678800501e-14
R2349,Bolt,Economy,2026-08-15,14:23:00,14:36:00,12.999999999999954,1500-580,1990-083,7.9,6.92,5.19,13.0,4.618527782440651e-14
R2350,Bolt,Bolt,2026-08-15,16:01:00,16:19:00,18.000000000000096,1400-034,1300-314,5.7,6.96,5.22,18.0,9.592326932761353e-14
R2351,Bolt,Economy,2026-08-15,16:22:00,16:38:00,15.999999999999943,1300-472,2700-014,10.4,8.97,6.73,16.0,5.684341886080802e-14
R2352,Bolt,Economy,2026-08-15,16:43:00,17:03:00,20.00000000000009,2700-421,1495-043,9.8,7.93,5.95,20.0,8.881784197001252e-14
R2353,Bolt,Bolt,2026-08-15,17:15:00,17:19:00,3.999999999999986,1300-300,1300-163,2.2,4.62,3.46,4.0,1.4210854715202004e-14
R2354,Bolt,Economy,2026-08-15,17:27:00,17:40:00,13.000000000000114,1300-547,1400-035,5.0,5.38,4.03,13.0,1.1368683772161603e-13
R2355,Bolt,Economy,2026-08-15,17:42:00,18:13:00,31.00000000000005,1300-000,1800-097,15.6,12.56,9.42,31.0,4.973799150320701e-14
R2356,Bolt,Economy,2026-08-15,18:14:00,18:32:00,17.999999999999936,1800-009,2795-088,16.5,9.98,7.48,18.0,6.394884621840902e-14
R2357,Bolt,Economy,2026-08-16,13:08:00,13:16:00,8.000000000000131,2675-533,1500-039,5.3,5.72,4.29,8.0,1.3145040611561853e-13
R2358,Bolt,Economy,2026-08-16,13:26:00,13:40:00,13.99999999999995,1600-764,1350-322,8.0,6.92,5.19,14.0,4.973799150320701e-14
R2359,Bolt,Economy,2026-08-16,13:43:00,14:05:00,22.00000000000008,1350-252,1700-008,12.5,11.9,8.92,22.0,8.171241461241152e-14
R2360,Bolt,Bolt,2026-08-16,14:06:00,14:21:00,14.999999999999947,1700-008,1500-204,7.3,5.84,5.41,15.0,5.3290705182007514e-14
R2361,Bolt,Bolt,2026-08-16,16:39:00,16:53:00,13.99999999999995,1050-016,1300-546,7.1,6.53,4.9,14.0,4.973799150320701e-14
R2362,Bolt,Economy,2026-08-16,17:06:00,17:16:00,9.999999999999964,1300-038,2799-559,7.6,5.97,4.48,10.0,3.552713678800501e-14
R2363,Bolt,Economy,2026-08-16,19:03:00,19:11:00,7.999999999999972,1300-372,1070-268,4.1,6.31,4.73,8.0,2.842170943040401e-14
R2364,Bolt,Bolt,2026-08-16,19:15:00,19:28:00,12.999999999999794,1070-026,1400-353,6.6,4.99,4.68,13.0,2.0605739337042905e-13
R2365,Bolt,Bolt,2026-08-16,19:31:00,19:47:00,16.000000000000103,1400-091,1600-404,9.9,7.9,5.92,16.0,1.0302869668521453e-13
R2366,Uber,Uber X,2026-08-16,12:24:00,12:44:00,19.99999999999993,2625-435,2675-466,23.57,11.41,9.45,20.0,7.105427357601002e-14
R2367,Uber,Uber X,2026-08-16,14:21:00,14:35:00,14.00000000000011,1500-392,1300-314,9.78,8.95,5.82,14.0,1.1013412404281553e-13
R2368,Uber,Uber X,2026-08-16,14:46:00,15:02:00,15.999999999999943,1300-314,2685-378,13.66,11.95,7.77,16.0,5.684341886080802e-14
R2369,Uber,Uber X,2026-08-16,15:18:00,15:38:00,19.99999999999993,1800-070,1495-050,15.59,10.95,7.54,20.0,7.105427357601002e-14
R2370,Uber,Uber X,2026-08-16,16:04:00,16:13:00,8.999999999999968,2610-102,1300-598,5.27,4.94,4.75,9.0,3.197442310920451e-14
R2371,Uber,Uber X Priority,2026-08-16,16:20:00,16:33:00,13.000000000000114,1300-082,1069-413,7.85,8.99,5.84,13.0,1.1368683772161603e-13
R2372,Uber,Uber X Priority,2026-08-16,16:54:00,17:00:00,6.0000000000001386,1300-314,1400-171,2.13,8.99,5.84,6.0,1.3855583347321954e-13
R2373,Uber,Uber X,2026-08-16,17:16:00,17:37:00,21.000000000000085,1495-002,1800-399,16.95,10.95,8.09,21.0,8.526512829121202e-14
R2374,Uber,Uber X,2026-08-16,17:39:00,18:04:00,25.00000000000007,1800-399,1350-355,14.44,11.94,7.81,25.0,7.105427357601002e-14
R2375,Uber,Uber X,2026-08-16,19:56:00,20:18:00,21.999999999999922,1700-087,2625-658,18.93,13.2,8.48,22.0,7.815970093361102e-14
R2376,Uber,Uber X Priority,2026-08-17,14:38:00,14:48:00,10.000000000000124,1600-760,1600-548,4.91,7.99,5.19,10.0,1.2434497875801753e-13
R2377,Uber,Uber X Priority,2026-08-17,16:32:00,16:40:00,7.999999999999972,2720-211,1500-064,5.41,5.98,3.89,8.0,2.842170943040401e-14
R2378,Uber,Uber X,2026-08-17,17:16:00,17:25:00,9.000000000000128,1070-111,1300-343,5.47,4.93,4.4,9.0,1.2789769243681803e-13
R2379,Uber,Uber X Priority,2026-08-17,17:32:00,17:55:00,22.99999999999992,1300-093,1700-008,13.56,10.99,10.56,23.0,8.171241461241152e-14
R2380,Uber,Uber X Priority,2026-08-17,18:37:00,18:50:00,12.999999999999954,1800-399,1600-792,11.91,11.96,7.77,13.0,4.618527782440651e-14
R2381,Uber,Uber X,2026-08-17,19:01:00,19:19:00,18.000000000000096,1600-662,1300-001,9.78,7.94,5.51,18.0,9.592326932761353e-14
R2382,Uber,Uber X,2026-08-17,20:04:00,20:20:00,15.999999999999943,2790-045,1800-245,12.76,7.2,6.99,16.0,5.684341886080802e-14
R2383,Bolt,Economy,2026-08-17,13:09:00,13:29:00,19.99999999999993,2625-214,1600-300,19.8,12.1,9.01,20.0,7.105427357601002e-14
R2384,Bolt,Economy,2026-08-17,13:38:00,14:00:00,22.00000000000008,1070-242,1998-028,12.1,11.52,9.5,22.0,8.171241461241152e-14
R2385,Bolt,Economy,2026-08-17,14:03:00,14:25:00,21.999999999999922,1800-399,1300-133,15.0,11.42,9.06,22.0,7.815970093361102e-14
R2386,Bolt,Bolt,2026-08-17,14:26:00,14:40:00,13.99999999999995,1300-494,1495-094,8.1,4.99,6.53,14.0,4.973799150320701e-14
R2387,Bolt,Economy,2026-08-17,15:19:00,15:29:00,9.999999999999964,1500-348,1495-043,9.0,5.42,5.08,10.0,3.552713678800501e-14
R2388,Bolt,Economy,2026-08-17,15:31:00,15:45:00,13.99999999999995,1495-043,1600-197,11.5,8.92,6.69,14.0,4.973799150320701e-14
R2389,Bolt,Bolt,2026-08-17,15:45:00,15:59:00,13.99999999999995,1600-198,2720-052,7.9,5.63,5.28,14.0,4.973799150320701e-14
R2390,Bolt,Bolt,2026-08-17,16:58:00,17:14:00,16.000000000000103,1500-595,1250-090,11.2,7.72,6.1,16.0,1.0302869668521453e-13
R2391,Bolt,Bolt,2026-08-17,19:29:00,19:39:00,9.999999999999964,1300-501,1400-034,5.1,5.93,4.45,10.0,3.552713678800501e-14
R2392,Bolt,Bolt,2026-08-17,19:41:00,19:50:00,8.999999999999968,1400-034,1300-300,3.4,5.04,3.78,9.0,3.197442310920451e-14
R2393,Bolt,Bolt,2026-08-17,19:56:00,20:06:00,9.999999999999964,1300-344,1400-034,4.5,4.92,3.69,10.0,3.552713678800501e-14
R2394,Bolt,Bolt,2026-08-17,20:06:00,20:12:00,5.999999999999979,1400-034,1495-043,1.9,4.55,3.87,6.0,2.1316282072803006e-14
R2395,Bolt,Economy,2026-08-17,21:00:00,21:20:00,19.99999999999993,1800-399,2625-395,13.7,9.99,7.49,20.0,7.105427357601002e-14
R2396,Bolt,Economy,2026-08-21,13:51:00,14:13:00,22.00000000000008,1600-171,1495-682,12.5,10.41,7.81,22.0,8.171241461241152e-14
R2397,Bolt,Bolt,2026-08-21,14:29:00,14:45:00,16.000000000000103,1495-098,2770-113,8.0,6.4,6.0,16.0,1.0302869668521453e-13
R2398,Bolt,Economy,2026-08-21,16:06:00,16:25:00,18.999999999999932,1300-300,1600-581,10.5,9.98,7.48,19.0,6.750155989720952e-14
R2399,Bolt,Bolt,2026-08-21,17:33:00,17:42:00,8.999999999999808,1070-165,2790-045,5.5,5.23,4.59,9.0,1.9184653865522705e-13
R2400,Bolt,Economy,2026-08-21,19:29:00,19:36:00,7.000000000000135,2685-185,1998-010,3.7,4.98,4.1,7.0,1.3500311979441904e-13
R2401,Uber,Uber X,2026-08-21,12:47:00,13:11:00,24.000000000000075,2615-042,1700-008,18.84,11.94,8.56,24.0,7.460698725481052e-14
R2402,Uber,Uber X Priority,2026-08-21,13:24:00,13:39:00,14.999999999999947,1700-253,1070-238,4.81,5.41,4.33,15.0,5.3290705182007514e-14
R2403,Uber,Uber X,2026-08-21,14:49:00,15:03:00,13.99999999999995,1495-708,1600-160,12.74,8.94,7.77,14.0,4.973799150320701e-14
R2404,Uber,Uber X,2026-08-21,15:16:00,15:29:00,12.999999999999794,1500-198,1300-344,7.63,6.96,5.27,13.0,2.0605739337042905e-13
R2405,Uber,Uber X,2026-08-21,16:26:00,16:44:00,18.000000000000096,1600-530,1300-102,11.25,7.96,5.18,18.0,9.592326932761353e-14
R2406,Uber,Uber X,2026-08-21,16:42:00,16:57:00,14.999999999999947,1300-192,1500-392,8.68,9.96,6.47,15.0,5.3290705182007514e-14
R2407,Uber,Uber X,2026-08-21,17:10:00,17:23:00,12.999999999999954,1500-650,1070-283,6.57,5.95,4.3,13.0,4.618527782440651e-14
R2408,Uber,Uber X Priority,2026-08-21,17:50:00,18:13:00,23.000000000000078,2790-046,1990-503,19.61,16.97,11.03,23.0,7.815970093361102e-14
R2409,Uber,Uber X,2026-08-21,18:52:00,18:57:00,4.999999999999982,1990-371,1990-079,2.04,4.94,3.3,5.0,1.7763568394002505e-14
R2410,Uber,Uber X Priority,2026-08-21,18:59:00,19:12:00,12.999999999999794,1990-079,1700-088,3.35,5.97,4.46,13.0,2.0605739337042905e-13
R2411,Uber,Uber X,2026-08-21,19:38:00,20:01:00,22.99999999999992,1990-079,1070-141,10.77,6.98,6.77,23.0,8.171241461241152e-14
R2412,Uber,Uber X Priority,2026-08-21,20:07:00,20:13:00,5.999999999999819,1070-221,1070-238,2.28,5.98,4.29,6.0,1.8118839761882555e-13
R2413,Uber,Uber X,2026-08-21,20:31:00,20:47:00,16.000000000000103,1500-245,1990-077,10.08,7.94,6.48,16.0,1.0302869668521453e-13
R2414,Uber,Uber X,2026-08-22,12:56:00,13:14:00,17.999999999999936,2615-043,1990-204,18.54,10.95,8.02,18.0,6.394884621840902e-14
R2415,Uber,Uber X,2026-08-22,13:22:00,13:44:00,21.999999999999922,1990-204,1300-247,14.93,10.93,7.2,22.0,7.815970093361102e-14
R2416,Uber,Uber X Priority,2026-08-22,14:41:00,14:52:00,10.999999999999961,1300-383,1500-423,6.13,6.98,5.0,11.0,3.907985046680551e-14
R2417,Uber,Share,2026-08-22,15:08:00,15:19:00,10.999999999999961,1600-140,1300-299,6.04,4.8,4.68,11.0,3.907985046680551e-14
R2418,Uber,Uber X,2026-08-22,15:59:00,16:12:00,12.999999999999954,1050-020,1400-296,9.21,7.95,5.17,13.0,4.618527782440651e-14
R2419,Uber,Uber X,2026-08-22,16:12:00,16:25:00,13.000000000000114,1400-157,1600-616,10.53,7.27,5.75,13.0,1.1368683772161603e-13
R2420,Uber,Uber X,2026-08-22,17:39:00,18:18:00,39.000000000000185,2775-604,1600-673,21.65,13.37,9.58,39.0,1.8474111129762605e-13
R2421,Uber,Uber X,2026-08-22,18:25:00,18:37:00,11.999999999999957,1500-392,1400-077,8.73,7.94,5.4,12.0,4.263256414560601e-14
R2422,Uber,Uber X,2026-08-22,19:14:00,19:27:00,12.999999999999954,1400-350,1500-392,7.83,6.93,4.5,13.0,4.618527782440651e-14
R2423,Uber,Uber X,2026-08-22,19:33:00,19:49:00,15.999999999999943,1500-392,2685-146,10.88,8.94,5.81,16.0,5.684341886080802e-14
R2424,Uber,Share,2026-08-22,19:43:00,19:58:00,14.999999999999947,2685-112,2625-152,11.13,7.15,6.94,15.0,5.3290705182007514e-14
R2425,Bolt,Economy,2026-08-22,13:57:00,14:11:00,14.00000000000011,1300-344,1050-016,6.7,5.83,4.37,14.0,1.1013412404281553e-13
R2426,Bolt,Economy,2026-08-22,14:17:00,14:23:00,5.999999999999979,1070-299,1070-100,0.3,5.0,4.0,6.0,2.1316282072803006e-14
R2427,Bolt,Bolt,2026-08-22,14:25:00,14:34:00,8.999999999999968,1099-032,1300-286,5.1,5.51,4.59,9.0,3.197442310920451e-14
R2428,Bolt,Bolt,2026-08-22,15:46:00,15:58:00,11.999999999999957,1300-286,1071-811,5.9,5.99,4.49,12.0,4.263256414560601e-14
R2429,Bolt,Bolt,2026-08-22,16:48:00,16:55:00,6.999999999999975,1600-501,1500-501,3.6,4.62,3.46,7.0,2.4868995751603507e-14
R2430,Bolt,Bolt,2026-08-22,17:02:00,17:11:00,8.999999999999968,1500-278,1700-008,5.4,5.7,4.5,9.0,3.197442310920451e-14
R2431,Bolt,Bolt,2026-08-22,17:15:00,17:49:00,34.00000000000004,1700-008,2780-181,24.5,14.5,14.61,34.0,4.263256414560601e-14
R2432,Bolt,Bolt,2026-08-23,13:25:00,13:54:00,29.000000000000057,2625-396,2620-197,25.5,13.4,14.35,29.0,5.684341886080802e-14
R2433,Bolt,Economy,2026-08-23,14:08:00,14:28:00,19.99999999999993,2670-502,1800-142,15.8,9.91,7.43,20.0,7.105427357601002e-14
R2434,Bolt,Bolt,2026-08-23,16:30:00,16:45:00,14.999999999999947,1099-033,1350-075,3.8,4.62,3.46,15.0,5.3290705182007514e-14
R2435,Bolt,Economy,2026-08-23,16:51:00,17:04:00,12.999999999999954,1350-101,1500-338,7.5,5.66,4.66,13.0,4.618527782440651e-14
R2436,Bolt,Bolt,2026-08-23,17:56:00,18:11:00,14.999999999999947,1000-100,1700-008,5.8,6.99,5.24,15.0,5.3290705182007514e-14
R2437,Bolt,Economy,2026-08-23,18:16:00,18:36:00,20.00000000000009,2685-374,1050-208,8.6,7.62,5.71,20.0,8.881784197001252e-14
R2438,Bolt,Economy,2026-08-23,18:37:00,18:53:00,15.999999999999943,1050-208,1500-392,9.3,4.7,5.87,16.0,5.684341886080802e-14
R2439,Uber,Uber X Priority,2026-08-23,14:28:00,14:33:00,5.000000000000142,1990-079,1990-069,1.55,6.36,4.12,5.0,1.4210854715202004e-13
R2440,Uber,Uber X,2026-08-23,14:40:00,14:52:00,12.000000000000117,1990-069,1750-062,9.41,6.93,5.23,12.0,1.1723955140041653e-13
R2441,Uber,Uber X,2026-08-23,15:05:00,15:22:00,17.0000000000001,1600-038,1990-173,10.64,6.94,6.08,17.0,9.947598300641403e-14
R2442,Uber,Uber X,2026-08-23,16:07:00,16:21:00,13.99999999999995,2685-340,1500-561,10.84,7.94,5.49,14.0,4.973799150320701e-14
R2443,Uber,Uber X,2026-08-23,17:08:00,17:20:00,11.999999999999957,2610-041,1400-206,6.52,5.94,5.09,12.0,4.263256414560601e-14
R2444,Uber,Uber X,2026-08-23,17:24:00,17:37:00,13.000000000000114,1300-338,1050-010,7.96,7.94,5.72,13.0,1.1368683772161603e-13
R2445,Uber,Uber X,2026-08-23,19:31:00,19:44:00,13.000000000000114,1500-392,1350-199,8.26,7.12,4.88,13.0,1.1368683772161603e-13
R2446,Uber,Uber X,2026-08-24,14:46:00,15:00:00,13.99999999999995,1990-108,1500-475,10.68,7.95,5.41,14.0,4.973799150320701e-14
R2447,Uber,Uber X,2026-08-24,15:04:00,15:14:00,9.999999999999964,1500-118,1070-048,6.72,5.0,4.37,10.0,3.552713678800501e-14
R2448,Uber,Uber X,2026-08-24,18:57:00,19:15:00,18.000000000000096,1600-128,2790-478,12.37,8.96,5.82,18.0,9.592326932761353e-14
R2449,Uber,Uber X,2026-08-24,19:17:00,19:28:00,10.999999999999801,2790-134,1500-423,8.36,6.95,4.76,11.0,1.9895196601282805e-13
R2450,Uber,Uber X,2026-08-24,19:55:00,20:07:00,11.999999999999957,1050-010,1950-074,7.7,5.96,4.49,12.0,4.263256414560601e-14
R2451,Bolt,Bolt,2026-08-24,13:15:00,13:39:00,23.999999999999915,2625-187,1600-760,19.8,13.99,11.16,24.0,8.526512829121202e-14
R2452,Bolt,Bolt,2026-08-24,14:26:00,14:47:00,21.000000000000085,1600-567,1998-028,13.2,8.97,6.73,21.0,8.526512829121202e-14
R2453,Bolt,Bolt,2026-08-24,15:36:00,15:50:00,13.99999999999995,1070-169,1495-019,8.7,6.99,5.24,14.0,4.973799150320701e-14
R2454,Bolt,Economy,2026-08-24,15:53:00,16:05:00,11.999999999999957,1495-159,1500-392,9.1,6.62,4.96,12.0,4.263256414560601e-14
R2455,Bolt,Economy,2026-08-24,16:08:00,16:20:00,11.999999999999957,1500-392,1050-000,4.8,5.43,4.07,12.0,4.263256414560601e-14
R2456,Bolt,Bolt,2026-08-24,16:20:00,16:34:00,14.00000000000011,1070-295,1300-366,7.1,4.27,5.08,14.0,1.1013412404281553e-13
R2457,Bolt,Bolt,2026-08-24,16:39:00,16:54:00,14.999999999999947,1300-366,1700-098,9.5,7.51,6.33,15.0,5.3290705182007514e-14
R2458,Bolt,Bolt,2026-08-24,17:06:00,17:22:00,15.999999999999943,1600-677,1495-148,10.8,7.32,6.86,16.0,5.684341886080802e-14
R2459,Bolt,Economy,2026-08-24,17:27:00,17:38:00,10.999999999999961,1495-057,2610-284,7.1,8.9,6.67,11.0,3.907985046680551e-14
R2460,Bolt,Bolt,2026-08-24,18:10:00,18:32:00,21.999999999999922,2720-415,1500-392,7.2,6.33,5.93,22.0,7.815970093361102e-14
R2461,Bolt,Bolt,2026-08-24,18:35:00,18:43:00,7.999999999999972,1500-392,1600-064,3.8,5.52,4.14,8.0,2.842170943040401e-14
R2462,Bolt,Economy,2026-08-24,20:29:00,20:46:00,16.99999999999978,1800-399,2625-207,12.8,7.98,5.98,17.0,2.2026824808563106e-13
R2463,Bolt,Economy,2026-08-25,13:01:00,13:14:00,12.999999999999794,2615-141,2625-215,6.2,5.6,4.2,13.0,2.0605739337042905e-13
R2464,Bolt,Economy,2026-08-25,13:20:00,13:38:00,17.999999999999936,2625-266,1800-919,11.4,5.57,6.97,18.0,6.394884621840902e-14
R2465,Bolt,Bolt,2026-08-25,13:39:00,13:59:00,19.99999999999993,1800-233,1600-042,11.0,4.5,5.62,20.0,7.105427357601002e-14
R2466,Bolt,Bolt,2026-08-25,14:03:00,14:11:00,7.999999999999972,1649-035,1600-135,2.8,4.28,3.37,8.0,2.842170943040401e-14
R2467,Bolt,Bolt,2026-08-25,14:14:00,14:31:00,17.0000000000001,1070-210,1300-521,8.3,4.04,5.05,17.0,9.947598300641403e-14
R2468,Bolt,Economy,2026-08-25,14:44:00,15:00:00,16.000000000000103,1300-171,2700-336,10.0,6.92,5.19,16.0,1.0302869668521453e-13
R2469,Bolt,Economy,2026-08-25,16:21:00,16:36:00,15.000000000000107,1750-434,1050-016,6.0,7.97,6.48,15.0,1.0658141036401503e-13
R2470,Bolt,Bolt,2026-08-25,17:10:00,17:20:00,9.999999999999964,1070-167,1549-019,3.5,4.4,3.47,10.0,3.552713678800501e-14
R2471,Bolt,Economy,2026-08-25,17:45:00,17:59:00,13.99999999999995,1050-016,2790-045,7.6,7.57,5.68,14.0,4.973799150320701e-14
R2472,Bolt,Economy,2026-08-25,18:27:00,18:46:00,19.000000000000092,1400-090,1649-021,10.6,8.26,6.19,19.0,9.237055564881302e-14
R2473,Bolt,Bolt,2026-08-25,19:11:00,19:25:00,13.99999999999995,1600-079,2700-156,6.8,6.2,4.65,14.0,4.973799150320701e-14
R2474,Bolt,Economy,2026-08-25,19:30:00,19:50:00,19.99999999999993,2650-324,1700-008,8.4,6.97,5.23,20.0,7.105427357601002e-14
R2475,Bolt,Bolt,2026-08-25,19:50:00,20:02:00,12.000000000000117,1700-008,1990-603,4.4,6.69,5.57,12.0,1.1723955140041653e-13
R2476,Bolt,Bolt,2026-08-25,20:43:00,20:57:00,14.00000000000011,1990-094,2690-355,11.7,6.61,5.51,14.0,1.1013412404281553e-13
R2477,Uber,Uber X,2026-08-25,15:23:00,15:34:00,11.00000000000012,2700-336,1500-279,8.18,5.94,5.06,11.0,1.2079226507921703e-13
R2478,Uber,Uber X Priority,2026-08-25,16:00:00,16:07:00,7.000000000000135,1600-209,1750-413,6.63,5.98,4.44,7.0,1.3500311979441904e-13
R2479,Uber,Uber X Priority,2026-08-25,16:35:00,16:57:00,21.999999999999922,1070-158,1099-089,5.25,7.73,4.43,22.0,7.815970093361102e-14
R2480,Uber,Uber X,2026-08-25,17:22:00,17:34:00,11.999999999999957,1500-420,1069-413,5.5,4.95,3.67,12.0,4.263256414560601e-14
R2481,Uber,Uber X,2026-08-25,18:02:00,18:17:00,14.999999999999947,2790-095,1300-082,7.02,5.95,4.56,15.0,5.3290705182007514e-14
R2482,Uber,Uber X,2026-08-27,12:44:00,13:04:00,19.99999999999993,2625-709,2674-514,15.42,9.96,7.9,20.0,7.105427357601002e-14
R2483,Uber,Uber X,2026-08-27,13:13:00,13:29:00,15.999999999999943,2660-445,1000-303,11.42,6.94,6.35,16.0,5.684341886080802e-14
R2484,Uber,Uber X,2026-08-27,13:55:00,14:07:00,12.000000000000117,1000-261,1300-501,6.91,5.95,3.87,12.0,1.1723955140041653e-13
R2485,Uber,Uber X,2026-08-27,14:32:00,14:51:00,19.000000000000092,1200-056,1500-554,7.84,6.95,4.52,19.0,9.237055564881302e-14
R2486,Uber,Uber X,2026-08-27,16:14:00,16:31:00,16.99999999999994,2675-626,1500-423,8.61,7.96,5.43,17.0,6.039613253960852e-14
R2487,Uber,Uber X,2026-08-27,16:56:00,17:08:00,11.999999999999957,1600-137,1250-040,3.59,4.88,4.27,12.0,4.263256414560601e-14
R2488,Uber,Uber X,2026-08-27,17:19:00,17:32:00,13.000000000000114,1070-110,1500-475,6.16,5.94,4.22,13.0,1.1368683772161603e-13
R2489,Uber,Uber X,2026-08-27,17:40:00,17:51:00,10.999999999999961,1500-332,2720-111,5.66,4.94,4.03,11.0,3.907985046680551e-14
R2490,Uber,Uber X Priority,2026-08-27,18:03:00,18:13:00,9.999999999999964,1070-166,1500-551,3.61,4.99,4.04,10.0,3.552713678800501e-14
R2491,Uber,Uber X,2026-08-27,18:35:00,18:51:00,16.000000000000263,1500-055,1350-323,10.53,7.95,5.75,16.0,2.6290081223123707e-13
R2492,Bolt,Bolt,2026-08-27,14:15:00,14:30:00,14.999999999999947,1300-501,1250-173,4.1,5.8,4.35,15.0,5.3290705182007514e-14
R2493,Bolt,Bolt,2026-08-27,15:16:00,15:24:00,7.999999999999972,1500-554,1070-026,3.8,4.62,3.46,8.0,2.842170943040401e-14
R2494,Bolt,Bolt,2026-08-27,15:27:00,15:42:00,15.000000000000107,1070-101,1675-226,14.2,8.98,7.4,15.0,1.0658141036401503e-13
R2495,Bolt,Economy,2026-08-27,19:08:00,19:24:00,15.999999999999943,1250-087,1400-262,6.9,6.2,5.12,16.0,5.684341886080802e-14
R2496,Bolt,Economy,2026-08-28,17:40:00,17:56:00,15.999999999999943,1070-008,1600-686,7.9,7.07,5.92,16.0,5.684341886080802e-14
R2497,Bolt,Bolt,2026-08-28,18:00:00,18:16:00,15.999999999999943,1750-313,1600-059,3.9,5.1,4.25,16.0,5.684341886080802e-14
R2498,Bolt,Bolt,2026-08-28,19:07:00,19:20:00,12.999999999999794,2790-302,1400-206,8.1,6.58,6.03,13.0,2.0605739337042905e-13
R2499,Uber,Uber X,2026-08-28,13:21:00,13:41:00,19.99999999999993,2625-260,1000-010,17.58,12.96,9.17,20.0,7.105427357601002e-14
R2500,Uber,Uber X,2026-08-28,13:47:00,14:01:00,14.00000000000011,1000-018,1500-392,6.99,6.94,4.83,14.0,1.1013412404281553e-13
R2501,Uber,Uber X,2026-08-28,14:18:00,14:30:00,11.999999999999957,1500-392,2745-796,10.55,8.25,5.16,12.0,4.263256414560601e-14
R2502,Uber,Uber X,2026-08-28,14:22:00,14:39:00,17.0000000000001,2745-720,1050-106,12.89,8.94,6.05,17.0,9.947598300641403e-14
R2503,Uber,Uber X,2026-08-28,14:53:00,15:06:00,12.999999999999954,1500-301,1300-399,7.99,6.94,5.28,13.0,4.618527782440651e-14
R2504,Uber,Uber X,2026-08-28,15:10:00,15:18:00,8.000000000000131,1400-342,1349-019,3.01,4.96,3.43,8.0,1.3145040611561853e-13
R2505,Uber,Uber X,2026-08-28,15:22:00,15:39:00,16.99999999999994,1300-032,1500-650,10.18,7.94,5.43,17.0,6.039613253960852e-14
R2506,Uber,Uber X Priority,2026-08-28,16:20:00,16:32:00,12.000000000000277,1600-621,1700-008,6.39,8.21,5.47,12.0,2.7711166694643907e-13
R2507,Uber,Uber X,2026-08-28,16:59:00,17:27:00,27.9999999999999,1885-036,1250-246,13.61,9.96,7.65,28.0,9.947598300641403e-14
R2508,Uber,Uber X,2026-08-28,18:15:00,18:33:00,18.000000000000096,1050-124,2790-393,12.78,9.94,6.52,18.0,9.592326932761353e-14
R2509,Uber,Uber X Priority,2026-08-28,19:18:00,19:33:00,14.999999999999947,1400-203,1059-002,8.61,8.99,6.74,15.0,5.3290705182007514e-14
R2510,Uber,Uber X,2026-08-28,20:02:00,20:24:00,21.999999999999922,1750-356,2625-440,18.02,14.11,9.07,22.0,7.815970093361102e-14
R2511,Uber,Uber X,2026-08-29,14:29:00,14:47:00,18.000000000000096,2690-556,2650-130,18.4,9.93,9.37,18.0,9.592326932761353e-14
R2512,Uber,Uber X,2026-08-29,14:57:00,15:07:00,9.999999999999964,2700-488,1500-392,4.05,4.33,4.21,10.0,3.552713678800501e-14
R2513,Uber,Uber X,2026-08-29,15:47:00,15:55:00,7.999999999999972,2700-725,2610-054,4.19,5.31,5.16,8.0,2.842170943040401e-14
R2514,Uber,Uber X,2026-08-29,16:00:00,16:07:00,7.000000000000135,2610-120,1600-498,6.11,5.94,3.86,7.0,1.3500311979441904e-13
R2515,Uber,Uber X,2026-08-29,16:37:00,16:46:00,8.999999999999968,1750-144,1500-392,4.74,4.96,4.27,9.0,3.197442310920451e-14
R2516,Uber,Uber X,2026-08-29,17:24:00,17:38:00,13.99999999999995,1800-399,1050-054,8.11,9.02,5.81,14.0,4.973799150320701e-14
R2517,Uber,Uber X,2026-08-29,18:08:00,18:35:00,26.999999999999904,1400-038,1990-007,18.04,14.94,10.88,27.0,9.592326932761353e-14
R2518,Uber,Uber X,2026-08-29,18:40:00,19:01:00,20.999999999999925,1990-221,1349-018,14.95,11.93,7.75,21.0,7.460698725481052e-14
R2519,Uber,Uber X,2026-08-29,19:26:00,19:34:00,7.999999999999972,1349-019,1449-005,3.98,5.98,4.12,8.0,2.842170943040401e-14
R2520,Uber,Uber X,2026-08-29,19:44:00,20:03:00,18.999999999999932,1400-309,1950-034,14.35,9.95,6.6,19.0,6.750155989720952e-14
R2521,Bolt,Economy,2026-08-29,13:06:00,13:11:00,5.000000000000142,2615-364,2625-467,2.3,3.92,3.23,5.0,1.4210854715202004e-13
R2522,Bolt,Bolt,2026-08-29,13:14:00,13:41:00,27.000000000000064,2625-486,1990-186,15.6,11.76,11.02,27.0,6.394884621840902e-14
R2523,Bolt,Economy,2026-08-29,13:46:00,14:17:00,30.99999999999989,1990-007,2625-266,32.9,18.05,13.54,31.0,1.1013412404281553e-13
R2524,Bolt,Economy,2026-08-29,15:14:00,15:28:00,14.00000000000011,1500-392,1400-324,9.0,6.92,5.19,14.0,1.1013412404281553e-13
R2525,Bolt,Economy,2026-08-29,15:33:00,15:46:00,12.999999999999954,1300-253,2720-373,7.6,6.31,4.73,13.0,4.618527782440651e-14
R2526,Bolt,Bolt,2026-08-29,16:56:00,17:09:00,12.999999999999794,1500-392,1700-048,5.9,5.97,4.48,13.0,2.0605739337042905e-13
R2527,Bolt,Economy,2026-08-29,17:11:00,17:25:00,14.00000000000011,1700-093,1800-142,6.4,5.92,4.44,14.0,1.1013412404281553e-13
R2528,Bolt,Economy,2026-08-29,17:51:00,18:07:00,15.999999999999943,1750-072,1495-001,12.4,7.9,5.92,16.0,5.684341886080802e-14
R2529,Bolt,Bolt,2026-08-30,14:49:00,15:01:00,11.999999999999957,1990-034,1700-305,5.3,5.73,4.73,12.0,4.263256414560601e-14
R2530,Bolt,Economy,2026-08-30,16:29:00,16:42:00,12.999999999999954,1500-616,1600-461,6.8,7.72,5.79,13.0,4.618527782440651e-14
R2531,Uber,Uber X,2026-08-30,12:52:00,13:14:00,21.999999999999922,2615-151,2675-454,23.37,13.96,10.3,22.0,7.815970093361102e-14
R2532,Uber,Uber X,2026-08-30,13:20:00,13:29:00,8.999999999999968,2675-326,1500-392,7.73,5.96,4.73,9.0,3.197442310920451e-14
R2533,Uber,Uber X,2026-08-30,13:30:00,13:41:00,10.999999999999961,1500-392,1495-012,8.94,5.95,4.84,11.0,3.907985046680551e-14
R2534,Uber,Uber X,2026-08-30,13:40:00,13:47:00,6.999999999999975,1400-298,1400-069,5.59,4.94,4.26,7.0,2.4868995751603507e-14
R2535,Uber,Uber X,2026-08-30,14:08:00,14:22:00,13.99999999999995,1300-082,1050-053,9.57,7.94,5.5,14.0,4.973799150320701e-14
R2536,Uber,Uber X,2026-08-30,14:25:00,14:40:00,14.999999999999947,1050-047,1990-005,8.14,7.95,5.17,15.0,5.3290705182007514e-14
R2537,Uber,Uber X,2026-08-30,15:09:00,15:24:00,15.000000000000107,1990-207,1500-374,9.52,7.94,5.36,15.0,1.0658141036401503e-13
R2538,Uber,Uber X,2026-08-30,15:46:00,16:01:00,14.999999999999947,1600-548,1300-085,11.2,8.94,5.81,15.0,5.3290705182007514e-14
R2539,Uber,Uber X,2026-08-30,16:02:00,16:13:00,10.999999999999801,1400-027,2610-047,9.04,7.27,5.62,11.0,1.9895196601282805e-13
R2540,Uber,Uber X,2026-08-30,16:54:00,17:09:00,14.999999999999947,1600-404,2790-005,12.17,8.94,7.14,15.0,5.3290705182007514e-14
R2541,Uber,Uber X,2026-08-30,17:11:00,17:37:00,26.000000000000068,2790-101,2690-527,28.43,15.94,10.74,26.0,6.750155989720952e-14
